# OBJ generated by ONSHAPE BY PTC INC, 1.211 Units = meters
mtllib Part Studio 1 - Part 1.mtl
g Part 1
v 0.0420793 0 0.0045764 
v 0.0413378 0 0.00909914 
v 0.0401117 0 0.0135152 
v 0.0384153 0 0.0177728 
v 0.0362685 0 0.0218221 
v 0.0336966 0 0.0256155 
v 0.0307295 0 0.0291085 
v 0.0274022 0 0.0322603 
v 0.0237536 0 0.0350339 
v 0.0198265 0 0.0373968 
v 0.015667 0 0.0393212 
v 0.0113238 0 0.0407846 
v 0.00684781 0 0.0417698 
v 0.00229156 0 0.0422653 
v -0.00229156 0 0.0422653 
v -0.00684781 0 0.0417698 
v -0.0113238 0 0.0407846 
v -0.015667 0 0.0393212 
v -0.0198265 0 0.0373968 
v -0.0237536 0 0.0350339 
v -0.0274022 0 0.0322603 
v -0.0307295 0 0.0291085 
v -0.0336966 0 0.0256155 
v -0.0362685 0 0.0218221 
v -0.0384153 0 0.0177728 
v -0.0401117 0 0.0135152 
v -0.0413378 0 0.00909914 
v -0.0420793 0 0.0045764 
v -0.0423274 0 -2.59181e-18 
v -0.0420793 0 -0.0045764 
v -0.0413378 0 -0.00909914 
v -0.0401117 0 -0.0135152 
v -0.0384153 0 -0.0177728 
v -0.0362685 0 -0.0218221 
v -0.0336966 0 -0.0256155 
v -0.0307295 0 -0.0291085 
v -0.0274022 0 -0.0322603 
v -0.0237536 0 -0.0350339 
v -0.0198265 0 -0.0373968 
v -0.015667 0 -0.0393212 
v -0.0113238 0 -0.0407846 
v -0.00684781 0 -0.0417698 
v -0.00229156 0 -0.0422653 
v 0.00229156 0 -0.0422653 
v 0.00684781 0 -0.0417698 
v 0.0113238 0 -0.0407846 
v 0.015667 0 -0.0393212 
v 0.0198265 0 -0.0373968 
v 0.0237536 0 -0.0350339 
v 0.0274022 0 -0.0322603 
v 0.0307295 0 -0.0291085 
v 0.0336966 0 -0.0256155 
v 0.0362685 0 -0.0218221 
v 0.0384153 0 -0.0177728 
v 0.0401117 0 -0.0135152 
v 0.0413378 0 -0.00909914 
v 0.0420793 0 -0.0045764 
v 0.0423274 0 -7.77542e-18 
v 0 0 -2.59181e-18 
v -0.0413378 0.078 -0.00909914 
v -0.0401117 0.078 -0.0135152 
v -0.0384153 0.078 -0.0177728 
v -0.0362685 0.078 -0.0218221 
v -0.0336966 0.078 -0.0256155 
v -0.0307295 0.078 -0.0291085 
v -0.0274022 0.078 -0.0322603 
v -0.0237536 0.078 -0.0350339 
v -0.0198265 0.078 -0.0373968 
v -0.015667 0.078 -0.0393212 
v -0.0113238 0.078 -0.0407846 
v -0.00684781 0.078 -0.0417698 
v -0.00229156 0.078 -0.0422653 
v 0.00229156 0.078 -0.0422653 
v 0.00684781 0.078 -0.0417698 
v 0.0113238 0.078 -0.0407846 
v 0.015667 0.078 -0.0393212 
v 0.0198265 0.078 -0.0373968 
v 0.0237536 0.078 -0.0350339 
v 0.0274022 0.078 -0.0322603 
v 0.0307295 0.078 -0.0291085 
v 0.0336966 0.078 -0.0256155 
v 0.0362685 0.078 -0.0218221 
v 0.0384153 0.078 -0.0177728 
v 0.0401117 0.078 -0.0135152 
v 0.0413378 0.078 -0.00909914 
v 0.0420793 0.078 -0.0045764 
v 0.0423274 0.078 -1.81426e-17 
v 0.0420793 0.078 0.0045764 
v 0.0413378 0.078 0.00909914 
v 0.0401117 0.078 0.0135152 
v 0.0384153 0.078 0.0177728 
v 0.0362685 0.078 0.0218221 
v 0.0336966 0.078 0.0256155 
v 0.0307295 0.078 0.0291085 
v 0.0274022 0.078 0.0322603 
v 0.0237536 0.078 0.0350339 
v 0.0198265 0.078 0.0373968 
v 0.015667 0.078 0.0393212 
v 0.0113238 0.078 0.0407846 
v 0.00684781 0.078 0.0417698 
v 0.00229156 0.078 0.0422653 
v -0.00229156 0.078 0.0422653 
v -0.00684781 0.078 0.0417698 
v -0.0113238 0.078 0.0407846 
v -0.015667 0.078 0.0393212 
v -0.0198265 0.078 0.0373968 
v -0.0237536 0.078 0.0350339 
v -0.0274022 0.078 0.0322603 
v -0.0307295 0.078 0.0291085 
v -0.0336966 0.078 0.0256155 
v -0.0362685 0.078 0.0218221 
v -0.0384153 0.078 0.0177728 
v -0.0401117 0.078 0.0135152 
v -0.0413378 0.078 0.00909914 
v -0.0421008 0.00445834 -0.00437406 
v -0.0420937 0.00461125 -0.00444079 
v -0.0420808 0.00488955 -0.00456222 
v -0.0421244 0.00404004 -0.00414002 
v -0.0421108 0.00428192 -0.00427536 
v -0.0421354 0.00386811 -0.00402712 
v -0.0421293 0.00396383 -0.00408998 
v -0.042162 0.00348997 -0.00373884 
v -0.0421495 0.00366671 -0.00387358 
v -0.0421896 0.00313938 -0.00341245 
v -0.0421703 0.00338413 -0.00364031 
v -0.0422176 0.00281745 -0.0030468 
v -0.0422124 0.00287704 -0.00311449 
v -0.0422539 0.00243663 -0.0024939 
v -0.0422333 0.00264992 -0.00281702 
v -0.0422284 0.00270066 -0.00289388 
v -0.0422769 0.00221193 -0.00206765 
v -0.04227 0.00227889 -0.00219468 
v -0.0422966 0.00202781 -0.00161441 
v -0.0422856 0.00213009 -0.0018662 
v -0.0423034 0.0019662 -0.00142574 
v -0.0422996 0.00200046 -0.00153066 
v -0.0423102 0.00190561 -0.00118498 
v -0.0423165 0.00184954 -0.000962194 
v -0.0423246 0.00177839 -0.00048709 
v -0.0423186 0.00183067 -0.000836175 
v -0.0423274 0.00175411 -2.59181e-18 
v -0.0423267 0.00176062 -0.000130497 
v -0.0423229 0.00179302 0.00061619 
v -0.0423252 0.00177285 0.000355959 
v -0.0423272 0.00175612 0.000140096 
v -0.0423134 0.00187688 0.00108981 
v -0.042321 0.00180974 0.000710625 
v -0.0423079 0.00192524 0.00128343 
v -0.0422917 0.00207289 0.00173817 
v -0.0423035 0.00196528 0.00140676 
v -0.0422713 0.00226543 0.00217884 
v -0.0422762 0.00221946 0.00207363 
v -0.0422472 0.00250436 0.00260494 
v -0.0422574 0.00240336 0.00242481 
v -0.0422112 0.00288881 0.00313441 
v -0.0422159 0.00283807 0.00306712 
v -0.0422379 0.00260034 0.00275177 
v -0.0421834 0.00321495 0.0034884 
v -0.0421934 0.0030971 0.00336049 
v -0.0421553 0.00357979 0.00381273 
v -0.042171 0.00337645 0.00363197 
v -0.0421209 0.00409832 0.00417597 
v -0.0421279 0.0039899 0.00410263 
v -0.0421464 0.00370475 0.00390974 
v -0.0420978 0.00451718 0.00440275 
v -0.0421086 0.00432121 0.00429665 
v -0.0420793 0.00493184 0.00457639 
v -0.0420912 0.00466449 0.00446444 
v -0.0420793 0.078 0.0045764 
v -0.0421005 0.0697465 0.00437674 
v -0.0420912 0.0695456 0.0044642 
v -0.0420806 0.069316 0.00456416 
v -0.0421241 0.0701641 0.00414352 
v -0.0421086 0.0698888 0.00429723 
v -0.0421352 0.0703383 0.00402923 
v -0.0421278 0.0702217 0.0041057 
v -0.0421617 0.0707158 0.00374149 
v -0.042149 0.0705343 0.00387986 
v -0.0421894 0.071066 0.00341563 
v -0.0421709 0.0708326 0.00363281 
v -0.0422173 0.0713876 0.00305048 
v -0.0421934 0.0711129 0.00336232 
v -0.0422537 0.0717695 0.0024961 
v -0.0422369 0.0715948 0.00276071 
v -0.0422282 0.0715055 0.00289606 
v -0.0422768 0.0719941 0.00206978 
v -0.0422575 0.0718062 0.00242633 
v -0.0422965 0.0721782 0.00161636 
v -0.0422909 0.0721261 0.00174468 
v -0.0423274 0.078 -2.59181e-18 
v -0.0423164 0.0723566 0.000963531 
v -0.0423137 0.0723319 0.00106164 
v -0.0423033 0.0722398 0.00142766 
v -0.0423246 0.0724279 0.000487783 
v -0.0423208 0.0723945 0.000710479 
v -0.0423274 0.0724522 -2.59181e-18 
v -0.0423254 0.0724344 0.000356187 
v -0.0420779 0.00496195 0.004589 
v -0.0420584 0.00557329 0.0047646 
v -0.0420641 0.00538119 0.00471311 
v -0.0420719 0.00512303 0.00464391 
v -0.0420497 0.00603427 0.0048408 
v -0.0420551 0.00574934 0.0047937 
v -0.0420462 0.00650642 0.00487134 
v -0.042049 0.00612101 0.00484641 
v -0.0420504 0.00716786 0.00483439 
v -0.0420473 0.00681589 0.0048617 
v -0.0420463 0.00671034 0.00486989 
v -0.0420596 0.00762192 0.00475398 
v -0.0420581 0.00755047 0.00476663 
v -0.0420597 0.0665856 0.00475276 
v -0.0420737 0.00807267 0.00462717 
v -0.0420685 0.0079072 0.00467372 
v -0.0420685 0.0663058 0.00467385 
v -0.0420793 0.00821229 0.0045764 
v -0.0420737 0.0661411 0.00462742 
v -0.0420792 0.0660107 0.00457639 
v -0.0420504 0.067047 0.00483468 
v -0.0420582 0.0666624 0.00476639 
v -0.0420462 0.0677272 0.00487098 
v -0.0420473 0.0673964 0.00486118 
v -0.0420478 0.067269 0.00485741 
v -0.0420498 0.0681879 0.00483961 
v -0.0420491 0.0680908 0.00484621 
v -0.0420587 0.0686514 0.00476172 
v -0.0420551 0.0684621 0.00479352 
v -0.0420793 0.0692782 0.0045764 
v -0.0420762 0.0691924 0.00460416 
v -0.0420648 0.0688733 0.0047074 
v -0.0422936 0.0631657 0.00169231 
v -0.0421023 0.00870996 0.00435945 
v -0.0420967 0.00859249 0.00441224 
v -0.0421255 0.00911221 0.00412892 
v -0.0421142 0.0089157 0.00424154 
v -0.0420824 0.00829049 0.00454796 
v -0.0423273 0.062871 8.34976e-05 
v -0.0423255 0.0113258 0.000403654 
v -0.0423196 0.0112753 0.000791719 
v -0.042327 0.0113386 -1.53636e-09 
v -0.0423267 0.0113359 8.56784e-05 
v -0.042327 0.0628737 1.5224e-09 
v -0.0421515 0.00949676 0.00385476 
v -0.0421332 0.00922507 0.00404846 
v -0.0421923 0.0100146 0.00337912 
v -0.0421743 0.00979222 0.0035937 
v -0.042165 0.00967704 0.00370482 
v -0.0422196 0.0103216 0.00301846 
v -0.0421954 0.0100496 0.00333797 
v -0.0422461 0.0105967 0.00262159 
v -0.0422357 0.0104882 0.00277816 
v -0.0422799 0.010922 0.00200469 
v -0.0422721 0.0108478 0.00215348 
v -0.0422573 0.0107075 0.00243434 
v -0.0422989 0.011095 0.00155232 
v -0.0422875 0.0109911 0.00182404 
v -0.0423096 0.0630229 0.00122583 
v -0.0423137 0.0112249 0.00107662 
v -0.0423117 0.0112072 0.00114149 
v -0.042301 0.0111129 0.00148678 
v -0.0423234 0.062904 0.000579424 
v -0.0423245 0.0628947 0.000439067 
v -0.0423181 0.0112629 0.000886437 
v -0.0423116 0.0630059 0.00114156 
v -0.0423208 0.0629268 0.000749242 
v -0.0423007 0.0631025 0.00148579 
v -0.0422729 0.0633565 0.0021482 
v -0.0422876 0.0632209 0.00182409 
v -0.0422411 0.0636672 0.00270194 
v -0.0422547 0.0635333 0.00247195 
v -0.0422655 0.063426 0.0022875 
v -0.0422144 0.0639486 0.00309124 
v -0.0422358 0.0637231 0.00277921 
v -0.0421862 0.064271 0.00345466 
v -0.0421954 0.0641656 0.0033359 
v -0.0421533 0.0646941 0.00383358 
v -0.0421767 0.0643862 0.00356807 
v -0.042124 0.0651256 0.00414459 
v -0.0421332 0.0649884 0.00404807 
v -0.0421497 0.0647414 0.00387435 
v -0.0420918 0.0657128 0.00445983 
v -0.0420964 0.0656192 0.0044155 
v -0.0420814 0.065958 0.00455577 
v -0.0421004 0.0655399 0.00437793 
v -0.0421142 0.0652975 0.00424143 
v -0.0422935 0.0110462 -0.00169403 
v -0.0420823 0.0659233 -0.00454824 
v -0.0420793 0.0660003 -0.00457621 
v -0.0420952 0.0656528 -0.00442672 
v -0.0421255 0.0651014 -0.0041292 
v -0.0421131 0.0653159 -0.00425212 
v -0.0421023 0.0655038 -0.00435974 
v -0.0423273 0.0113413 -8.58553e-05 
v -0.0423255 0.0628868 -0.000405685 
v -0.0423222 0.0629144 -0.000616832 
v -0.0423181 0.0629498 -0.000888138 
v -0.042326 0.0628822 -0.000261846 
v -0.0421515 0.0647167 -0.00385499 
v -0.0421329 0.064992 -0.00405122 
v -0.0421922 0.0641993 -0.00338003 
v -0.0421764 0.064395 -0.0035687 
v -0.0421649 0.0645372 -0.00370581 
v -0.0422196 0.063892 -0.00301927 
v -0.0421989 0.0641243 -0.00329194 
v -0.0422461 0.0636165 -0.0026223 
v -0.042242 0.0636593 -0.00268386 
v -0.0422798 0.0632914 -0.00200651 
v -0.0422621 0.0634601 -0.00234376 
v -0.0422572 0.0635062 -0.00243608 
v -0.0422989 0.0631182 -0.00155425 
v -0.0422946 0.0631573 -0.0016562 
v -0.0423096 0.0111892 -0.00122737 
v -0.0423137 0.0629881 -0.0010787 
v -0.0423063 0.0630529 -0.00131568 
v -0.0423259 0.0113296 -0.00026163 
v -0.0423162 0.0629662 -0.000969804 
v -0.0423234 0.0113081 -0.000582091 
v -0.0423156 0.0112414 -0.000968817 
v -0.0423207 0.0112855 -0.00075053 
v -0.0423065 0.011162 -0.00131623 
v -0.0420793 0.0660008 -0.0045764 
v -0.0422728 0.0108553 -0.00215002 
v -0.0422802 0.0109235 -0.00198707 
v -0.042241 0.0105448 -0.0027032 
v -0.0422622 0.0107539 -0.00234418 
v -0.0422655 0.0107861 -0.00228887 
v -0.0422143 0.0102636 -0.00309233 
v -0.0422212 0.0103363 -0.00299171 
v -0.0421861 0.00994119 -0.00345556 
v -0.0421989 0.0100875 -0.0032907 
v -0.0421541 0.00952987 -0.00382418 
v -0.0421766 0.00982498 -0.00356991 
v -0.0421239 0.00908581 -0.0041457 
v -0.0421329 0.00922093 -0.00405077 
v -0.0421496 0.00946994 -0.00387582 
v -0.0420916 0.00849646 -0.00446156 
v -0.0420949 0.00856206 -0.00443055 
v -0.0420792 0.00820216 -0.00457639 
v -0.0420796 0.00821141 -0.00457278 
v -0.0421003 0.0086717 -0.00437873 
v -0.0421131 0.00889718 -0.00425185 
v -0.042078 0.0692517 -0.00458797 
v -0.0420793 0.0692792 -0.00457639 
v -0.0420584 0.06864 -0.0047642 
v -0.0420664 0.0689054 -0.00469289 
v -0.0420719 0.0690892 -0.00464349 
v -0.0420497 0.0681799 -0.00484053 
v -0.0420566 0.0685455 -0.00477987 
v -0.0420462 0.0677087 -0.0048713 
v -0.0420469 0.067808 -0.00486481 
v -0.0420504 0.0670458 -0.00483452 
v -0.0420466 0.0674666 -0.00486711 
v -0.0420463 0.0675027 -0.00486991 
v -0.0420596 0.0665922 -0.00475426 
v -0.0420569 0.0667245 -0.00477768 
v -0.0420736 0.00806804 -0.00462872 
v -0.0420737 0.0661417 -0.00462762 
v -0.0420668 0.0663599 -0.00468895 
v -0.0420596 0.00762339 -0.00475364 
v -0.0420668 0.00785316 -0.00468909 
v -0.0420503 0.00716173 -0.00483516 
v -0.0420569 0.00748827 -0.0047775 
v -0.0420462 0.00647952 -0.00487087 
v -0.0420471 0.0067457 -0.0048633 
v -0.0420477 0.00693828 -0.00485782 
v -0.0420499 0.00601819 -0.00483893 
v -0.0420468 0.00640406 -0.00486565 
v -0.0420589 0.00555404 -0.0047604 
v -0.0420567 0.00566602 -0.00477934 
v -0.0420793 0.00493326 -0.00457639 
v -0.0420786 0.0049524 -0.0045826 
v -0.042065 0.00533316 -0.00470611 
v -0.0423272 0.0724502 -0.000139954 
v -0.0423272 0.0724503 -0.000130736 
v -0.0423229 0.0724132 -0.00061682 
v -0.0423241 0.0724235 -0.000483966 
v -0.0420793 0.078 -0.0045764 
v -0.0423133 0.0723293 -0.00109118 
v -0.0423185 0.0723745 -0.000835908 
v -0.042308 0.0722816 -0.00128225 
v -0.0423107 0.0723056 -0.0011862 
v -0.0422917 0.0721341 -0.0017376 
v -0.0422992 0.0722016 -0.0015293 
v -0.0422713 0.0719417 -0.00217882 
v -0.0422857 0.0720778 -0.00186667 
v -0.0422471 0.0717029 -0.00260537 
v -0.0422524 0.0717548 -0.00251265 
v -0.0422113 0.0713203 -0.00313317 
v -0.0422333 0.071558 -0.00281712 
v -0.042238 0.0716083 -0.00275033 
v -0.0421835 0.0709947 -0.00348731 
v -0.0421914 0.0710874 -0.00338651 
v -0.0421554 0.0706305 -0.00381176 
v -0.0421703 0.0708238 -0.00363955 
v -0.042121 0.0701133 -0.00417482 
v -0.0421295 0.0702433 -0.00408669 
v -0.0421466 0.070506 -0.00390863 
v -0.0420979 0.0696954 -0.00440162 
v -0.0421108 0.069928 -0.00427542 
v -0.0420936 0.0695995 -0.0044419 
v -0.0457439 0.00151099 0 
v -0.0457421 0.00152393 0.000356411 
v -0.0501178 0.00134121 0.000356411 
v -0.045737 0.00156274 0.000711291 
v -0.0501113 0.00137981 0.000711291 
v -0.0457284 0.00162724 0.00106253 
v -0.0501005 0.00144399 0.00106253 
v -0.0457164 0.00171713 0.0014082 
v -0.0500854 0.00153341 0.0014082 
v -0.0457011 0.00183194 0.00174643 
v -0.0500662 0.00164763 0.00174643 
v -0.0456825 0.00197109 0.00207537 
v -0.0500428 0.00178606 0.00207537 
v -0.0456582 0.00215332 0.00242776 
v -0.0500122 0.00196736 0.00242776 
v -0.0456302 0.00236307 0.00276347 
v -0.0499771 0.00217603 0.00276347 
v -0.0456 0.00258981 0.00306919 
v -0.049939 0.0024016 0.00306919 
v -0.0455656 0.00284731 0.00336425 
v -0.0498958 0.00265778 0.00336425 
v -0.0455284 0.00312659 0.00363654 
v -0.049849 0.00293562 0.00363654 
v -0.0454885 0.00342546 0.00388438 
v -0.0497989 0.00323295 0.00388438 
v -0.0454463 0.00374182 0.00410652 
v -0.0497458 0.00354769 0.00410652 
v -0.0454021 0.00407352 0.00430184 
v -0.0496902 0.00387767 0.00430184 
v -0.0453561 0.00441832 0.00446942 
v -0.0496323 0.0042207 0.00446942 
v -0.0453087 0.00477399 0.0046085 
v -0.0495727 0.00457454 0.0046085 
v -0.0452601 0.00513821 0.00471851 
v -0.0495116 0.00493688 0.00471851 
v -0.0452107 0.00550868 0.00479907 
v -0.0494494 0.00530545 0.00479907 
v -0.0451608 0.00588309 0.00484996 
v -0.0493866 0.00567793 0.00484996 
v -0.0451106 0.00625913 0.00487115 
v -0.0493236 0.00605203 0.00487115 
v -0.0450674 0.0065833 0.00486566 
v -0.0492692 0.00637454 0.00486566 
v -0.0450177 0.00695622 0.00483204 
v -0.0492066 0.00674554 0.00483204 
v -0.0449685 0.00732442 0.00476958 
v -0.0491449 0.00711184 0.00476958 
v -0.0449204 0.00768566 0.00467894 
v -0.0490843 0.00747122 0.00467894 
v -0.0448734 0.00803786 0.00456088 
v -0.0490252 0.00782161 0.00456088 
v -0.0448279 0.00837903 0.00441637 
v -0.048968 0.00816102 0.00441637 
v -0.0447841 0.00870725 0.00424648 
v -0.0489129 0.00848755 0.00424648 
v -0.0447423 0.00902072 0.00405243 
v -0.0488604 0.00879942 0.00405243 
v -0.0447027 0.00931776 0.00383559 
v -0.0488105 0.00909492 0.00383559 
v -0.0446655 0.00959679 0.00359742 
v -0.0487637 0.00937251 0.00359742 
v -0.0446309 0.00985636 0.00333949 
v -0.0487202 0.00963075 0.00333949 
v -0.044599 0.0100952 0.00306349 
v -0.0486801 0.00986835 0.00306349 
v -0.044571 0.010305 0.00278144 
v -0.048645 0.0100771 0.00278144 
v -0.044545 0.0104999 0.0024749 
v -0.0486123 0.010271 0.0024749 
v -0.0445222 0.0106709 0.00215586 
v -0.0485836 0.0104411 0.00215586 
v -0.0445027 0.0108173 0.00182609 
v -0.048559 0.0105868 0.00182609 
v -0.0444865 0.0109388 0.00148755 
v -0.0485386 0.0107076 0.00148755 
v -0.0444737 0.0110348 0.00114225 
v -0.0485225 0.0108031 0.00114225 
v -0.0444643 0.0111051 0.000792204 
v -0.0485107 0.0108731 0.000792204 
v -0.0444584 0.0111497 0.000439406 
v -0.0485033 0.0109175 0.000439406 
v -0.0444559 0.0111687 8.58529e-05 
v -0.0485001 0.0109363 8.58529e-05 
v -0.0444567 0.0111624 -0.00026201 
v -0.0485011 0.0109301 -0.00026201 
v -0.044461 0.0111305 -0.000617603 
v -0.0485065 0.0108983 -0.000617603 
v -0.0444687 0.0110727 -0.00096999 
v -0.0485162 0.0108409 -0.00096999 
v -0.0444797 0.0109895 -0.00131732 
v -0.0485301 0.0107581 -0.00131732 
v -0.0444942 0.0108813 -0.0016577 
v -0.0485483 0.0106504 -0.0016577 
v -0.0445119 0.0107485 -0.00198928 
v -0.0485706 0.0105183 -0.00198928 
v -0.0445353 0.0105729 -0.00234556 
v -0.0486 0.0103436 -0.00234556 
v -0.0445625 0.0103694 -0.00268567 
v -0.0486342 0.0101411 -0.00268567 
v -0.0445918 0.0101496 -0.00299439 
v -0.048671 0.00992244 -0.00299439 
v -0.0446254 0.00989761 -0.00329474 
v -0.0487133 0.00967179 -0.00329474 
v -0.0446619 0.00962338 -0.00357274 
v -0.0487593 0.00939897 -0.00357274 
v -0.0447012 0.00932906 -0.00382663 
v -0.0488086 0.00910617 -0.00382663 
v -0.0447428 0.00901675 -0.00405511 
v -0.048861 0.00879546 -0.00405511 
v -0.0447866 0.00868857 -0.00425702 
v -0.0489161 0.00846897 -0.00425702 
v -0.0448322 0.00834673 -0.00443139 
v -0.0489734 0.0081289 -0.00443139 
v -0.0448793 0.00799349 -0.00457744 
v -0.0490327 0.00777747 -0.00457744 
v -0.0449276 0.00763113 -0.00469454 
v -0.0490934 0.00741698 -0.00469454 
v -0.0449769 0.00726196 -0.00478227 
v -0.0491554 0.00704971 -0.00478227 
v -0.0450267 0.0068883 -0.00484036 
v -0.049218 0.00667797 -0.00484036 
v -0.0450768 0.00651244 -0.00486874 
v -0.0492811 0.00630405 -0.00486874 
v -0.0451228 0.00616797 -0.00486874 
v -0.0493389 0.00596134 -0.00486874 
v -0.0451726 0.00579437 -0.00484062 
v -0.0494015 0.00558966 -0.00484062 
v -0.0452219 0.00542509 -0.00478357 
v -0.0494635 0.00522229 -0.00478357 
v -0.0452702 0.00506237 -0.00469819 
v -0.0495243 0.00486144 -0.00469819 
v -0.0453174 0.00470831 -0.00458525 
v -0.0495837 0.0045092 -0.00458525 
v -0.0453632 0.00436491 -0.00444565 
v -0.0496413 0.00416756 -0.00444565 
v -0.0454074 0.0040341 -0.00428046 
v -0.0496968 0.00383846 -0.00428046 
v -0.0454496 0.00371771 -0.00409089 
v -0.0497498 0.00352369 -0.00409089 
v -0.0454896 0.00341744 -0.00387824 
v -0.0498002 0.00322497 -0.00387824 
v -0.0455273 0.00313489 -0.00364398 
v -0.0498476 0.00294388 -0.00364398 
v -0.0455624 0.00287154 -0.00338966 
v -0.0498918 0.00268188 -0.00338966 
v -0.0455948 0.0026287 -0.00311694 
v -0.0499325 0.00244029 -0.00311694 
v -0.0456251 0.00240159 -0.00281905 
v -0.0499706 0.00221435 -0.00281905 
v -0.0456514 0.00220397 -0.00251456 
v -0.0500038 0.00201775 -0.00251456 
v -0.0456746 0.00202993 -0.00219702 
v -0.0500329 0.0018446 -0.00219702 
v -0.0456946 0.00188029 -0.0018685 
v -0.050058 0.00169573 -0.0018685 
v -0.0457112 0.00175564 -0.00153097 
v -0.050079 0.00157172 -0.00153097 
v -0.0457245 0.00165638 -0.00118642 
v -0.0500956 0.00147297 -0.00118642 
v -0.0457343 0.00158277 -0.000836864 
v -0.0501079 0.00139975 -0.000836864 
v -0.0457407 0.00153491 -0.000484304 
v -0.050116 0.00135213 -0.000484304 
v -0.0457436 0.00151273 -0.000130737 
v -0.0501197 0.00133006 -0.000130737 
v -0.05012 0.00132833 0 
v -0.0536724 0.00130405 0 
v -0.0536698 0.00131685 0.000356411 
v -0.0571431 0.00142118 0.000356411 
v -0.0536621 0.00135523 0.000711291 
v -0.0571339 0.00145926 0.000711291 
v -0.0536491 0.00141903 0.00106253 
v -0.0571185 0.00152254 0.00106253 
v -0.0536311 0.00150793 0.0014082 
v -0.0570971 0.00161072 0.0014082 
v -0.053608 0.00162149 0.00174643 
v -0.0570698 0.00172336 0.00174643 
v -0.0535801 0.00175912 0.00207537 
v -0.0570367 0.00185988 0.00207537 
v -0.0535435 0.00193936 0.00242776 
v -0.0569933 0.00203866 0.00242776 
v -0.0535015 0.00214682 0.00276347 
v -0.0569434 0.00224444 0.00276347 
v -0.053456 0.00237108 0.00306919 
v -0.0568895 0.00246688 0.00306919 
v -0.0534043 0.00262576 0.00336425 
v -0.0568282 0.00271951 0.00336425 
v -0.0533482 0.002902 0.00363654 
v -0.0567617 0.00299351 0.00363654 
v -0.0532883 0.0031976 0.00388438 
v -0.0566906 0.00328672 0.00388438 
v -0.0532248 0.0035105 0.00410652 
v -0.0566153 0.00359709 0.00410652 
v -0.0531582 0.00383857 0.00430184 
v -0.0565364 0.0039225 0.00430184 
v -0.053089 0.00417961 0.00446942 
v -0.0564543 0.00426078 0.00446942 
v -0.0530177 0.00453138 0.0046085 
v -0.0563697 0.00460971 0.0046085 
v -0.0529446 0.00489162 0.00471851 
v -0.056283 0.00496704 0.00471851 
v -0.0528702 0.00525805 0.00479907 
v -0.0561948 0.0053305 0.00479907 
v -0.0527951 0.00562836 0.00484996 
v -0.0561057 0.00569782 0.00484996 
v -0.0527196 0.00600029 0.00487115 
v -0.0560163 0.00606674 0.00487115 
v -0.0526546 0.00632093 0.00486566 
v -0.0559391 0.00638478 0.00486566 
v -0.0525797 0.00668977 0.00483204 
v -0.0558504 0.00675063 0.00483204 
v -0.0525059 0.00705394 0.00476958 
v -0.0557627 0.00711186 0.00476958 
v -0.0524334 0.00741123 0.00467894 
v -0.0556768 0.00746626 0.00467894 
v -0.0523627 0.00775959 0.00456088 
v -0.055593 0.0078118 0.00456088 
v -0.0522942 0.00809702 0.00441637 
v -0.0555118 0.00814651 0.00441637 
v -0.0554337 0.00846851 0.00424648 
v -0.0553591 0.00877605 0.00405243 
v -0.0552884 0.00906747 0.00383559 
v -0.055222 0.00934121 0.00359742 
v -0.0551602 0.00959587 0.00333949 
v -0.0551034 0.00983017 0.00306349 
v -0.0550534 0.010036 0.00278144 
v -0.0550071 0.0102272 0.0024749 
v -0.0549664 0.0103949 0.00215586 
v -0.0549315 0.0105387 0.00182609 
v -0.0549026 0.0106578 0.00148755 
v -0.0548798 0.010752 0.00114225 
v -0.054863 0.010821 0.000792204 
v -0.0548524 0.0108648 0.000439406 
v -0.0548479 0.0108833 8.58529e-05 
v -0.0548494 0.0108772 -0.00026201 
v -0.054857 0.0108458 -0.000617603 
v -0.0548707 0.0107892 -0.00096999 
v -0.0548905 0.0107076 -0.00131732 
v -0.0549163 0.0106014 -0.0016577 
v -0.0549479 0.0104711 -0.00198928 
v -0.0549897 0.0102988 -0.00234556 
v -0.0550381 0.0100992 -0.00268567 
v -0.0550904 0.00988352 -0.00299439 
v -0.0551504 0.00963634 -0.00329474 
v -0.0552156 0.0093673 -0.00357274 
v -0.0552857 0.00907856 -0.00382663 
v -0.05536 0.00877215 -0.00405511 
v -0.0554381 0.00845019 -0.00425702 
v -0.0523007 0.00806508 -0.00443139 
v -0.0523716 0.0077157 -0.00457744 
v -0.0556035 0.00776827 -0.00457744 
v -0.0555195 0.00811482 -0.00443139 
v -0.0524443 0.0073573 -0.00469454 
v -0.0556898 0.00741277 -0.00469454 
v -0.0525184 0.00699217 -0.00478227 
v -0.0557776 0.00705059 -0.00478227 
v -0.0525934 0.00662259 -0.00484036 
v -0.0558665 0.006684 -0.00484036 
v -0.0526688 0.00625084 -0.00486874 
v -0.055956 0.00631526 -0.00486874 
v -0.0527379 0.00591013 -0.00486874 
v -0.056038 0.0059773 -0.00486874 
v -0.0528129 0.00554061 -0.00484062 
v -0.0561269 0.00561078 -0.00484062 
v -0.052887 0.00517537 -0.00478357 
v -0.0562147 0.00524849 -0.00478357 
v -0.0529598 0.00481662 -0.00469819 
v -0.0563011 0.00489264 -0.00469819 
v -0.0530308 0.00446642 -0.00458525 
v -0.0563853 0.00454528 -0.00458525 
v -0.0530997 0.00412678 -0.00444565 
v -0.056467 0.00420838 -0.00444565 
v -0.0531661 0.00379958 -0.00428046 
v -0.0565458 0.00388383 -0.00428046 
v -0.0532296 0.00348665 -0.00409089 
v -0.0566211 0.00357343 -0.00409089 
v -0.0532899 0.00318966 -0.00387824 
v -0.0566925 0.00327885 -0.00387824 
v -0.0533466 0.00291021 -0.00364398 
v -0.0567598 0.00300165 -0.00364398 
v -0.0533994 0.00264973 -0.00338966 
v -0.0568224 0.00274328 -0.00338966 
v -0.0534481 0.00240955 -0.00311694 
v -0.0568802 0.00250504 -0.00311694 
v -0.0534937 0.00218492 -0.00281905 
v -0.0569343 0.00228223 -0.00281905 
v -0.0535334 0.00198946 -0.00251456 
v -0.0569813 0.00208835 -0.00251456 
v -0.0535683 0.00181732 -0.00219702 
v -0.0570227 0.0019176 -0.00219702 
v -0.0535983 0.00166931 -0.0018685 
v -0.0570583 0.0017708 -0.0018685 
v -0.0536233 0.00154602 -0.00153097 
v -0.057088 0.0016485 -0.00153097 
v -0.0536433 0.00144785 -0.00118642 
v -0.0571116 0.00155112 -0.00118642 
v -0.053658 0.00137505 -0.000836864 
v -0.0571291 0.00147891 -0.000836864 
v -0.0536676 0.00132771 -0.000484304 
v -0.0571405 0.00143196 -0.000484304 
v -0.0536721 0.00130577 -0.000130737 
v -0.0571458 0.0014102 -0.000130737 
v -0.0571462 0.00140849 0 
v -0.0600373 0.0016084 0 
v -0.0600338 0.00162098 0.000356411 
v -0.0628596 0.00193114 0.000356411 
v -0.0600232 0.00165869 0.000711291 
v -0.0628475 0.00196839 0.000711291 
v -0.0600055 0.00172138 0.00106253 
v -0.0628274 0.0020303 0.00106253 
v -0.059981 0.00180874 0.0014082 
v -0.0627993 0.00211658 0.0014082 
v -0.0599496 0.00192032 0.00174643 
v -0.0627634 0.00222678 0.00174643 
v -0.0627199 0.00236034 0.00207537 
v -0.062663 0.00253526 0.00242776 
v -0.0625975 0.00273659 0.00276347 
v -0.0625266 0.00295422 0.00306919 
v -0.0624462 0.00320139 0.00336425 
v -0.062359 0.00346946 0.00363654 
v -0.0622656 0.00375633 0.00388438 
v -0.0621667 0.00405999 0.00410652 
v -0.0620631 0.00437836 0.00430184 
v -0.0619554 0.00470932 0.00446942 
v -0.0618443 0.00505071 0.0046085 
v -0.0617305 0.0054003 0.00471851 
v -0.0616148 0.0057559 0.00479907 
v -0.0614978 0.00611528 0.00484996 
v -0.0613803 0.00647622 0.00487115 
v -0.061279 0.00678738 0.00486566 
v -0.0611625 0.00714532 0.00483204 
v -0.0610475 0.00749874 0.00476958 
v -0.0609346 0.00784548 0.00467894 
v -0.0608246 0.00818354 0.00456088 
v -0.060718 0.00851101 0.00441637 
v -0.0606155 0.00882605 0.00424648 
v -0.0605176 0.00912694 0.00405243 
v -0.0604248 0.00941205 0.00383559 
v -0.0603376 0.00967987 0.00359742 
v -0.0602565 0.00992903 0.00333949 
v -0.0601819 0.0101583 0.00306349 
v -0.0601163 0.0103597 0.00278144 
v -0.0600554 0.0105467 0.0024749 
v -0.060002 0.0107108 0.00215586 
v -0.0599563 0.0108514 0.00182609 
v -0.0599183 0.010968 0.00148755 
v -0.0598883 0.0110602 0.00114225 
v -0.0598664 0.0111277 0.000792204 
v -0.0598524 0.0111705 0.000439406 
v -0.0598465 0.0111886 8.58529e-05 
v -0.0598485 0.0111827 -0.00026201 
v -0.0598584 0.011152 -0.000617603 
v -0.0598765 0.0110966 -0.00096999 
v -0.0599025 0.0110167 -0.00131732 
v -0.0599363 0.0109128 -0.0016577 
v -0.0599778 0.0107853 -0.00198928 
v -0.0600326 0.0106168 -0.00234556 
v -0.0600962 0.0104214 -0.00268567 
v -0.0601649 0.0102104 -0.00299439 
v -0.0602436 0.00996862 -0.00329474 
v -0.0603293 0.0097054 -0.00357274 
v -0.0604212 0.0094229 -0.00382663 
v -0.0605188 0.00912312 -0.00405511 
v -0.0606213 0.00880812 -0.00425702 
v -0.0607281 0.00848001 -0.00443139 
v -0.0608385 0.00814095 -0.00457744 
v -0.0609517 0.00779314 -0.00469454 
v -0.061067 0.00743879 -0.00478227 
v -0.0611837 0.00708013 -0.00484036 
v -0.0613012 0.00671937 -0.00486874 
v -0.0614088 0.00638872 -0.00486874 
v -0.0615255 0.00603012 -0.00484062 
v -0.0616409 0.00567567 -0.00478357 
v -0.0617542 0.00532752 -0.00469819 
v -0.0618648 0.00498766 -0.00458525 
v -0.0619721 0.00465805 -0.00444565 
v -0.0620754 0.00434053 -0.00428046 
v -0.0621743 0.00403683 -0.00409089 
v -0.0622681 0.00374862 -0.00387824 
v -0.0623564 0.00347742 -0.00364398 
v -0.0624386 0.00322464 -0.00338966 
v -0.0625145 0.00299156 -0.00311694 
v -0.0625854 0.00277356 -0.00281905 
v -0.0626472 0.00258388 -0.00251456 
v -0.0627016 0.00241682 -0.00219702 
v -0.0599363 0.0019673 -0.0018685 
v -0.0599704 0.00184616 -0.00153097 
v -0.0627873 0.00215354 -0.00153097 
v -0.0627483 0.00227319 -0.0018685 
v -0.0599976 0.00174969 -0.00118642 
v -0.0628183 0.00205827 -0.00118642 
v -0.0600177 0.00167816 -0.000836864 
v -0.0628413 0.00198762 -0.000836864 
v -0.0600308 0.00163165 -0.000484304 
v -0.0628562 0.00194168 -0.000484304 
v -0.0600368 0.00161009 -0.000130737 
v -0.0628631 0.00192039 -0.000130737 
v -0.0628637 0.00191872 0 
v -0.0673106 0.00269215 0.000356411 
v -0.0672957 0.00272835 0.000711291 
v -0.0672709 0.00278854 0.00106253 
v -0.0672364 0.0028724 0.0014082 
v -0.0671923 0.00297952 0.00174643 
v -0.0671389 0.00310933 0.00207537 
v -0.0670689 0.00327936 0.00242776 
v -0.0669884 0.00347504 0.00276347 
v -0.0669013 0.00368658 0.00306919 
v -0.0668024 0.00392683 0.00336425 
v -0.0666952 0.00418739 0.00363654 
v -0.0665804 0.00446623 0.00388438 
v -0.0664589 0.00476139 0.00410652 
v -0.0663316 0.00507085 0.00430184 
v -0.0661991 0.00539254 0.00446942 
v -0.0660626 0.00572437 0.0046085 
v -0.0659227 0.00606418 0.00471851 
v -0.0657804 0.00640982 0.00479907 
v -0.0656367 0.00675913 0.00484996 
v -0.0654923 0.00710996 0.00487115 
v -0.0653678 0.00741241 0.00486566 
v -0.0652246 0.00776033 0.00483204 
v -0.0650832 0.00810385 0.00476958 
v -0.0649445 0.00844088 0.00467894 
v -0.0648092 0.00876948 0.00456088 
v -0.0646782 0.00908778 0.00441637 
v -0.0645522 0.009394 0.00424648 
v -0.0644318 0.00968646 0.00405243 
v -0.0643177 0.00996359 0.00383559 
v -0.0642106 0.0102239 0.00359742 
v -0.0641109 0.0104661 0.00333949 
v -0.0640192 0.0106889 0.00306349 
v -0.0639386 0.0108847 0.00278144 
v -0.0638638 0.0110665 0.0024749 
v -0.0637981 0.011226 0.00215586 
v -0.0637419 0.0113627 0.00182609 
v -0.0636953 0.011476 0.00148755 
v -0.0636584 0.0115656 0.00114225 
v -0.0636314 0.0116312 0.000792204 
v -0.0636143 0.0116728 0.000439406 
v -0.063607 0.0116904 8.58529e-05 
v -0.0636094 0.0116846 -0.00026201 
v -0.0636217 0.0116548 -0.000617603 
v -0.0636438 0.0116009 -0.00096999 
v -0.0636758 0.0115233 -0.00131732 
v -0.0637173 0.0114223 -0.0016577 
v -0.0637683 0.0112984 -0.00198928 
v -0.0638358 0.0111346 -0.00234556 
v -0.0639139 0.0109447 -0.00268567 
v -0.0639983 0.0107396 -0.00299439 
v -0.0640951 0.0105046 -0.00329474 
v -0.0642004 0.0102487 -0.00357274 
v -0.0643134 0.00997414 -0.00382663 
v -0.0644333 0.00968275 -0.00405511 
v -0.0645594 0.00937657 -0.00425702 
v -0.0646906 0.00905765 -0.00443139 
v -0.0648263 0.00872808 -0.00457744 
v -0.0649654 0.00839001 -0.00469454 
v -0.0651072 0.00804559 -0.00478227 
v -0.0652507 0.00769696 -0.00484036 
v -0.065395 0.0073463 -0.00486874 
v -0.0655273 0.00702491 -0.00486874 
v -0.0656707 0.00667635 -0.00484062 
v -0.0658125 0.00633183 -0.00478357 
v -0.0659518 0.00599342 -0.00469819 
v -0.0660878 0.00566309 -0.00458525 
v -0.0662197 0.00534271 -0.00444565 
v -0.0663467 0.00503407 -0.00428046 
v -0.0664682 0.00473888 -0.00409089 
v -0.0665835 0.00445874 -0.00387824 
v -0.066692 0.00419514 -0.00364398 
v -0.0667931 0.00394943 -0.00338966 
v -0.0668864 0.00372287 -0.00311694 
v -0.0669736 0.00351098 -0.00281905 
v -0.0670495 0.00332661 -0.00251456 
v -0.0671163 0.00316423 -0.00219702 
v -0.0671738 0.00302462 -0.0018685 
v -0.0672216 0.00290832 -0.00153097 
v -0.0672597 0.00281572 -0.00118642 
v -0.067288 0.00274705 -0.000836864 
v -0.0673064 0.00270239 -0.000484304 
v -0.0673149 0.0026817 -0.000130737 
v -0.0673156 0.00268008 0 
v -0.0710002 0.00362919 0.000356411 
v -0.0709826 0.00366415 0.000711291 
v -0.0709532 0.00372224 0.00106253 
v -0.0709124 0.0038032 0.0014082 
v -0.0708602 0.00390661 0.00174643 
v -0.070797 0.00403194 0.00207537 
v -0.0707142 0.00419608 0.00242776 
v -0.0706188 0.00438499 0.00276347 
v -0.0705158 0.00458921 0.00306919 
v -0.0703988 0.00482114 0.00336425 
v -0.0702718 0.00507268 0.00363654 
v -0.070136 0.00534187 0.00388438 
v -0.0699922 0.00562681 0.00410652 
v -0.0698415 0.00592556 0.00430184 
v -0.0696848 0.00623612 0.00446942 
v -0.0695231 0.00655645 0.0046085 
v -0.0693576 0.0068845 0.00471851 
v -0.0691892 0.00721818 0.00479907 
v -0.0690191 0.0075554 0.00484996 
v -0.0688482 0.00789409 0.00487115 
v -0.0687008 0.00818607 0.00486566 
v -0.0685314 0.00852195 0.00483204 
v -0.068364 0.00885358 0.00476958 
v -0.0681999 0.00917894 0.00467894 
v -0.0680398 0.00949616 0.00456088 
v -0.0678847 0.00980344 0.00441637 
v -0.0677356 0.0100991 0.00424648 
v -0.0675931 0.0103814 0.00405243 
v -0.0674581 0.0106489 0.00383559 
v -0.0673313 0.0109003 0.00359742 
v -0.0672133 0.0111341 0.00333949 
v -0.0671048 0.0113492 0.00306349 
v -0.0670094 0.0115381 0.00278144 
v -0.0669209 0.0117137 0.0024749 
v -0.0668432 0.0118677 0.00215586 
v -0.0667766 0.0119996 0.00182609 
v -0.0667214 0.012109 0.00148755 
v -0.0666778 0.0121955 0.00114225 
v -0.0666458 0.0122588 0.000792204 
v -0.0666255 0.012299 0.000439406 
v -0.0666169 0.012316 8.58529e-05 
v -0.0666198 0.0123104 -0.00026201 
v -0.0666343 0.0122816 -0.000617603 
v -0.0666605 0.0122296 -0.00096999 
v -0.0666983 0.0121547 -0.00131732 
v -0.0667475 0.0120572 -0.0016577 
v -0.0668079 0.0119376 -0.00198928 
v -0.0668877 0.0117794 -0.00234556 
v -0.0669802 0.0115961 -0.00268567 
v -0.0670801 0.0113981 -0.00299439 
v -0.0671946 0.0111712 -0.00329474 
v -0.0673192 0.0109242 -0.00357274 
v -0.067453 0.0106591 -0.00382663 
v -0.0675949 0.0103778 -0.00405511 
v -0.0677441 0.0100822 -0.00425702 
v -0.0678994 0.00977436 -0.00443139 
v -0.06806 0.0094562 -0.00457744 
v -0.0682246 0.00912983 -0.00469454 
v -0.0683924 0.00879733 -0.00478227 
v -0.0685622 0.00846077 -0.00484036 
v -0.0687331 0.00812225 -0.00486874 
v -0.0688896 0.00781198 -0.00486874 
v -0.0690594 0.00747549 -0.00484062 
v -0.0692272 0.00714289 -0.00478357 
v -0.0693921 0.0068162 -0.00469819 
v -0.069553 0.0064973 -0.00458525 
v -0.069709 0.00618801 -0.00444565 
v -0.0698594 0.00589005 -0.00428046 
v -0.0700032 0.00560508 -0.00409089 
v -0.0701396 0.00533464 -0.00387824 
v -0.0702681 0.00508016 -0.00364398 
v -0.0703877 0.00484296 -0.00338966 
v -0.0704981 0.00462424 -0.00311694 
v -0.0706013 0.00441968 -0.00281905 
v -0.0706911 0.00424169 -0.00251456 
v -0.0707702 0.00408494 -0.00219702 
v -0.0708382 0.00395016 -0.0018685 
v -0.0708949 0.00383789 -0.00153097 
v -0.07094 0.00374849 -0.00118642 
v -0.0709735 0.00368219 -0.000836864 
v -0.0709952 0.00363908 -0.000484304 
v -0.0710053 0.00361911 -0.000130737 
v -0.0710061 0.00361754 0 
v -0.0727247 0.0041695 0 
v -0.0727184 0.00418091 0.000356411 
v -0.0743963 0.00480234 0.000356411 
v -0.0726993 0.00421511 0.000711291 
v -0.0743758 0.00483568 0.000711291 
v -0.0726676 0.00427196 0.00106253 
v -0.0743417 0.00489109 0.00106253 
v -0.0726235 0.00435117 0.0014082 
v -0.0742941 0.0049683 0.0014082 
v -0.0725671 0.00445236 0.00174643 
v -0.0742334 0.00506693 0.00174643 
v -0.0724988 0.00457499 0.00207537 
v -0.0741597 0.00518645 0.00207537 
v -0.0724093 0.00473559 0.00242776 
v -0.0740633 0.005343 0.00242776 
v -0.0723063 0.00492044 0.00276347 
v -0.0739524 0.00552318 0.00276347 
v -0.0738324 0.00571795 0.00306919 
v -0.0736962 0.00593915 0.00336425 
v -0.0735484 0.00617905 0.00363654 
v -0.0733903 0.00643579 0.00388438 
v -0.0732229 0.00670755 0.00410652 
v -0.0730474 0.00699248 0.00430184 
v -0.072865 0.00728867 0.00446942 
v -0.0726768 0.00759419 0.0046085 
v -0.0724841 0.00790706 0.00471851 
v -0.0722881 0.00822531 0.00479907 
v -0.07209 0.00854693 0.00484996 
v -0.0718911 0.00886995 0.00487115 
v -0.0717196 0.00914843 0.00486566 
v -0.0715223 0.00946876 0.00483204 
v -0.0713275 0.00978505 0.00476958 
v -0.0711363 0.0100954 0.00467894 
v -0.07095 0.0103979 0.00456088 
v -0.0707695 0.010691 0.00441637 
v -0.0705958 0.0109729 0.00424648 
v -0.07043 0.0112422 0.00405243 
v -0.0702728 0.0114974 0.00383559 
v -0.0701252 0.0117371 0.00359742 
v -0.0699879 0.01196 0.00333949 
v -0.0698615 0.0121652 0.00306349 
v -0.0697505 0.0123454 0.00278144 
v -0.0696474 0.0125128 0.0024749 
v -0.069557 0.0126597 0.00215586 
v -0.0694795 0.0127855 0.00182609 
v -0.0694152 0.0128899 0.00148755 
v -0.0693644 0.0129723 0.00114225 
v -0.0693272 0.0130328 0.000792204 
v -0.0693036 0.0130711 0.000439406 
v -0.0692936 0.0130873 8.58529e-05 
v -0.0692969 0.013082 -0.00026201 
v -0.0693138 0.0130545 -0.000617603 
v -0.0693443 0.0130049 -0.00096999 
v -0.0693884 0.0129334 -0.00131732 
v -0.0694456 0.0128404 -0.0016577 
v -0.0695159 0.0127264 -0.00198928 
v -0.0696088 0.0125755 -0.00234556 
v -0.0697165 0.0124007 -0.00268567 
v -0.0698328 0.0122119 -0.00299439 
v -0.0699661 0.0119955 -0.00329474 
v -0.0701112 0.0117599 -0.00357274 
v -0.0702669 0.0115071 -0.00382663 
v -0.0704321 0.0112388 -0.00405511 
v -0.0706057 0.0109569 -0.00425702 
v -0.0707866 0.0106632 -0.00443139 
v -0.0709735 0.0103598 -0.00457744 
v -0.0711652 0.0100485 -0.00469454 
v -0.0713605 0.00973141 -0.00478227 
v -0.0715582 0.00941042 -0.00484036 
v -0.0717571 0.00908756 -0.00486874 
v -0.0719393 0.00879164 -0.00486874 
v -0.072137 0.00847071 -0.00484062 
v -0.0723323 0.0081535 -0.00478357 
v -0.0725242 0.00784192 -0.00469819 
v -0.0727116 0.00753777 -0.00458525 
v -0.0728932 0.00724279 -0.00444565 
v -0.0730683 0.00695862 -0.00428046 
v -0.0732357 0.00668683 -0.00409089 
v -0.0733945 0.00642889 -0.00387824 
v -0.073544 0.00618618 -0.00364398 
v -0.0736833 0.00595996 -0.00338966 
v -0.0738118 0.00575136 -0.00311694 
v -0.073932 0.00555626 -0.00281905 
v -0.0740365 0.00538651 -0.00251456 
v -0.0741286 0.005237 -0.00219702 
v -0.0725434 0.00449497 -0.0018685 
v -0.0726046 0.00438511 -0.00153097 
v -0.0742737 0.00500138 -0.00153097 
v -0.0742078 0.00510846 -0.0018685 
v -0.0726533 0.00429763 -0.00118642 
v -0.0743262 0.00491611 -0.00118642 
v -0.0726895 0.00423277 -0.000836864 
v -0.0743652 0.00485288 -0.000836864 
v -0.072713 0.00419059 -0.000484304 
v -0.0743905 0.00481177 -0.000484304 
v -0.0727239 0.00417104 -0.000130737 
v -0.0744022 0.00479272 -0.000130737 
v -0.0744032 0.00479122 0 
v -0.07706 0.00598287 0.000356411 
v -0.077037 0.00601451 0.000711291 
v -0.0769987 0.00606711 0.00106253 
v -0.0769453 0.0061404 0.0014082 
v -0.0768771 0.00623402 0.00174643 
v -0.0767944 0.00634747 0.00207537 
v -0.0766861 0.00649606 0.00242776 
v -0.0765615 0.00666708 0.00276347 
v -0.0764268 0.00685196 0.00306919 
v -0.0762739 0.00706191 0.00336425 
v -0.076108 0.00728963 0.00363654 
v -0.0759304 0.00753332 0.00388438 
v -0.0757425 0.00779127 0.00410652 
v -0.0755454 0.00806173 0.00430184 
v -0.0753406 0.00834287 0.00446942 
v -0.0751293 0.00863287 0.0046085 
v -0.0749129 0.00892984 0.00471851 
v -0.0746928 0.00923191 0.00479907 
v -0.0744704 0.00953719 0.00484996 
v -0.074247 0.0098438 0.00487115 
v -0.0740544 0.0101081 0.00486566 
v -0.0738329 0.0104122 0.00483204 
v -0.0736142 0.0107124 0.00476958 
v -0.0733996 0.011007 0.00467894 
v -0.0731903 0.0112941 0.00456088 
v -0.0729876 0.0115723 0.00441637 
v -0.0727927 0.0118399 0.00424648 
v -0.0726064 0.0120955 0.00405243 
v -0.07243 0.0123377 0.00383559 
v -0.0722642 0.0125652 0.00359742 
v -0.07211 0.0127769 0.00333949 
v -0.0719681 0.0129716 0.00306349 
v -0.0718435 0.0131427 0.00278144 
v -0.0717277 0.0133016 0.0024749 
v -0.0716261 0.013441 0.00215586 
v -0.0715391 0.0135604 0.00182609 
v -0.071467 0.0136595 0.00148755 
v -0.0714099 0.0137377 0.00114225 
v -0.0713681 0.0137951 0.000792204 
v -0.0713417 0.0138315 0.000439406 
v -0.0713304 0.0138469 8.58529e-05 
v -0.0713341 0.0138418 -0.00026201 
v -0.0713531 0.0138157 -0.000617603 
v -0.0713874 0.0137687 -0.00096999 
v -0.0714368 0.0137008 -0.00131732 
v -0.0715011 0.0136125 -0.0016577 
v -0.07158 0.0135043 -0.00198928 
v -0.0716844 0.0133611 -0.00234556 
v -0.0718052 0.0131952 -0.00268567 
v -0.0719358 0.0130159 -0.00299439 
v -0.0720855 0.0128105 -0.00329474 
v -0.0722484 0.0125869 -0.00357274 
v -0.0724233 0.0123469 -0.00382663 
v -0.0726088 0.0120923 -0.00405511 
v -0.0728038 0.0118247 -0.00425702 
v -0.0730068 0.011546 -0.00443139 
v -0.0732167 0.011258 -0.00457744 
v -0.0734319 0.0109625 -0.00469454 
v -0.0736513 0.0106615 -0.00478227 
v -0.0738732 0.0103568 -0.00484036 
v -0.0740965 0.0100503 -0.00486874 
v -0.0743012 0.00976947 -0.00486874 
v -0.0745231 0.00946485 -0.00484062 
v -0.0747425 0.00916376 -0.00478357 
v -0.074958 0.00886801 -0.00469819 
v -0.0751683 0.00857931 -0.00458525 
v -0.0753723 0.00829932 -0.00444565 
v -0.0755688 0.00802958 -0.00428046 
v -0.0757568 0.00777161 -0.00409089 
v -0.0759352 0.00752678 -0.00387824 
v -0.076103 0.0072964 -0.00364398 
v -0.0762595 0.00708167 -0.00338966 
v -0.0764037 0.00688367 -0.00311694 
v -0.0765387 0.00669849 -0.00281905 
v -0.0766561 0.00653736 -0.00251456 
v -0.0767595 0.00639545 -0.00219702 
v -0.0768483 0.00627344 -0.0018685 
v -0.0769224 0.0061718 -0.00153097 
v -0.0769814 0.00609087 -0.00118642 
v -0.0770251 0.00603085 -0.000836864 
v -0.0770535 0.00599183 -0.000484304 
v -0.0770667 0.00597374 -0.000130737 
v -0.0770677 0.00597232 0 
v -0.0793993 0.00725413 0.000356411 
v -0.0793739 0.00728387 0.000711291 
v -0.0793316 0.00733332 0.00106253 
v -0.0792726 0.00740222 0.0014082 
v -0.0791974 0.00749022 0.00174643 
v -0.0791061 0.00759688 0.00207537 
v -0.0789866 0.00773657 0.00242776 
v -0.078849 0.00789735 0.00276347 
v -0.0787004 0.00807115 0.00306919 
v -0.0785315 0.00826853 0.00336425 
v -0.0783483 0.0084826 0.00363654 
v -0.0781523 0.00871169 0.00388438 
v -0.0779449 0.00895419 0.00410652 
v -0.0777273 0.00920844 0.00430184 
v -0.0775012 0.00947275 0.00446942 
v -0.077268 0.00974537 0.0046085 
v -0.0770291 0.0100246 0.00471851 
v -0.0767862 0.0103085 0.00479907 
v -0.0765406 0.0105955 0.00484996 
v -0.076294 0.0108838 0.00487115 
v -0.0760814 0.0111323 0.00486566 
v -0.0758369 0.0114181 0.00483204 
v -0.0755954 0.0117003 0.00476958 
v -0.0753585 0.0119772 0.00467894 
v -0.0751276 0.0122472 0.00456088 
v -0.0749038 0.0125087 0.00441637 
v -0.0746886 0.0127603 0.00424648 
v -0.074483 0.0130006 0.00405243 
v -0.0742882 0.0132283 0.00383559 
v -0.0741052 0.0134422 0.00359742 
v -0.073935 0.0136411 0.00333949 
v -0.0737784 0.0138242 0.00306349 
v -0.0736408 0.013985 0.00278144 
v -0.073513 0.0141344 0.0024749 
v -0.0734009 0.0142655 0.00215586 
v -0.0733048 0.0143777 0.00182609 
v -0.0732251 0.0144708 0.00148755 
v -0.0731622 0.0145444 0.00114225 
v -0.0731161 0.0145983 0.000792204 
v -0.0730868 0.0146325 0.000439406 
v -0.0730744 0.014647 8.58529e-05 
v -0.0730785 0.0146423 -0.00026201 
v -0.0730995 0.0146177 -0.000617603 
v -0.0731373 0.0145735 -0.00096999 
v -0.0731919 0.0145097 -0.00131732 
v -0.0732629 0.0144267 -0.0016577 
v -0.0733499 0.014325 -0.00198928 
v -0.0734651 0.0141904 -0.00234556 
v -0.0735986 0.0140344 -0.00268567 
v -0.0737427 0.0138659 -0.00299439 
v -0.0739079 0.0136727 -0.00329474 
v -0.0740878 0.0134625 -0.00357274 
v -0.0742808 0.0132369 -0.00382663 
v -0.0744856 0.0129975 -0.00405511 
v -0.0747008 0.012746 -0.00425702 
v -0.074925 0.012484 -0.00443139 
v -0.0751567 0.0122132 -0.00457744 
v -0.0753943 0.0119354 -0.00469454 
v -0.0756364 0.0116525 -0.00478227 
v -0.0758814 0.011366 -0.00484036 
v -0.0761279 0.0110779 -0.00486874 
v -0.0763538 0.0108139 -0.00486874 
v -0.0765988 0.0105275 -0.00484062 
v -0.076841 0.0102445 -0.00478357 
v -0.0770789 0.00996642 -0.00469819 
v -0.0773111 0.00969502 -0.00458525 
v -0.0775363 0.0094318 -0.00444565 
v -0.0777532 0.00917823 -0.00428046 
v -0.0779607 0.00893571 -0.00409089 
v -0.0781576 0.00870554 -0.00387824 
v -0.0783429 0.00848897 -0.00364398 
v -0.0785156 0.0082871 -0.00338966 
v -0.0786748 0.00810096 -0.00311694 
v -0.0788238 0.00792687 -0.00281905 
v -0.0789534 0.00777539 -0.00251456 
v -0.0790675 0.00764199 -0.00219702 
v -0.0791656 0.00752729 -0.0018685 
v -0.0792474 0.00743173 -0.00153097 
v -0.0793125 0.00735565 -0.00118642 
v -0.0793608 0.00729923 -0.000836864 
v -0.0793921 0.00726254 -0.000484304 
v -0.0794067 0.00724554 -0.000130737 
v -0.0794078 0.00724421 0 
v -0.0814415 0.00858467 0.000356411 
v -0.0814139 0.00861237 0.000711291 
v -0.0813679 0.00865842 0.00106253 
v -0.0813038 0.00872259 0.0014082 
v -0.081222 0.00880455 0.00174643 
v -0.0811229 0.00890388 0.00207537 
v -0.080993 0.00903398 0.00242776 
v -0.0808435 0.00918371 0.00276347 
v -0.080682 0.00934557 0.00306919 
v -0.0804985 0.0095294 0.00336425 
v -0.0802995 0.00972877 0.00363654 
v -0.0800865 0.00994213 0.00388438 
v -0.079861 0.010168 0.00410652 
v -0.0796247 0.0104048 0.00430184 
v -0.079379 0.0106509 0.00446942 
v -0.0791255 0.0109048 0.0046085 
v -0.078866 0.0111648 0.00471851 
v -0.078602 0.0114293 0.00479907 
v -0.0783352 0.0116966 0.00484996 
v -0.0780672 0.011965 0.00487115 
v -0.0778362 0.0121964 0.00486566 
v -0.0775704 0.0124626 0.00483204 
v -0.077308 0.0127255 0.00476958 
v -0.0770506 0.0129834 0.00467894 
v -0.0767996 0.0132348 0.00456088 
v -0.0765565 0.0134784 0.00441637 
v -0.0763226 0.0137127 0.00424648 
v -0.0760992 0.0139364 0.00405243 
v -0.0758876 0.0141485 0.00383559 
v -0.0756887 0.0143477 0.00359742 
v -0.0755038 0.014533 0.00333949 
v -0.0753336 0.0147035 0.00306349 
v -0.0751841 0.0148533 0.00278144 
v -0.0750452 0.0149924 0.0024749 
v -0.0749233 0.0151144 0.00215586 
v -0.074819 0.015219 0.00182609 
v -0.0747324 0.0153057 0.00148755 
v -0.074664 0.0153743 0.00114225 
v -0.0746139 0.0154245 0.000792204 
v -0.0745821 0.0154563 0.000439406 
v -0.0745686 0.0154698 8.58529e-05 
v -0.074573 0.0154654 -0.00026201 
v -0.0745958 0.0154425 -0.000617603 
v -0.074637 0.0154013 -0.00096999 
v -0.0746963 0.0153419 -0.00131732 
v -0.0747734 0.0152646 -0.0016577 
v -0.074868 0.0151699 -0.00198928 
v -0.0749932 0.0150445 -0.00234556 
v -0.0751382 0.0148992 -0.00268567 
v -0.0752948 0.0147423 -0.00299439 
v -0.0754744 0.0145624 -0.00329474 
v -0.0756698 0.0143667 -0.00357274 
v -0.0758795 0.0141566 -0.00382663 
v -0.0761021 0.0139336 -0.00405511 
v -0.0763359 0.0136993 -0.00425702 
v -0.0765795 0.0134553 -0.00443139 
v -0.0768313 0.0132031 -0.00457744 
v -0.0770895 0.0129445 -0.00469454 
v -0.0773526 0.0126809 -0.00478227 
v -0.0776188 0.0124142 -0.00484036 
v -0.0778867 0.0121458 -0.00486874 
v -0.0781321 0.0118999 -0.00486874 
v -0.0783984 0.0116332 -0.00484062 
v -0.0786615 0.0113696 -0.00478357 
v -0.07892 0.0111107 -0.00469819 
v -0.0791723 0.0108579 -0.00458525 
v -0.079417 0.0106128 -0.00444565 
v -0.0796528 0.0103766 -0.00428046 
v -0.0798782 0.0101508 -0.00409089 
v -0.0800922 0.0099364 -0.00387824 
v -0.0802935 0.0097347 -0.00364398 
v -0.0804812 0.00954669 -0.00338966 
v -0.0806543 0.00937334 -0.00311694 
v -0.0808161 0.00921121 -0.00281905 
v -0.0809569 0.00907013 -0.00251456 
v -0.0810809 0.00894589 -0.00219702 
v -0.0811876 0.00883907 -0.0018685 
v -0.0812764 0.00875008 -0.00153097 
v -0.0813471 0.00867922 -0.00118642 
v -0.0813996 0.00862667 -0.000836864 
v -0.0814337 0.00859251 -0.000484304 
v -0.0814495 0.00857667 -0.000130737 
v -0.0814507 0.00857543 0 
v -0.083254 0.00997695 0.000356411 
v -0.0832244 0.0100025 0.000711291 
v -0.0831751 0.0100449 0.00106253 
v -0.0831063 0.0101041 0.0014082 
v -0.0830186 0.0101796 0.00174643 
v -0.0829122 0.0102712 0.00207537 
v -0.0827728 0.0103911 0.00242776 
v -0.0826125 0.0105291 0.00276347 
v -0.0824391 0.0106783 0.00306919 
v -0.0822423 0.0108477 0.00336425 
v -0.0820287 0.0110315 0.00363654 
v -0.0818002 0.0112282 0.00388438 
v -0.0815584 0.0114363 0.00410652 
v -0.0813048 0.0116546 0.00430184 
v -0.0810412 0.0118815 0.00446942 
v -0.0807692 0.0121155 0.0046085 
v -0.0804908 0.0123552 0.00471851 
v -0.0802075 0.0125989 0.00479907 
v -0.0799213 0.0128453 0.00484996 
v -0.0796338 0.0130927 0.00487115 
v -0.0793859 0.0133061 0.00486566 
v -0.0791008 0.0135514 0.00483204 
v -0.0788193 0.0137937 0.00476958 
v -0.0785431 0.0140314 0.00467894 
v -0.0782739 0.0142632 0.00456088 
v -0.078013 0.0144877 0.00441637 
v -0.0777621 0.0147036 0.00424648 
v -0.0775224 0.0149099 0.00405243 
v -0.0772953 0.0151054 0.00383559 
v -0.077082 0.015289 0.00359742 
v -0.0768836 0.0154598 0.00333949 
v -0.076701 0.0156169 0.00306349 
v -0.0765405 0.015755 0.00278144 
v -0.0763916 0.0158832 0.0024749 
v -0.0762608 0.0159957 0.00215586 
v -0.0761488 0.0160921 0.00182609 
v -0.076056 0.016172 0.00148755 
v -0.0759826 0.0162352 0.00114225 
v -0.0759288 0.0162815 0.000792204 
v -0.0758947 0.0163108 0.000439406 
v -0.0758802 0.0163233 8.58529e-05 
v -0.075885 0.0163192 -0.00026201 
v -0.0759095 0.0162981 -0.000617603 
v -0.0759536 0.0162601 -0.00096999 
v -0.0760172 0.0162054 -0.00131732 
v -0.0761 0.0161342 -0.0016577 
v -0.0762015 0.0160468 -0.00198928 
v -0.0763357 0.0159312 -0.00234556 
v -0.0764913 0.0157973 -0.00268567 
v -0.0766594 0.0156527 -0.00299439 
v -0.076852 0.0154869 -0.00329474 
v -0.0770617 0.0153065 -0.00357274 
v -0.0772867 0.0151128 -0.00382663 
v -0.0775255 0.0149073 -0.00405511 
v -0.0777764 0.0146913 -0.00425702 
v -0.0780377 0.0144664 -0.00443139 
v -0.0783078 0.014234 -0.00457744 
v -0.0785848 0.0139955 -0.00469454 
v -0.0788671 0.0137526 -0.00478227 
v -0.0791528 0.0135067 -0.00484036 
v -0.0794401 0.0132594 -0.00486874 
v -0.0797035 0.0130328 -0.00486874 
v -0.0799891 0.0127869 -0.00484062 
v -0.0802714 0.0125439 -0.00478357 
v -0.0805488 0.0123053 -0.00469819 
v -0.0808195 0.0120723 -0.00458525 
v -0.081082 0.0118463 -0.00444565 
v -0.0813349 0.0116287 -0.00428046 
v -0.0815768 0.0114205 -0.00409089 
v -0.0818064 0.0112229 -0.00387824 
v -0.0820224 0.011037 -0.00364398 
v -0.0822237 0.0108637 -0.00338966 
v -0.0824094 0.0107039 -0.00311694 
v -0.082583 0.0105545 -0.00281905 
v -0.0827341 0.0104244 -0.00251456 
v -0.0828672 0.0103099 -0.00219702 
v -0.0829816 0.0102114 -0.0018685 
v -0.0830769 0.0101294 -0.00153097 
v -0.0831528 0.0100641 -0.00118642 
v -0.0832091 0.0100157 -0.000836864 
v -0.0832457 0.00998417 -0.000484304 
v -0.0832626 0.00996958 -0.000130737 
v -0.0832639 0.00996843 0 
v -0.0841804 0.0107634 0 
v -0.0841702 0.0107715 0.000356411 
v -0.0850545 0.0116062 0.000356411 
v -0.0841395 0.0107958 0.000711291 
v -0.0850228 0.0116292 0.000711291 
v -0.0840885 0.0108361 0.00106253 
v -0.0849702 0.0116674 0.00106253 
v -0.0840174 0.0108924 0.0014082 
v -0.0848968 0.0117207 0.0014082 
v -0.084803 0.0117887 0.00174643 
v -0.0838165 0.0110514 0.00207537 
v -0.0836723 0.0111655 0.00242776 
v -0.0845405 0.011979 0.00242776 
v -0.0843693 0.0121033 0.00276347 
v -0.0841841 0.0122376 0.00306919 
v -0.0839738 0.0123901 0.00336425 
v -0.0837458 0.0125555 0.00363654 
v -0.0835017 0.0127325 0.00388438 
v -0.0832433 0.0129199 0.00410652 
v -0.0829725 0.0131164 0.00430184 
v -0.0826909 0.0133206 0.00446942 
v -0.0824005 0.0135313 0.0046085 
v -0.082103 0.013747 0.00471851 
v -0.0818005 0.0139665 0.00479907 
v -0.0814947 0.0141882 0.00484996 
v -0.0811877 0.014411 0.00487115 
v -0.0809229 0.014603 0.00486566 
v -0.0806184 0.0148239 0.00483204 
v -0.0803177 0.015042 0.00476958 
v -0.0800227 0.0152559 0.00467894 
v -0.0797351 0.0154645 0.00456088 
v -0.0794565 0.0156666 0.00441637 
v -0.0791885 0.015861 0.00424648 
v -0.0789325 0.0160467 0.00405243 
v -0.0786899 0.0162227 0.00383559 
v -0.078462 0.0163879 0.00359742 
v -0.0782501 0.0165417 0.00333949 
v -0.078055 0.0166831 0.00306349 
v -0.0778837 0.0168074 0.00278144 
v -0.0777246 0.0169228 0.0024749 
v -0.0775849 0.0170241 0.00215586 
v -0.0774653 0.0171109 0.00182609 
v -0.0773661 0.0171828 0.00148755 
v -0.0772877 0.0172397 0.00114225 
v -0.0772303 0.0172814 0.000792204 
v -0.0771939 0.0173078 0.000439406 
v -0.0771784 0.017319 8.58529e-05 
v -0.0771835 0.0173153 -0.00026201 
v -0.0772096 0.0172964 -0.000617603 
v -0.0772568 0.0172622 -0.00096999 
v -0.0773247 0.0172129 -0.00131732 
v -0.0774131 0.0171488 -0.0016577 
v -0.0768731 0.0165459 -0.00198928 
v -0.077012 0.016436 -0.00234556 
v -0.0776649 0.0169661 -0.00234556 
v -0.0775215 0.0170701 -0.00198928 
v -0.0778311 0.0168455 -0.00268567 
v -0.0780106 0.0167153 -0.00299439 
v -0.0782164 0.0165661 -0.00329474 
v -0.0784403 0.0164037 -0.00357274 
v -0.0786807 0.0162294 -0.00382663 
v -0.0789357 0.0160444 -0.00405511 
v -0.0792037 0.01585 -0.00425702 
v -0.0794829 0.0156475 -0.00443139 
v -0.0797713 0.0154383 -0.00457744 
v -0.0800672 0.0152236 -0.00469454 
v -0.0803687 0.015005 -0.00478227 
v -0.0806739 0.0147836 -0.00484036 
v -0.0809808 0.014561 -0.00486874 
v -0.0812621 0.014357 -0.00486874 
v -0.0815672 0.0141357 -0.00484062 
v -0.0818687 0.013917 -0.00478357 
v -0.082165 0.0137021 -0.00469819 
v -0.0824541 0.0134924 -0.00458525 
v -0.0827345 0.013289 -0.00444565 
v -0.0830047 0.013093 -0.00428046 
v -0.083263 0.0129056 -0.00409089 
v -0.0835082 0.0127278 -0.00387824 
v -0.083739 0.0125604 -0.00364398 
v -0.083954 0.0124044 -0.00338966 
v -0.0841523 0.0122606 -0.00311694 
v -0.0843378 0.0121261 -0.00281905 
v -0.0844992 0.012009 -0.00251456 
v -0.0846413 0.0119059 -0.00219702 
v -0.0847635 0.0118173 -0.0018685 
v -0.0848653 0.0117435 -0.00153097 
v -0.0840654 0.0108544 -0.00118642 
v -0.0841237 0.0108083 -0.000836864 
v -0.0850065 0.0116411 -0.000836864 
v -0.0849464 0.0116847 -0.00118642 
v -0.0841615 0.0107784 -0.000484304 
v -0.0850456 0.0116127 -0.000484304 
v -0.0841791 0.0107645 -0.000130737 
v -0.0850637 0.0115996 -0.000130737 
v -0.0850651 0.0115986 0 
v -0.0864751 0.0131083 0.000356411 
v -0.0864418 0.013129 0.000711291 
v -0.0863866 0.0131634 0.00106253 
v -0.0863096 0.0132113 0.0014082 
v -0.0862112 0.0132725 0.00174643 
v -0.0846894 0.0118711 0.00207537 
v -0.086092 0.0133466 0.00207537 
v -0.0859359 0.0134437 0.00242776 
v -0.0857562 0.0135555 0.00276347 
v -0.085562 0.0136763 0.00306919 
v -0.0853414 0.0138136 0.00336425 
v -0.0851021 0.0139624 0.00363654 
v -0.0848461 0.0141217 0.00388438 
v -0.0845751 0.0142903 0.00410652 
v -0.0842909 0.014467 0.00430184 
v -0.0839956 0.0146508 0.00446942 
v -0.0836909 0.0148403 0.0046085 
v -0.0833789 0.0150344 0.00471851 
v -0.0830615 0.0152318 0.00479907 
v -0.0827408 0.0154313 0.00484996 
v -0.0824186 0.0156317 0.00487115 
v -0.0821409 0.0158045 0.00486566 
v -0.0818214 0.0160032 0.00483204 
v -0.081506 0.0161994 0.00476958 
v -0.0811966 0.0163919 0.00467894 
v -0.0808948 0.0165796 0.00456088 
v -0.0806026 0.0167614 0.00441637 
v -0.0803214 0.0169363 0.00424648 
v -0.0800529 0.0171034 0.00405243 
v -0.0797984 0.0172617 0.00383559 
v -0.0795594 0.0174103 0.00359742 
v -0.079337 0.0175487 0.00333949 
v -0.0791324 0.0176759 0.00306349 
v -0.0789526 0.0177878 0.00278144 
v -0.0787857 0.0178916 0.0024749 
v -0.0786392 0.0179827 0.00215586 
v -0.0785137 0.0180608 0.00182609 
v -0.0784097 0.0181255 0.00148755 
v -0.0783275 0.0181767 0.00114225 
v -0.0782672 0.0182141 0.000792204 
v -0.078229 0.0182379 0.000439406 
v -0.0782128 0.018248 8.58529e-05 
v -0.0782181 0.0182447 -0.00026201 
v -0.0782455 0.0182276 -0.000617603 
v -0.078295 0.0181969 -0.00096999 
v -0.0783662 0.0181525 -0.00131732 
v -0.078459 0.0180948 -0.0016577 
v -0.0785727 0.0180241 -0.00198928 
v -0.0787232 0.0179305 -0.00234556 
v -0.0788975 0.0178221 -0.00268567 
v -0.0790858 0.0177049 -0.00299439 
v -0.0793017 0.0175707 -0.00329474 
v -0.0795366 0.0174245 -0.00357274 
v -0.0797887 0.0172677 -0.00382663 
v -0.0800563 0.0171012 -0.00405511 
v -0.0803374 0.0169264 -0.00425702 
v -0.0806302 0.0167442 -0.00443139 
v -0.0809328 0.016556 -0.00457744 
v -0.0812433 0.0163629 -0.00469454 
v -0.0815595 0.0161661 -0.00478227 
v -0.0818796 0.015967 -0.00484036 
v -0.0822016 0.0157667 -0.00486874 
v -0.0824967 0.0155831 -0.00486874 
v -0.0828168 0.015384 -0.00484062 
v -0.0831331 0.0151873 -0.00478357 
v -0.0834438 0.014994 -0.00469819 
v -0.0837471 0.0148053 -0.00458525 
v -0.0840413 0.0146223 -0.00444565 
v -0.0843247 0.014446 -0.00428046 
v -0.0845958 0.0142774 -0.00409089 
v -0.084853 0.0141174 -0.00387824 
v -0.085095 0.0139668 -0.00364398 
v -0.0853206 0.0138265 -0.00338966 
v -0.0855287 0.0136971 -0.00311694 
v -0.0857232 0.013576 -0.00281905 
v -0.0858925 0.0134707 -0.00251456 
v -0.0860416 0.013378 -0.00219702 
v -0.0861698 0.0132983 -0.0018685 
v -0.0862766 0.0132318 -0.00153097 
v -0.0863616 0.0131789 -0.00118642 
v -0.0864247 0.0131397 -0.000836864 
v -0.0864657 0.0131142 -0.000484304 
v -0.0864847 0.0131024 -0.000130737 
v -0.0864862 0.0131015 0 
v -0.0878548 0.0147875 0.000356411 
v -0.0878202 0.0148058 0.000711291 
v -0.0877626 0.0148362 0.00106253 
v -0.0876823 0.0148785 0.0014082 
v -0.0875799 0.0149325 0.00174643 
v -0.0874557 0.014998 0.00207537 
v -0.087293 0.0150837 0.00242776 
v -0.0871058 0.0151825 0.00276347 
v -0.0869034 0.0152892 0.00306919 
v -0.0866736 0.0154104 0.00336425 
v -0.0864243 0.0155418 0.00363654 
v -0.0861575 0.0156825 0.00388438 
v -0.0858751 0.0158313 0.00410652 
v -0.0855791 0.0159875 0.00430184 
v -0.0852713 0.0161497 0.00446942 
v -0.0849538 0.0163171 0.0046085 
v -0.0846288 0.0164885 0.00471851 
v -0.0842981 0.0166629 0.00479907 
v -0.0839639 0.0168391 0.00484996 
v -0.0836282 0.0170161 0.00487115 
v -0.0833389 0.0171686 0.00486566 
v -0.083006 0.0173441 0.00483204 
v -0.0826774 0.0175174 0.00476958 
v -0.0823549 0.0176874 0.00467894 
v -0.0820406 0.0178532 0.00456088 
v -0.0817361 0.0180138 0.00441637 
v -0.0814431 0.0181682 0.00424648 
v -0.0811633 0.0183158 0.00405243 
v -0.0808982 0.0184556 0.00383559 
v -0.0806491 0.0185869 0.00359742 
v -0.0804174 0.018709 0.00333949 
v -0.0802042 0.0188214 0.00306349 
v -0.080017 0.0189202 0.00278144 
v -0.079843 0.0190119 0.0024749 
v -0.0796904 0.0190924 0.00215586 
v -0.0795597 0.0191613 0.00182609 
v -0.0794513 0.0192185 0.00148755 
v -0.0793656 0.0192637 0.00114225 
v -0.0793028 0.0192968 0.000792204 
v -0.079263 0.0193177 0.000439406 
v -0.0792461 0.0193267 8.58529e-05 
v -0.0792516 0.0193237 -0.00026201 
v -0.0792802 0.0193087 -0.000617603 
v -0.0793317 0.0192815 -0.00096999 
v -0.079406 0.0192423 -0.00131732 
v -0.0795026 0.0191914 -0.0016577 
v -0.0796211 0.0191289 -0.00198928 
v -0.0797779 0.0190463 -0.00234556 
v -0.0799595 0.0189505 -0.00268567 
v -0.0801557 0.018847 -0.00299439 
v -0.0803806 0.0187285 -0.00329474 
v -0.0806254 0.0185994 -0.00357274 
v -0.0808881 0.0184609 -0.00382663 
v -0.0811668 0.0183139 -0.00405511 
v -0.0814598 0.0181594 -0.00425702 
v -0.0817649 0.0179986 -0.00443139 
v -0.0820802 0.0178323 -0.00457744 
v -0.0824036 0.0176618 -0.00469454 
v -0.0827331 0.017488 -0.00478227 
v -0.0830667 0.0173122 -0.00484036 
v -0.0834021 0.0171353 -0.00486874 
v -0.0837096 0.0169732 -0.00486874 
v -0.0840431 0.0167973 -0.00484062 
v -0.0843727 0.0166235 -0.00478357 
v -0.0846964 0.0164528 -0.00469819 
v -0.0850125 0.0162862 -0.00458525 
v -0.085319 0.0161246 -0.00444565 
v -0.0856143 0.0159689 -0.00428046 
v -0.0858967 0.01582 -0.00409089 
v -0.0861647 0.0156787 -0.00387824 
v -0.0864169 0.0155457 -0.00364398 
v -0.0866519 0.0154218 -0.00338966 
v -0.0868687 0.0153075 -0.00311694 
v -0.0870714 0.0152006 -0.00281905 
v -0.0872478 0.0151076 -0.00251456 
v -0.0874031 0.0150257 -0.00219702 
v -0.0875367 0.0149553 -0.0018685 
v -0.087648 0.0148966 -0.00153097 
v -0.0877366 0.0148499 -0.00118642 
v -0.0878023 0.0148152 -0.000836864 
v -0.087845 0.0147927 -0.000484304 
v -0.0878648 0.0147823 -0.000130737 
v -0.0878663 0.0147814 0 
v -0.0891589 0.016621 0.000356411 
v -0.0891231 0.0166368 0.000711291 
v -0.0890635 0.016663 0.00106253 
v -0.0889805 0.0166996 0.0014082 
v -0.0888745 0.0167463 0.00174643 
v -0.088746 0.0168029 0.00207537 
v -0.0885777 0.0168771 0.00242776 
v -0.088384 0.0169625 0.00276347 
v -0.0881746 0.0170547 0.00306919 
v -0.0879368 0.0171595 0.00336425 
v -0.0876789 0.0172732 0.00363654 
v -0.0874029 0.0173948 0.00388438 
v -0.0871108 0.0175236 0.00410652 
v -0.0868044 0.0176586 0.00430184 
v -0.086486 0.0177989 0.00446942 
v -0.0861576 0.0179436 0.0046085 
v -0.0858212 0.0180918 0.00471851 
v -0.0854791 0.0182426 0.00479907 
v -0.0851334 0.018395 0.00484996 
v -0.0847861 0.018548 0.00487115 
v -0.0844867 0.0186799 0.00486566 
v -0.0841424 0.0188317 0.00483204 
v -0.0838023 0.0189815 0.00476958 
v -0.0834687 0.0191286 0.00467894 
v -0.0831435 0.0192719 0.00456088 
v -0.0828284 0.0194107 0.00441637 
v -0.0825253 0.0195443 0.00424648 
v -0.0822358 0.0196719 0.00405243 
v -0.0819615 0.0197928 0.00383559 
v -0.0817039 0.0199063 0.00359742 
v -0.0814642 0.0200119 0.00333949 
v -0.0812436 0.0201091 0.00306349 
v -0.0810498 0.0201945 0.00278144 
v -0.0808699 0.0202738 0.0024749 
v -0.080712 0.0203434 0.00215586 
v -0.0805767 0.020403 0.00182609 
v -0.0804646 0.0204525 0.00148755 
v -0.0803759 0.0204915 0.00114225 
v -0.0803109 0.0205201 0.000792204 
v -0.0802698 0.0205383 0.000439406 
v -0.0802523 0.020546 8.58529e-05 
v -0.080258 0.0205435 -0.00026201 
v -0.0802876 0.0205304 -0.000617603 
v -0.0803409 0.020507 -0.00096999 
v -0.0804177 0.0204731 -0.00131732 
v -0.0805177 0.020429 -0.0016577 
v -0.0806403 0.020375 -0.00198928 
v -0.0808025 0.0203035 -0.00234556 
v -0.0809904 0.0202207 -0.00268567 
v -0.0811934 0.0201313 -0.00299439 
v -0.0814261 0.0200287 -0.00329474 
v -0.0816793 0.0199171 -0.00357274 
v -0.0819511 0.0197974 -0.00382663 
v -0.0822395 0.0196703 -0.00405511 
v -0.0825426 0.0195367 -0.00425702 
v -0.0828583 0.0193976 -0.00443139 
v -0.0831845 0.0192538 -0.00457744 
v -0.0835191 0.0191064 -0.00469454 
v -0.08386 0.0189561 -0.00478227 
v -0.0842051 0.0188041 -0.00484036 
v -0.0845522 0.0186511 -0.00486874 
v -0.0848703 0.0185109 -0.00486874 
v -0.0852153 0.0183589 -0.00484062 
v -0.0855563 0.0182086 -0.00478357 
v -0.0858913 0.018061 -0.00469819 
v -0.0862182 0.0179169 -0.00458525 
v -0.0865354 0.0177771 -0.00444565 
v -0.0868408 0.0176425 -0.00428046 
v -0.087133 0.0175137 -0.00409089 
v -0.0874103 0.0173916 -0.00387824 
v -0.0876712 0.0172766 -0.00364398 
v -0.0879144 0.0171694 -0.00338966 
v -0.0881387 0.0170706 -0.00311694 
v -0.0883484 0.0169781 -0.00281905 
v -0.0885309 0.0168977 -0.00251456 
v -0.0886916 0.0168269 -0.00219702 
v -0.0888298 0.016766 -0.0018685 
v -0.0889449 0.0167153 -0.00153097 
v -0.0890366 0.0166749 -0.00118642 
v -0.0891046 0.0166449 -0.000836864 
v -0.0891488 0.0166254 -0.000484304 
v -0.0891693 0.0166164 -0.000130737 
v -0.0891709 0.0166157 0 
v -0.0904664 0.0187672 0.000356411 
v -0.0904295 0.0187803 0.000711291 
v -0.0903681 0.0188021 0.00106253 
v -0.0902826 0.0188324 0.0014082 
v -0.0901734 0.0188711 0.00174643 
v -0.0900411 0.018918 0.00207537 
v -0.0898678 0.0189795 0.00242776 
v -0.0896683 0.0190502 0.00276347 
v -0.0894526 0.0191267 0.00306919 
v -0.0892077 0.0192135 0.00336425 
v -0.0889421 0.0193077 0.00363654 
v -0.0886578 0.0194085 0.00388438 
v -0.0883569 0.0195152 0.00410652 
v -0.0880415 0.0196271 0.00430184 
v -0.0877135 0.0197434 0.00446942 
v -0.0873753 0.0198633 0.0046085 
v -0.0870289 0.0199862 0.00471851 
v -0.0866765 0.0201111 0.00479907 
v -0.0863204 0.0202374 0.00484996 
v -0.0859628 0.0203642 0.00487115 
v -0.0856544 0.0204735 0.00486566 
v -0.0852997 0.0205993 0.00483204 
v -0.0849496 0.0207235 0.00476958 
v -0.084606 0.0208453 0.00467894 
v -0.084271 0.0209641 0.00456088 
v -0.0839465 0.0210791 0.00441637 
v -0.0836344 0.0211898 0.00424648 
v -0.0833362 0.0212956 0.00405243 
v -0.0830537 0.0213957 0.00383559 
v -0.0827883 0.0214898 0.00359742 
v -0.0825414 0.0215774 0.00333949 
v -0.0823143 0.0216579 0.00306349 
v -0.0821147 0.0217287 0.00278144 
v -0.0819294 0.0217944 0.0024749 
v -0.0817668 0.0218521 0.00215586 
v -0.0816274 0.0219015 0.00182609 
v -0.0815119 0.0219425 0.00148755 
v -0.0814206 0.0219748 0.00114225 
v -0.0813537 0.0219986 0.000792204 
v -0.0813113 0.0220136 0.000439406 
v -0.0812933 0.02202 8.58529e-05 
v -0.0812992 0.0220179 -0.00026201 
v -0.0813296 0.0220071 -0.000617603 
v -0.0813845 0.0219876 -0.00096999 
v -0.0814637 0.0219596 -0.00131732 
v -0.0815667 0.021923 -0.0016577 
v -0.0816929 0.0218783 -0.00198928 
v -0.08186 0.021819 -0.00234556 
v -0.0820535 0.0217504 -0.00268567 
v -0.0822626 0.0216763 -0.00299439 
v -0.0825022 0.0215913 -0.00329474 
v -0.082763 0.0214988 -0.00357274 
v -0.0830429 0.0213996 -0.00382663 
v -0.08334 0.0212942 -0.00405511 
v -0.0836521 0.0211835 -0.00425702 
v -0.0839772 0.0210683 -0.00443139 
v -0.0843132 0.0209491 -0.00457744 
v -0.0846578 0.0208269 -0.00469454 
v -0.085009 0.0207024 -0.00478227 
v -0.0853643 0.0205764 -0.00484036 
v -0.0857218 0.0204496 -0.00486874 
v -0.0860495 0.0203335 -0.00486874 
v -0.0864048 0.0202075 -0.00484062 
v -0.086756 0.0200829 -0.00478357 
v -0.087101 0.0199606 -0.00469819 
v -0.0874377 0.0198412 -0.00458525 
v -0.0877643 0.0197254 -0.00444565 
v -0.088079 0.0196138 -0.00428046 
v -0.0883799 0.0195071 -0.00409089 
v -0.0886655 0.0194058 -0.00387824 
v -0.0889342 0.0193105 -0.00364398 
v -0.0891847 0.0192217 -0.00338966 
v -0.0894156 0.0191398 -0.00311694 
v -0.0896316 0.0190632 -0.00281905 
v -0.0898196 0.0189966 -0.00251456 
v -0.0899851 0.0189379 -0.00219702 
v -0.0901274 0.0188874 -0.0018685 
v -0.090246 0.0188454 -0.00153097 
v -0.0903404 0.0188119 -0.00118642 
v -0.0904104 0.0187871 -0.000836864 
v -0.0904559 0.0187709 -0.000484304 
v -0.090477 0.0187634 -0.000130737 
v -0.0904787 0.0187629 0 
v -0.0916321 0.0210293 0.000356411 
v -0.0915943 0.0210397 0.000711291 
v -0.0915316 0.021057 0.00106253 
v -0.0914442 0.0210812 0.0014082 
v -0.0913325 0.021112 0.00174643 
v -0.0911972 0.0211494 0.00207537 
v -0.09102 0.0211983 0.00242776 
v -0.090816 0.0212547 0.00276347 
v -0.0905955 0.0213156 0.00306919 
v -0.090345 0.0213848 0.00336425 
v -0.0900734 0.0214598 0.00363654 
v -0.0897828 0.0215401 0.00388438 
v -0.0894751 0.0216251 0.00410652 
v -0.0891525 0.0217142 0.00430184 
v -0.0888172 0.0218069 0.00446942 
v -0.0884713 0.0219024 0.0046085 
v -0.0881171 0.0220003 0.00471851 
v -0.0877568 0.0220998 0.00479907 
v -0.0873927 0.0222004 0.00484996 
v -0.087027 0.0223014 0.00487115 
v -0.0867117 0.0223885 0.00486566 
v -0.086349 0.0224887 0.00483204 
v -0.0859909 0.0225876 0.00476958 
v -0.0856396 0.0226847 0.00467894 
v -0.0852971 0.0227793 0.00456088 
v -0.0849653 0.0228709 0.00441637 
v -0.0846461 0.0229591 0.00424648 
v -0.0843412 0.0230433 0.00405243 
v -0.0840524 0.0231231 0.00383559 
v -0.083781 0.0231981 0.00359742 
v -0.0835285 0.0232678 0.00333949 
v -0.0832963 0.023332 0.00306349 
v -0.0830922 0.0233884 0.00278144 
v -0.0829027 0.0234407 0.0024749 
v -0.0827364 0.0234867 0.00215586 
v -0.082594 0.023526 0.00182609 
v -0.0824758 0.0235587 0.00148755 
v -0.0823825 0.0235844 0.00114225 
v -0.0823141 0.0236033 0.000792204 
v -0.0822707 0.0236153 0.000439406 
v -0.0822523 0.0236204 8.58529e-05 
v -0.0822584 0.0236187 -0.00026201 
v -0.0822895 0.0236101 -0.000617603 
v -0.0823456 0.0235946 -0.00096999 
v -0.0824265 0.0235723 -0.00131732 
v -0.0825318 0.0235432 -0.0016577 
v -0.0826609 0.0235075 -0.00198928 
v -0.0828317 0.0234603 -0.00234556 
v -0.0830296 0.0234057 -0.00268567 
v -0.0832434 0.0233466 -0.00299439 
v -0.0834884 0.0232789 -0.00329474 
v -0.0837551 0.0232053 -0.00357274 
v -0.0840414 0.0231262 -0.00382663 
v -0.0843451 0.0230423 -0.00405511 
v -0.0846643 0.0229541 -0.00425702 
v -0.0849967 0.0228623 -0.00443139 
v -0.0853402 0.0227674 -0.00457744 
v -0.0856926 0.02267 -0.00469454 
v -0.0860517 0.0225708 -0.00478227 
v -0.0864151 0.0224704 -0.00484036 
v -0.0867806 0.0223695 -0.00486874 
v -0.0871156 0.0222769 -0.00486874 
v -0.087479 0.0221765 -0.00484062 
v -0.0878381 0.0220773 -0.00478357 
v -0.0881908 0.0219799 -0.00469819 
v -0.0885352 0.0218848 -0.00458525 
v -0.0888691 0.0217925 -0.00444565 
v -0.0891909 0.0217036 -0.00428046 
v -0.0894986 0.0216186 -0.00409089 
v -0.0897906 0.021538 -0.00387824 
v -0.0900654 0.0214621 -0.00364398 
v -0.0903215 0.0213913 -0.00338966 
v -0.0905576 0.0213261 -0.00311694 
v -0.0907785 0.021265 -0.00281905 
v -0.0909707 0.021212 -0.00251456 
v -0.09114 0.0211652 -0.00219702 
v -0.0912855 0.021125 -0.0018685 
v -0.0914067 0.0210915 -0.00153097 
v -0.0915033 0.0210648 -0.00118642 
v -0.0915748 0.0210451 -0.000836864 
v -0.0916214 0.0210322 -0.000484304 
v -0.091643 0.0210262 -0.000130737 
v -0.0916446 0.0210258 0 
v -0.0926972 0.0235045 0.000356411 
v -0.0926588 0.0235123 0.000711291 
v -0.092595 0.0235251 0.00106253 
v -0.0925061 0.0235429 0.0014082 
v -0.0923926 0.0235657 0.00174643 
v -0.0922549 0.0235934 0.00207537 
v -0.0920747 0.0236296 0.00242776 
v -0.0918672 0.0236712 0.00276347 
v -0.091643 0.0237163 0.00306919 
v -0.0913883 0.0237674 0.00336425 
v -0.091112 0.0238229 0.00363654 
v -0.0908164 0.0238823 0.00388438 
v -0.0905035 0.0239451 0.00410652 
v -0.0901755 0.024011 0.00430184 
v -0.0898344 0.0240795 0.00446942 
v -0.0894827 0.0241502 0.0046085 
v -0.0891224 0.0242225 0.00471851 
v -0.088756 0.0242961 0.00479907 
v -0.0883857 0.0243705 0.00484996 
v -0.0880137 0.0244452 0.00487115 
v -0.0876931 0.0245096 0.00486566 
v -0.0873243 0.0245837 0.00483204 
v -0.0869601 0.0246568 0.00476958 
v -0.0866028 0.0247286 0.00467894 
v -0.0862544 0.0247985 0.00456088 
v -0.085917 0.0248663 0.00441637 
v -0.0855924 0.0249315 0.00424648 
v -0.0852823 0.0249938 0.00405243 
v -0.0849885 0.0250528 0.00383559 
v -0.0847125 0.0251082 0.00359742 
v -0.0844558 0.0251598 0.00333949 
v -0.0842196 0.0252072 0.00306349 
v -0.0840121 0.0252489 0.00278144 
v -0.0838193 0.0252876 0.0024749 
v -0.0836502 0.0253216 0.00215586 
v -0.0835053 0.0253507 0.00182609 
v -0.0833852 0.0253748 0.00148755 
v -0.0832902 0.0253939 0.00114225 
v -0.0832207 0.0254078 0.000792204 
v -0.0831766 0.0254167 0.000439406 
v -0.0831578 0.0254204 8.58529e-05 
v -0.083164 0.0254192 -0.00026201 
v -0.0831956 0.0254129 -0.000617603 
v -0.0832527 0.0254014 -0.00096999 
v -0.083335 0.0253849 -0.00131732 
v -0.0834421 0.0253634 -0.0016577 
v -0.0835734 0.025337 -0.00198928 
v -0.0837471 0.0253021 -0.00234556 
v -0.0839484 0.0252617 -0.00268567 
v -0.0841658 0.025218 -0.00299439 
v -0.084415 0.025168 -0.00329474 
v -0.0846862 0.0251135 -0.00357274 
v -0.0849773 0.025055 -0.00382663 
v -0.0852862 0.024993 -0.00405511 
v -0.0856108 0.0249278 -0.00425702 
v -0.0859489 0.0248599 -0.00443139 
v -0.0862983 0.0247897 -0.00457744 
v -0.0866567 0.0247177 -0.00469454 
v -0.0870219 0.0246444 -0.00478227 
v -0.0873914 0.0245702 -0.00484036 
v -0.0877632 0.0244955 -0.00486874 
v -0.0881039 0.0244271 -0.00486874 
v -0.0884734 0.0243529 -0.00484062 
v -0.0888387 0.0242795 -0.00478357 
v -0.0891974 0.0242074 -0.00469819 
v -0.0895476 0.0241371 -0.00458525 
v -0.0898873 0.0240689 -0.00444565 
v -0.0902145 0.0240032 -0.00428046 
v -0.0905274 0.0239403 -0.00409089 
v -0.0908244 0.0238807 -0.00387824 
v -0.0911038 0.0238246 -0.00364398 
v -0.0913643 0.0237722 -0.00338966 
v -0.0916045 0.023724 -0.00311694 
v -0.0918291 0.0236789 -0.00281905 
v -0.0920246 0.0236396 -0.00251456 
v -0.0921967 0.0236051 -0.00219702 
v -0.0923447 0.0235753 -0.0018685 
v -0.092468 0.0235506 -0.00153097 
v -0.0925662 0.0235309 -0.00118642 
v -0.092639 0.0235162 -0.000836864 
v -0.0926863 0.0235067 -0.000484304 
v -0.0927083 0.0235023 -0.000130737 
v -0.09271 0.023502 0 
v -0.0936336 0.026176 0.000356411 
v -0.0935948 0.026181 0.000711291 
v -0.0935302 0.0261892 0.00106253 
v -0.0934403 0.0262008 0.0014082 
v -0.0933254 0.0262155 0.00174643 
v -0.0931861 0.0262333 0.00207537 
v -0.0930037 0.0262566 0.00242776 
v -0.0927938 0.0262835 0.00276347 
v -0.0925669 0.0263125 0.00306919 
v -0.0923092 0.0263455 0.00336425 
v -0.0920297 0.0263812 0.00363654 
v -0.0917306 0.0264195 0.00388438 
v -0.091414 0.02646 0.00410652 
v -0.091082 0.0265025 0.00430184 
v -0.0907369 0.0265466 0.00446942 
v -0.090381 0.0265922 0.0046085 
v -0.0900165 0.0266388 0.00471851 
v -0.0896457 0.0266863 0.00479907 
v -0.089271 0.0267342 0.00484996 
v -0.0888947 0.0267824 0.00487115 
v -0.0885702 0.0268239 0.00486566 
v -0.088197 0.0268716 0.00483204 
v -0.0878285 0.0269188 0.00476958 
v -0.087467 0.026965 0.00467894 
v -0.0871145 0.0270101 0.00456088 
v -0.0867731 0.0270538 0.00441637 
v -0.0864446 0.0270958 0.00424648 
v -0.0861309 0.027136 0.00405243 
v -0.0858336 0.027174 0.00383559 
v -0.0855543 0.0272097 0.00359742 
v -0.0852946 0.027243 0.00333949 
v -0.0850555 0.0272736 0.00306349 
v -0.0848456 0.0273004 0.00278144 
v -0.0846505 0.0273254 0.0024749 
v -0.0844794 0.0273473 0.00215586 
v -0.0843328 0.027366 0.00182609 
v -0.0842113 0.0273816 0.00148755 
v -0.0841152 0.0273939 0.00114225 
v -0.0840448 0.0274029 0.000792204 
v -0.0840002 0.0274086 0.000439406 
v -0.0839812 0.027411 8.58529e-05 
v -0.0839874 0.0274102 -0.00026201 
v -0.0840194 0.0274061 -0.000617603 
v -0.0840772 0.0273987 -0.00096999 
v -0.0841605 0.0273881 -0.00131732 
v -0.0842688 0.0273742 -0.0016577 
v -0.0844017 0.0273572 -0.00198928 
v -0.0845775 0.0273347 -0.00234556 
v -0.0847811 0.0273087 -0.00268567 
v -0.0850011 0.0272805 -0.00299439 
v -0.0852533 0.0272483 -0.00329474 
v -0.0855277 0.0272131 -0.00357274 
v -0.0858223 0.0271755 -0.00382663 
v -0.0861348 0.0271355 -0.00405511 
v -0.0864633 0.0270934 -0.00425702 
v -0.0868054 0.0270497 -0.00443139 
v -0.0871589 0.0270044 -0.00457744 
v -0.0875216 0.026958 -0.00469454 
v -0.087891 0.0269108 -0.00478227 
v -0.088265 0.0268629 -0.00484036 
v -0.0886411 0.0268148 -0.00486874 
v -0.0889859 0.0267707 -0.00486874 
v -0.0893598 0.0267228 -0.00484062 
v -0.0897294 0.0266756 -0.00478357 
v -0.0900924 0.0266291 -0.00469819 
v -0.0904467 0.0265838 -0.00458525 
v -0.0907904 0.0265398 -0.00444565 
v -0.0911215 0.0264974 -0.00428046 
v -0.0914381 0.0264569 -0.00409089 
v -0.0917386 0.0264185 -0.00387824 
v -0.0920214 0.0263823 -0.00364398 
v -0.0922849 0.0263486 -0.00338966 
v -0.092528 0.0263175 -0.00311694 
v -0.0927553 0.0262884 -0.00281905 
v -0.092953 0.0262631 -0.00251456 
v -0.0931272 0.0262408 -0.00219702 
v -0.093277 0.0262216 -0.0018685 
v -0.0934017 0.0262057 -0.00153097 
v -0.0935011 0.026193 -0.00118642 
v -0.0935747 0.0261835 -0.000836864 
v -0.0936226 0.0261774 -0.000484304 
v -0.0936448 0.0261746 -0.000130737 
v -0.0936466 0.0261744 0 
v -0.0944244 0.0290693 0.000356411 
v -0.0943853 0.0290714 0.000711291 
v -0.0943203 0.029075 0.00106253 
v -0.0942298 0.0290801 0.0014082 
v -0.0941141 0.0290865 0.00174643 
v -0.0939739 0.0290942 0.00207537 
v -0.0937903 0.0291044 0.00242776 
v -0.0935789 0.0291161 0.00276347 
v -0.0933505 0.0291287 0.00306919 
v -0.093091 0.0291431 0.00336425 
v -0.0928096 0.0291587 0.00363654 
v -0.0925085 0.0291754 0.00388438 
v -0.0921897 0.029193 0.00410652 
v -0.0918555 0.0292115 0.00430184 
v -0.0915081 0.0292308 0.00446942 
v -0.0911497 0.0292506 0.0046085 
v -0.0907827 0.0292709 0.00471851 
v -0.0904095 0.0292916 0.00479907 
v -0.0900322 0.0293125 0.00484996 
v -0.0896533 0.0293334 0.00487115 
v -0.0893267 0.0293515 0.00486566 
v -0.0889509 0.0293723 0.00483204 
v -0.0885799 0.0293929 0.00476958 
v -0.088216 0.029413 0.00467894 
v -0.0878611 0.0294327 0.00456088 
v -0.0875173 0.0294517 0.00441637 
v -0.0871866 0.02947 0.00424648 
v -0.0868708 0.0294875 0.00405243 
v -0.0865715 0.0295041 0.00383559 
v -0.0862903 0.0295196 0.00359742 
v -0.0860288 0.0295341 0.00333949 
v -0.0857882 0.0295474 0.00306349 
v -0.0855767 0.0295591 0.00278144 
v -0.0853804 0.02957 0.0024749 
v -0.0852081 0.0295796 0.00215586 
v -0.0850605 0.0295877 0.00182609 
v -0.0849382 0.0295945 0.00148755 
v -0.0848414 0.0295999 0.00114225 
v -0.0847705 0.0296038 0.000792204 
v -0.0847256 0.0296063 0.000439406 
v -0.0847065 0.0296073 8.58529e-05 
v -0.0847128 0.029607 -0.00026201 
v -0.084745 0.0296052 -0.000617603 
v -0.0848032 0.029602 -0.00096999 
v -0.084887 0.0295973 -0.00131732 
v -0.0849961 0.0295913 -0.0016577 
v -0.0851299 0.0295839 -0.00198928 
v -0.0853069 0.0295741 -0.00234556 
v -0.0855119 0.0295627 -0.00268567 
v -0.0857334 0.0295505 -0.00299439 
v -0.0859872 0.0295364 -0.00329474 
v -0.0862636 0.0295211 -0.00357274 
v -0.0865601 0.0295047 -0.00382663 
v -0.0868748 0.0294873 -0.00405511 
v -0.0872055 0.029469 -0.00425702 
v -0.0875499 0.0294499 -0.00443139 
v -0.0879058 0.0294302 -0.00457744 
v -0.0882709 0.02941 -0.00469454 
v -0.0886429 0.0293894 -0.00478227 
v -0.0890194 0.0293685 -0.00484036 
v -0.0893981 0.0293476 -0.00486874 
v -0.0897452 0.0293284 -0.00486874 
v -0.0901216 0.0293075 -0.00484062 
v -0.0904937 0.0292869 -0.00478357 
v -0.0908591 0.0292667 -0.00469819 
v -0.0912159 0.0292469 -0.00458525 
v -0.0915619 0.0292278 -0.00444565 
v -0.0918952 0.0292093 -0.00428046 
v -0.092214 0.0291917 -0.00409089 
v -0.0925166 0.0291749 -0.00387824 
v -0.0928012 0.0291592 -0.00364398 
v -0.0930666 0.0291445 -0.00338966 
v -0.0933113 0.0291309 -0.00311694 
v -0.0935401 0.0291182 -0.00281905 
v -0.0937392 0.0291072 -0.00251456 
v -0.0939146 0.0290975 -0.00219702 
v -0.0940654 0.0290892 -0.0018685 
v -0.094191 0.0290822 -0.00153097 
v -0.094291 0.0290767 -0.00118642 
v -0.0943651 0.0290726 -0.000836864 
v -0.0944134 0.0290699 -0.000484304 
v -0.0944357 0.0290687 -0.000130737 
v -0.0944375 0.0290686 0 
v -0.0950396 0.032196 0.000356411 
v -0.0950005 0.0321952 0.000711291 
v -0.0949354 0.032194 0.00106253 
v -0.0948447 0.0321923 0.0014082 
v -0.0947289 0.0321902 0.00174643 
v -0.0945885 0.0321875 0.00207537 
v -0.0944046 0.0321841 0.00242776 
v -0.094193 0.0321801 0.00276347 
v -0.0939643 0.0321758 0.00306919 
v -0.0937045 0.032171 0.00336425 
v -0.0934227 0.0321657 0.00363654 
v -0.0931212 0.0321601 0.00388438 
v -0.092802 0.0321541 0.00410652 
v -0.0924673 0.0321478 0.00430184 
v -0.0921194 0.0321413 0.00446942 
v -0.0917606 0.0321346 0.0046085 
v -0.0913931 0.0321277 0.00471851 
v -0.0910194 0.0321207 0.00479907 
v -0.0906416 0.0321137 0.00484996 
v -0.0902622 0.0321066 0.00487115 
v -0.0899352 0.0321004 0.00486566 
v -0.0895589 0.0320934 0.00483204 
v -0.0891874 0.0320864 0.00476958 
v -0.088823 0.0320796 0.00467894 
v -0.0884676 0.032073 0.00456088 
v -0.0881234 0.0320665 0.00441637 
v -0.0877923 0.0320603 0.00424648 
v -0.087476 0.0320544 0.00405243 
v -0.0871763 0.0320488 0.00383559 
v -0.0868948 0.0320435 0.00359742 
v -0.0866329 0.0320386 0.00333949 
v -0.086392 0.0320341 0.00306349 
v -0.0861803 0.0320302 0.00278144 
v -0.0859837 0.0320265 0.0024749 
v -0.0858112 0.0320233 0.00215586 
v -0.0856634 0.0320205 0.00182609 
v -0.0855408 0.0320182 0.00148755 
v -0.085444 0.0320164 0.00114225 
v -0.085373 0.0320151 0.000792204 
v -0.085328 0.0320142 0.000439406 
v -0.0853089 0.0320139 8.58529e-05 
v -0.0853152 0.032014 -0.00026201 
v -0.0853475 0.0320146 -0.000617603 
v -0.0854057 0.0320157 -0.00096999 
v -0.0854896 0.0320172 -0.00131732 
v -0.0855989 0.0320193 -0.0016577 
v -0.0857328 0.0320218 -0.00198928 
v -0.08591 0.0320251 -0.00234556 
v -0.0861153 0.0320289 -0.00268567 
v -0.0863371 0.0320331 -0.00299439 
v -0.0865913 0.0320379 -0.00329474 
v -0.086868 0.032043 -0.00357274 
v -0.0871649 0.0320486 -0.00382663 
v -0.08748 0.0320545 -0.00405511 
v -0.0878111 0.0320607 -0.00425702 
v -0.088156 0.0320671 -0.00443139 
v -0.0885124 0.0320738 -0.00457744 
v -0.088878 0.0320807 -0.00469454 
v -0.0892505 0.0320876 -0.00478227 
v -0.0896274 0.0320947 -0.00484036 
v -0.0900067 0.0321018 -0.00486874 
v -0.0903542 0.0321083 -0.00486874 
v -0.0907311 0.0321153 -0.00484062 
v -0.0911037 0.0321223 -0.00478357 
v -0.0914697 0.0321292 -0.00469819 
v -0.0918269 0.0321358 -0.00458525 
v -0.0921733 0.0321423 -0.00444565 
v -0.0925071 0.0321486 -0.00428046 
v -0.0928263 0.0321545 -0.00409089 
v -0.0931293 0.0321602 -0.00387824 
v -0.0934143 0.0321656 -0.00364398 
v -0.09368 0.0321705 -0.00338966 
v -0.093925 0.0321751 -0.00311694 
v -0.0941542 0.0321794 -0.00281905 
v -0.0943535 0.0321831 -0.00251456 
v -0.0945291 0.0321864 -0.00219702 
v -0.0946801 0.0321892 -0.0018685 
v -0.0948059 0.0321916 -0.00153097 
v -0.094906 0.0321935 -0.00118642 
v -0.0949803 0.0321949 -0.000836864 
v -0.0950286 0.0321958 -0.000484304 
v -0.0950509 0.0321962 -0.000130737 
v -0.0950527 0.0321962 0 
v -0.0954361 0.0354966 0.000356411 
v -0.0953971 0.0354929 0.000711291 
v -0.0953324 0.0354868 0.00106253 
v -0.0952421 0.0354782 0.0014082 
v -0.0951268 0.0354673 0.00174643 
v -0.094987 0.035454 0.00207537 
v -0.094804 0.0354366 0.00242776 
v -0.0945933 0.0354166 0.00276347 
v -0.0943656 0.035395 0.00306919 
v -0.094107 0.0353704 0.00336425 
v -0.0938265 0.0353438 0.00363654 
v -0.0935263 0.0353153 0.00388438 
v -0.0932085 0.0352852 0.00410652 
v -0.0928754 0.0352535 0.00430184 
v -0.0925291 0.0352207 0.00446942 
v -0.0921719 0.0351867 0.0046085 
v -0.0918061 0.035152 0.00471851 
v -0.091434 0.0351167 0.00479907 
v -0.0910579 0.035081 0.00484996 
v -0.0906803 0.0350451 0.00487115 
v -0.0903547 0.0350142 0.00486566 
v -0.0899801 0.0349787 0.00483204 
v -0.0896103 0.0349436 0.00476958 
v -0.0892475 0.0349091 0.00467894 
v -0.0888938 0.0348755 0.00456088 
v -0.0885511 0.034843 0.00441637 
v -0.0882214 0.0348117 0.00424648 
v -0.0879066 0.0347818 0.00405243 
v -0.0876083 0.0347535 0.00383559 
v -0.087328 0.0347269 0.00359742 
v -0.0870673 0.0347021 0.00333949 
v -0.0868275 0.0346794 0.00306349 
v -0.0866167 0.0346593 0.00278144 
v -0.086421 0.0346408 0.0024749 
v -0.0862493 0.0346245 0.00215586 
v -0.0861021 0.0346105 0.00182609 
v -0.0859802 0.0345989 0.00148755 
v -0.0858837 0.0345898 0.00114225 
v -0.0858131 0.0345831 0.000792204 
v -0.0857683 0.0345788 0.000439406 
v -0.0857493 0.034577 8.58529e-05 
v -0.0857555 0.0345776 -0.00026201 
v -0.0857877 0.0345806 -0.000617603 
v -0.0858456 0.0345861 -0.00096999 
v -0.0859292 0.0345941 -0.00131732 
v -0.0860379 0.0346044 -0.0016577 
v -0.0861713 0.0346171 -0.00198928 
v -0.0863477 0.0346338 -0.00234556 
v -0.0865521 0.0346532 -0.00268567 
v -0.0867728 0.0346742 -0.00299439 
v -0.0870259 0.0346982 -0.00329474 
v -0.0873013 0.0347243 -0.00357274 
v -0.0875969 0.0347524 -0.00382663 
v -0.0879106 0.0347822 -0.00405511 
v -0.0882402 0.0348135 -0.00425702 
v -0.0885835 0.0348461 -0.00443139 
v -0.0889383 0.0348798 -0.00457744 
v -0.0893023 0.0349143 -0.00469454 
v -0.089673 0.0349495 -0.00478227 
v -0.0900483 0.0349851 -0.00484036 
v -0.0904258 0.035021 -0.00486874 
v -0.0907718 0.0350538 -0.00486874 
v -0.091147 0.0350894 -0.00484062 
v -0.0915179 0.0351247 -0.00478357 
v -0.0918822 0.0351592 -0.00469819 
v -0.0922378 0.035193 -0.00458525 
v -0.0925827 0.0352257 -0.00444565 
v -0.092915 0.0352573 -0.00428046 
v -0.0932328 0.0352875 -0.00409089 
v -0.0935343 0.0353161 -0.00387824 
v -0.0938181 0.035343 -0.00364398 
v -0.0940826 0.0353681 -0.00338966 
v -0.0943265 0.0353913 -0.00311694 
v -0.0945546 0.0354129 -0.00281905 
v -0.0947531 0.0354318 -0.00251456 
v -0.0949279 0.0354484 -0.00219702 
v -0.0950782 0.0354627 -0.0018685 
v -0.0952034 0.0354745 -0.00153097 
v -0.0953031 0.035484 -0.00118642 
v -0.095377 0.035491 -0.000836864 
v -0.0954251 0.0354956 -0.000484304 
v -0.0954474 0.0354977 -0.000130737 
v -0.0954491 0.0354979 0 
v -0.0955827 0.0388808 0.000356411 
v -0.0955442 0.0388741 0.000711291 
v -0.09548 0.038863 0.00106253 
v -0.0953907 0.0388474 0.0014082 
v -0.0952766 0.0388276 0.00174643 
v -0.0951383 0.0388036 0.00207537 
v -0.0949571 0.0387721 0.00242776 
v -0.0947486 0.0387358 0.00276347 
v -0.0945233 0.0386967 0.00306919 
v -0.0942673 0.0386522 0.00336425 
v -0.0939897 0.0386039 0.00363654 
v -0.0936926 0.0385523 0.00388438 
v -0.0933782 0.0384976 0.00410652 
v -0.0930485 0.0384403 0.00430184 
v -0.0927058 0.0383807 0.00446942 
v -0.0923522 0.0383192 0.0046085 
v -0.0919902 0.0382563 0.00471851 
v -0.091622 0.0381923 0.00479907 
v -0.0912498 0.0381276 0.00484996 
v -0.090876 0.0380626 0.00487115 
v -0.0905538 0.0380066 0.00486566 
v -0.0901831 0.0379422 0.00483204 
v -0.0898171 0.0378786 0.00476958 
v -0.0894581 0.0378161 0.00467894 
v -0.089108 0.0377553 0.00456088 
v -0.0887689 0.0376963 0.00441637 
v -0.0884426 0.0376396 0.00424648 
v -0.088131 0.0375854 0.00405243 
v -0.0878358 0.0375341 0.00383559 
v -0.0875584 0.0374859 0.00359742 
v -0.0873004 0.0374411 0.00333949 
v -0.0870631 0.0373998 0.00306349 
v -0.0868545 0.0373635 0.00278144 
v -0.0866608 0.0373299 0.0024749 
v -0.0864908 0.0373003 0.00215586 
v -0.0863452 0.037275 0.00182609 
v -0.0862245 0.037254 0.00148755 
v -0.0861291 0.0372374 0.00114225 
v -0.0860592 0.0372253 0.000792204 
v -0.0860148 0.0372176 0.000439406 
v -0.085996 0.0372143 8.58529e-05 
v -0.0860022 0.0372154 -0.00026201 
v -0.086034 0.0372209 -0.000617603 
v -0.0860914 0.0372309 -0.00096999 
v -0.0861741 0.0372453 -0.00131732 
v -0.0862817 0.037264 -0.0016577 
v -0.0864137 0.0372869 -0.00198928 
v -0.0865882 0.0373172 -0.00234556 
v -0.0867905 0.0373524 -0.00268567 
v -0.087009 0.0373904 -0.00299439 
v -0.0872594 0.0374339 -0.00329474 
v -0.087532 0.0374813 -0.00357274 
v -0.0878246 0.0375322 -0.00382663 
v -0.088135 0.0375861 -0.00405511 
v -0.0884612 0.0376428 -0.00425702 
v -0.088801 0.0377019 -0.00443139 
v -0.0891521 0.0377629 -0.00457744 
v -0.0895123 0.0378256 -0.00469454 
v -0.0898792 0.0378893 -0.00478227 
v -0.0902506 0.0379539 -0.00484036 
v -0.0906242 0.0380189 -0.00486874 
v -0.0909666 0.0380784 -0.00486874 
v -0.091338 0.0381429 -0.00484062 
v -0.091705 0.0382067 -0.00478357 
v -0.0920656 0.0382694 -0.00469819 
v -0.0924175 0.0383306 -0.00458525 
v -0.0927588 0.0383899 -0.00444565 
v -0.0930877 0.0384471 -0.00428046 
v -0.0934022 0.0385018 -0.00409089 
v -0.0937006 0.0385536 -0.00387824 
v -0.0939815 0.0386025 -0.00364398 
v -0.0942432 0.038648 -0.00338966 
v -0.0944846 0.0386899 -0.00311694 
v -0.0947104 0.0387292 -0.00281905 
v -0.0949068 0.0387633 -0.00251456 
v -0.0950798 0.0387934 -0.00219702 
v -0.0952285 0.0388193 -0.0018685 
v -0.0953524 0.0388408 -0.00153097 
v -0.0954511 0.0388579 -0.00118642 
v -0.0955242 0.0388707 -0.000836864 
v -0.0955718 0.0388789 -0.000484304 
v -0.0955939 0.0388828 -0.000130737 
v -0.0955956 0.0388831 0 
v -0.0955832 0.0390939 0.000356411 
v -0.0955447 0.039087 0.000711291 
v -0.0954806 0.0390756 0.00106253 
v -0.0953913 0.0390596 0.0014082 
v -0.0952773 0.0390392 0.00174643 
v -0.0951391 0.0390145 0.00207537 
v -0.0949581 0.0389821 0.00242776 
v -0.0947498 0.0389448 0.00276347 
v -0.0945246 0.0389045 0.00306919 
v -0.0942689 0.0388588 0.00336425 
v -0.0939915 0.0388092 0.00363654 
v -0.0936947 0.0387561 0.00388438 
v -0.0933805 0.0386999 0.00410652 
v -0.0930511 0.0386409 0.00430184 
v -0.0927087 0.0385797 0.00446942 
v -0.0923554 0.0385165 0.0046085 
v -0.0919937 0.0384518 0.00471851 
v -0.0916258 0.0383859 0.00479907 
v -0.091254 0.0383194 0.00484996 
v -0.0908805 0.0382526 0.00487115 
v -0.0905585 0.038195 0.00486566 
v -0.0901882 0.0381287 0.00483204 
v -0.0898225 0.0380633 0.00476958 
v -0.0894638 0.0379991 0.00467894 
v -0.089114 0.0379366 0.00456088 
v -0.0887751 0.0378759 0.00441637 
v -0.0884492 0.0378176 0.00424648 
v -0.0881379 0.0377619 0.00405243 
v -0.0878429 0.0377092 0.00383559 
v -0.0875657 0.0376596 0.00359742 
v -0.087308 0.0376135 0.00333949 
v -0.0870708 0.037571 0.00306349 
v -0.0868624 0.0375337 0.00278144 
v -0.0866689 0.0374991 0.0024749 
v -0.086499 0.0374687 0.00215586 
v -0.0863536 0.0374427 0.00182609 
v -0.0862329 0.0374211 0.00148755 
v -0.0861376 0.0374041 0.00114225 
v -0.0860677 0.0373916 0.000792204 
v -0.0860235 0.0373837 0.000439406 
v -0.0860047 0.0373803 8.58529e-05 
v -0.0860108 0.0373814 -0.00026201 
v -0.0860426 0.0373871 -0.000617603 
v -0.0860999 0.0373973 -0.00096999 
v -0.0861826 0.0374121 -0.00131732 
v -0.0862901 0.0374314 -0.0016577 
v -0.0864219 0.0374549 -0.00198928 
v -0.0865964 0.0374861 -0.00234556 
v -0.0867985 0.0375223 -0.00268567 
v -0.0870168 0.0375614 -0.00299439 
v -0.087267 0.0376061 -0.00329474 
v -0.0875393 0.0376549 -0.00357274 
v -0.0878316 0.0377071 -0.00382663 
v -0.0881418 0.0377626 -0.00405511 
v -0.0884677 0.0378209 -0.00425702 
v -0.0888072 0.0378817 -0.00443139 
v -0.089158 0.0379444 -0.00457744 
v -0.0895179 0.0380088 -0.00469454 
v -0.0898845 0.0380744 -0.00478227 
v -0.0902556 0.0381408 -0.00484036 
v -0.0906289 0.0382076 -0.00486874 
v -0.090971 0.0382688 -0.00486874 
v -0.0913421 0.0383352 -0.00484062 
v -0.0917088 0.0384008 -0.00478357 
v -0.092069 0.0384652 -0.00469819 
v -0.0924207 0.0385281 -0.00458525 
v -0.0927617 0.0385891 -0.00444565 
v -0.0930903 0.0386479 -0.00428046 
v -0.0934045 0.0387041 -0.00409089 
v -0.0937027 0.0387575 -0.00387824 
v -0.0939833 0.0388077 -0.00364398 
v -0.0942448 0.0388545 -0.00338966 
v -0.094486 0.0388976 -0.00311694 
v -0.0947116 0.038938 -0.00281905 
v -0.0949078 0.0389731 -0.00251456 
v -0.0950807 0.039004 -0.00219702 
v -0.0952293 0.0390306 -0.0018685 
v -0.0953531 0.0390528 -0.00153097 
v -0.0954517 0.0390704 -0.00118642 
v -0.0955248 0.0390835 -0.000836864 
v -0.0955723 0.039092 -0.000484304 
v -0.0955943 0.0390959 -0.000130737 
v -0.095596 0.0390962 0 
v -0.0954482 0.0424719 0.000356411 
v -0.0954103 0.042462 0.000711291 
v -0.0953474 0.0424455 0.00106253 
v -0.0952596 0.0424225 0.0014082 
v -0.0951475 0.0423932 0.00174643 
v -0.0950117 0.0423576 0.00207537 
v -0.0948338 0.042311 0.00242776 
v -0.094629 0.0422573 0.00276347 
v -0.0944077 0.0421994 0.00306919 
v -0.0941563 0.0421335 0.00336425 
v -0.0938837 0.0420621 0.00363654 
v -0.0935919 0.0419857 0.00388438 
v -0.0932831 0.0419048 0.00410652 
v -0.0929593 0.04182 0.00430184 
v -0.0926227 0.0417318 0.00446942 
v -0.0922755 0.0416408 0.0046085 
v -0.0919199 0.0415477 0.00471851 
v -0.0915582 0.041453 0.00479907 
v -0.0911927 0.0413572 0.00484996 
v -0.0908256 0.0412611 0.00487115 
v -0.0905092 0.0411782 0.00486566 
v -0.0901451 0.0410828 0.00483204 
v -0.0897857 0.0409887 0.00476958 
v -0.089433 0.0408963 0.00467894 
v -0.0890892 0.0408062 0.00456088 
v -0.0887562 0.040719 0.00441637 
v -0.0884358 0.0406351 0.00424648 
v -0.0881297 0.0405549 0.00405243 
v -0.0878398 0.040479 0.00383559 
v -0.0875674 0.0404076 0.00359742 
v -0.087314 0.0403412 0.00333949 
v -0.0870808 0.0402802 0.00306349 
v -0.086876 0.0402265 0.00278144 
v -0.0866858 0.0401767 0.0024749 
v -0.0865188 0.040133 0.00215586 
v -0.0863758 0.0400955 0.00182609 
v -0.0862573 0.0400644 0.00148755 
v -0.0861636 0.0400399 0.00114225 
v -0.0860949 0.0400219 0.000792204 
v -0.0860514 0.0400105 0.000439406 
v -0.0860329 0.0400057 8.58529e-05 
v -0.086039 0.0400073 -0.00026201 
v -0.0860702 0.0400154 -0.000617603 
v -0.0861265 0.0400302 -0.00096999 
v -0.0862078 0.0400515 -0.00131732 
v -0.0863134 0.0400791 -0.0016577 
v -0.0864431 0.0401131 -0.00198928 
v -0.0866145 0.040158 -0.00234556 
v -0.0868132 0.04021 -0.00268567 
v -0.0870277 0.0402663 -0.00299439 
v -0.0872737 0.0403307 -0.00329474 
v -0.0875414 0.0404008 -0.00357274 
v -0.0878287 0.0404761 -0.00382663 
v -0.0881336 0.0405559 -0.00405511 
v -0.088454 0.0406398 -0.00425702 
v -0.0887877 0.0407273 -0.00443139 
v -0.0891325 0.0408176 -0.00457744 
v -0.0894863 0.0409102 -0.00469454 
v -0.0898467 0.0410046 -0.00478227 
v -0.0902114 0.0411002 -0.00484036 
v -0.0905784 0.0411963 -0.00486874 
v -0.0909146 0.0412844 -0.00486874 
v -0.0912794 0.0413799 -0.00484062 
v -0.0916398 0.0414743 -0.00478357 
v -0.0919939 0.0415671 -0.00469819 
v -0.0923396 0.0416576 -0.00458525 
v -0.0926748 0.0417454 -0.00444565 
v -0.0929978 0.04183 -0.00428046 
v -0.0933066 0.0419109 -0.00409089 
v -0.0935998 0.0419877 -0.00387824 
v -0.0938756 0.04206 -0.00364398 
v -0.0941327 0.0421273 -0.00338966 
v -0.0943697 0.0421894 -0.00311694 
v -0.0945914 0.0422475 -0.00281905 
v -0.0947844 0.042298 -0.00251456 
v -0.0949543 0.0423425 -0.00219702 
v -0.0951003 0.0423808 -0.0018685 
v -0.095222 0.0424127 -0.00153097 
v -0.0953189 0.042438 -0.00118642 
v -0.0953908 0.0424569 -0.000836864 
v -0.0954375 0.0424691 -0.000484304 
v -0.0954592 0.0424748 -0.000130737 
v -0.0954609 0.0424752 0 
v -0.0952914 0.0441507 0 
v -0.0952789 0.0441469 0.000356411 
v -0.0950403 0.0458087 0.000356411 
v -0.0952414 0.0441355 0.000711291 
v -0.0950033 0.0457957 0.000711291 
v -0.0951792 0.0441164 0.00106253 
v -0.0949419 0.0457741 0.00106253 
v -0.0948563 0.045744 0.0014082 
v -0.094747 0.0457056 0.00174643 
v -0.0948473 0.044015 0.00207537 
v -0.0946714 0.0439612 0.00242776 
v -0.0944411 0.045598 0.00242776 
v -0.0942414 0.0455277 0.00276347 
v -0.0940256 0.0454518 0.00306919 
v -0.0937804 0.0453656 0.00336425 
v -0.0935145 0.0452721 0.00363654 
v -0.09323 0.045172 0.00388438 
v -0.0929289 0.0450661 0.00410652 
v -0.0926131 0.044955 0.00430184 
v -0.0922848 0.0448395 0.00446942 
v -0.0919463 0.0447204 0.0046085 
v -0.0915995 0.0445985 0.00471851 
v -0.0912468 0.0444744 0.00479907 
v -0.0908904 0.0443491 0.00484996 
v -0.0905324 0.0442231 0.00487115 
v -0.0902238 0.0441146 0.00486566 
v -0.0898688 0.0439897 0.00483204 
v -0.0895183 0.0438664 0.00476958 
v -0.0891744 0.0437455 0.00467894 
v -0.0888391 0.0436275 0.00456088 
v -0.0885143 0.0435133 0.00441637 
v -0.0882018 0.0434034 0.00424648 
v -0.0879034 0.0432984 0.00405243 
v -0.0876206 0.043199 0.00383559 
v -0.087355 0.0431055 0.00359742 
v -0.0871079 0.0430186 0.00333949 
v -0.0868805 0.0429387 0.00306349 
v -0.0866808 0.0428684 0.00278144 
v -0.0864953 0.0428032 0.0024749 
v -0.0863325 0.0427459 0.00215586 
v -0.086193 0.0426968 0.00182609 
v -0.0860774 0.0426562 0.00148755 
v -0.085986 0.042624 0.00114225 
v -0.0859191 0.0426005 0.000792204 
v -0.0858766 0.0425855 0.000439406 
v -0.0858586 0.0425792 8.58529e-05 
v -0.0858645 0.0425813 -0.00026201 
v -0.085895 0.042592 -0.000617603 
v -0.0859499 0.0426113 -0.00096999 
v -0.0860291 0.0426392 -0.00131732 
v -0.0861322 0.0426754 -0.0016577 
v -0.0862586 0.0427199 -0.00198928 
v -0.0864258 0.0427787 -0.00234556 
v -0.0866195 0.0428469 -0.00268567 
v -0.0868288 0.0429205 -0.00299439 
v -0.0870686 0.0430048 -0.00329474 
v -0.0873297 0.0430966 -0.00357274 
v -0.0876099 0.0431952 -0.00382663 
v -0.0879072 0.0432998 -0.00405511 
v -0.0882196 0.0434097 -0.00425702 
v -0.088545 0.0435241 -0.00443139 
v -0.0888813 0.0436424 -0.00457744 
v -0.0892263 0.0437637 -0.00469454 
v -0.0895777 0.0438874 -0.00478227 
v -0.0899335 0.0440125 -0.00484036 
v -0.0902913 0.0441383 -0.00486874 
v -0.0906192 0.0442537 -0.00486874 
v -0.0909749 0.0443788 -0.00484062 
v -0.0913264 0.0445024 -0.00478357 
v -0.0916717 0.0446239 -0.00469819 
v -0.0920088 0.0447424 -0.00458525 
v -0.0923357 0.0448574 -0.00444565 
v -0.0926506 0.0449682 -0.00428046 
v -0.0929518 0.0450741 -0.00409089 
v -0.0932377 0.0451747 -0.00387824 
v -0.0935066 0.0452693 -0.00364398 
v -0.0937574 0.0453575 -0.00338966 
v -0.0939885 0.0454388 -0.00311694 
v -0.0942047 0.0455148 -0.00281905 
v -0.0943929 0.045581 -0.00251456 
v -0.0945586 0.0456393 -0.00219702 
v -0.094701 0.0456894 -0.0018685 
v -0.0948197 0.0457311 -0.00153097 
v -0.095151 0.0441078 -0.00118642 
v -0.0952221 0.0441295 -0.000836864 
v -0.0949842 0.045789 -0.000836864 
v -0.0949142 0.0457644 -0.00118642 
v -0.0952683 0.0441437 -0.000484304 
v -0.0950298 0.045805 -0.000484304 
v -0.0952897 0.0441502 -0.000130737 
v -0.0950509 0.0458125 -0.000130737 
v -0.0950526 0.045813 0 
v -0.0947509 0.0474235 0 
v -0.0947388 0.0474187 0.000356411 
v -0.0943692 0.0490095 0.000356411 
v -0.0947024 0.0474042 0.000711291 
v -0.0943335 0.0489934 0.000711291 
v -0.094642 0.04738 0.00106253 
v -0.0942741 0.0489667 0.00106253 
v -0.0945578 0.0473464 0.0014082 
v -0.0941914 0.0489295 0.0014082 
v -0.0944502 0.0473034 0.00174643 
v -0.0940858 0.0488819 0.00174643 
v -0.0943198 0.0472514 0.00207537 
v -0.0939578 0.0488243 0.00207537 
v -0.0946146 0.045659 0.00207537 
v -0.094149 0.0471832 0.00242776 
v -0.0937901 0.0487489 0.00242776 
v -0.0939524 0.0471047 0.00276347 
v -0.0935971 0.048662 0.00276347 
v -0.0933885 0.0485682 0.00306919 
v -0.0931516 0.0484616 0.00336425 
v -0.0928946 0.0483459 0.00363654 
v -0.0926197 0.0482222 0.00388438 
v -0.0923286 0.0480912 0.00410652 
v -0.0920234 0.0479539 0.00430184 
v -0.0917062 0.0478112 0.00446942 
v -0.091379 0.0476639 0.0046085 
v -0.0910439 0.0475131 0.00471851 
v -0.090703 0.0473598 0.00479907 
v -0.0903585 0.0472048 0.00484996 
v -0.0900125 0.0470491 0.00487115 
v -0.0897143 0.0469149 0.00486566 
v -0.0893712 0.0467605 0.00483204 
v -0.0890324 0.046608 0.00476958 
v -0.0887 0.0464585 0.00467894 
v -0.088376 0.0463127 0.00456088 
v -0.0880621 0.0461714 0.00441637 
v -0.0877601 0.0460355 0.00424648 
v -0.0874717 0.0459058 0.00405243 
v -0.0871984 0.0457828 0.00383559 
v -0.0869417 0.0456673 0.00359742 
v -0.0867029 0.0455598 0.00333949 
v -0.0864832 0.0454609 0.00306349 
v -0.0862901 0.0453741 0.00278144 
v -0.0861108 0.0452934 0.0024749 
v -0.0859535 0.0452226 0.00215586 
v -0.0858187 0.045162 0.00182609 
v -0.085707 0.0451117 0.00148755 
v -0.0856186 0.0450719 0.00114225 
v -0.0855539 0.0450428 0.000792204 
v -0.0855129 0.0450244 0.000439406 
v -0.0854955 0.0450165 8.58529e-05 
v -0.0855012 0.0450191 -0.00026201 
v -0.0855306 0.0450323 -0.000617603 
v -0.0855837 0.0450562 -0.00096999 
v -0.0856603 0.0450907 -0.00131732 
v -0.0857599 0.0451355 -0.0016577 
v -0.0860944 0.0439671 -0.00198928 
v -0.086259 0.0440328 -0.00234556 
v -0.0860436 0.0452632 -0.00234556 
v -0.0858821 0.0451905 -0.00198928 
v -0.0862309 0.0453474 -0.00268567 
v -0.0864331 0.0454384 -0.00299439 
v -0.0866649 0.0455427 -0.00329474 
v -0.0869172 0.0456563 -0.00357274 
v -0.087188 0.0457781 -0.00382663 
v -0.0874754 0.0459074 -0.00405511 
v -0.0877773 0.0460433 -0.00425702 
v -0.0880918 0.0461848 -0.00443139 
v -0.0884168 0.046331 -0.00457744 
v -0.0887502 0.0464811 -0.00469454 
v -0.0890899 0.0466339 -0.00478227 
v -0.0894337 0.0467886 -0.00484036 
v -0.0897795 0.0469442 -0.00486874 
v -0.0900964 0.0470868 -0.00486874 
v -0.0904401 0.0472415 -0.00484062 
v -0.0907799 0.0473944 -0.00478357 
v -0.0911136 0.0475445 -0.00469819 
v -0.0914394 0.0476911 -0.00458525 
v -0.0917553 0.0478333 -0.00444565 
v -0.0920597 0.0479702 -0.00428046 
v -0.0923508 0.0481012 -0.00409089 
v -0.0926271 0.0482255 -0.00387824 
v -0.092887 0.0483425 -0.00364398 
v -0.0931293 0.0484515 -0.00338966 
v -0.0933527 0.0485521 -0.00311694 
v -0.0935617 0.0486461 -0.00281905 
v -0.0937435 0.0487279 -0.00251456 
v -0.0939036 0.0488 -0.00219702 
v -0.0944049 0.0472853 -0.0018685 
v -0.0945217 0.047332 -0.00153097 
v -0.094156 0.0489135 -0.00153097 
v -0.0940413 0.0488619 -0.0018685 
v -0.0946147 0.0473691 -0.00118642 
v -0.0942473 0.0489546 -0.00118642 
v -0.0946837 0.0473967 -0.000836864 
v -0.0943151 0.0489851 -0.000836864 
v -0.0947285 0.0474146 -0.000484304 
v -0.0943591 0.0490049 -0.000484304 
v -0.0947493 0.0474229 -0.000130737 
v -0.0943795 0.0490141 -0.000130737 
v -0.0943811 0.0490148 0 
v -0.0935856 0.0516488 0.000356411 
v -0.0935512 0.05163 0.000711291 
v -0.0934941 0.0515989 0.00106253 
v -0.0934145 0.0515555 0.0014082 
v -0.0933128 0.0515001 0.00174643 
v -0.0931895 0.0514329 0.00207537 
v -0.0930281 0.0513449 0.00242776 
v -0.0928423 0.0512436 0.00276347 
v -0.0926414 0.0511342 0.00306919 
v -0.0924133 0.0510099 0.00336425 
v -0.0921659 0.050875 0.00363654 
v -0.0919012 0.0507307 0.00388438 
v -0.091621 0.050578 0.00410652 
v -0.0913271 0.0504179 0.00430184 
v -0.0910217 0.0502514 0.00446942 
v -0.0907066 0.0500797 0.0046085 
v -0.090384 0.0499038 0.00471851 
v -0.0900558 0.049725 0.00479907 
v -0.0897242 0.0495442 0.00484996 
v -0.0893911 0.0493627 0.00487115 
v -0.0891039 0.0492062 0.00486566 
v -0.0887736 0.0490261 0.00483204 
v -0.0884474 0.0488484 0.00476958 
v -0.0881274 0.048674 0.00467894 
v -0.0878154 0.0485039 0.00456088 
v -0.0875132 0.0483392 0.00441637 
v -0.0872225 0.0481808 0.00424648 
v -0.0869448 0.0480294 0.00405243 
v -0.0866817 0.047886 0.00383559 
v -0.0864345 0.0477513 0.00359742 
v -0.0862046 0.047626 0.00333949 
v -0.085993 0.0475107 0.00306349 
v -0.0858071 0.0474094 0.00278144 
v -0.0856345 0.0473153 0.0024749 
v -0.0854831 0.0472328 0.00215586 
v -0.0853533 0.047162 0.00182609 
v -0.0852457 0.0471034 0.00148755 
v -0.0851607 0.047057 0.00114225 
v -0.0850984 0.0470231 0.000792204 
v -0.0850589 0.0470016 0.000439406 
v -0.0850421 0.0469924 8.58529e-05 
v -0.0850476 0.0469954 -0.00026201 
v -0.0850759 0.0470109 -0.000617603 
v -0.0851271 0.0470387 -0.00096999 
v -0.0852008 0.0470789 -0.00131732 
v -0.0852967 0.0471312 -0.0016577 
v -0.0854143 0.0471953 -0.00198928 
v -0.0855699 0.0472801 -0.00234556 
v -0.0857501 0.0473783 -0.00268567 
v -0.0859449 0.0474844 -0.00299439 
v -0.086168 0.0476061 -0.00329474 
v -0.0864109 0.0477385 -0.00357274 
v -0.0866717 0.0478806 -0.00382663 
v -0.0869483 0.0480313 -0.00405511 
v -0.087239 0.0481898 -0.00425702 
v -0.0875418 0.0483548 -0.00443139 
v -0.0878547 0.0485254 -0.00457744 
v -0.0881757 0.0487003 -0.00469454 
v -0.0885027 0.0488785 -0.00478227 
v -0.0888337 0.0490589 -0.00484036 
v -0.0891667 0.0492404 -0.00486874 
v -0.0894718 0.0494067 -0.00486874 
v -0.0898028 0.0495871 -0.00484062 
v -0.0901299 0.0497653 -0.00478357 
v -0.0904512 0.0499405 -0.00469819 
v -0.0907648 0.0501114 -0.00458525 
v -0.091069 0.0502772 -0.00444565 
v -0.091362 0.0504369 -0.00428046 
v -0.0916423 0.0505896 -0.00409089 
v -0.0919083 0.0507346 -0.00387824 
v -0.0921586 0.050871 -0.00364398 
v -0.0923919 0.0509982 -0.00338966 
v -0.092607 0.0511154 -0.00311694 
v -0.0928082 0.0512251 -0.00281905 
v -0.0929832 0.0513205 -0.00251456 
v -0.0931374 0.0514045 -0.00219702 
v -0.0932699 0.0514767 -0.0018685 
v -0.0933804 0.0515369 -0.00153097 
v -0.0934683 0.0515848 -0.00118642 
v -0.0935335 0.0516204 -0.000836864 
v -0.0935759 0.0516435 -0.000484304 
v -0.0935955 0.0516542 -0.000130737 
v -0.0935971 0.051655 0 
v -0.0926488 0.0540869 0.000356411 
v -0.092616 0.0540655 0.000711291 
v -0.0925614 0.05403 0.00106253 
v -0.0924854 0.0539806 0.0014082 
v -0.0923883 0.0539174 0.00174643 
v -0.0922706 0.0538409 0.00207537 
v -0.0921165 0.0537406 0.00242776 
v -0.091939 0.0536252 0.00276347 
v -0.0917473 0.0535005 0.00306919 
v -0.0915295 0.0533588 0.00336425 
v -0.0912932 0.0532052 0.00363654 
v -0.0910404 0.0530408 0.00388438 
v -0.0907729 0.0528667 0.00410652 
v -0.0904923 0.0526842 0.00430184 
v -0.0902006 0.0524946 0.00446942 
v -0.0898998 0.0522989 0.0046085 
v -0.0895917 0.0520985 0.00471851 
v -0.0892784 0.0518947 0.00479907 
v -0.0889617 0.0516887 0.00484996 
v -0.0886436 0.0514819 0.00487115 
v -0.0883694 0.0513035 0.00486566 
v -0.088054 0.0510984 0.00483204 
v -0.0877426 0.0508958 0.00476958 
v -0.087437 0.0506971 0.00467894 
v -0.0871391 0.0505033 0.00456088 
v -0.0868506 0.0503156 0.00441637 
v -0.0865729 0.0501351 0.00424648 
v -0.0863078 0.0499626 0.00405243 
v -0.0860566 0.0497992 0.00383559 
v -0.0858206 0.0496457 0.00359742 
v -0.085601 0.0495029 0.00333949 
v -0.085399 0.0493715 0.00306349 
v -0.0852215 0.0492561 0.00278144 
v -0.0850567 0.0491489 0.0024749 
v -0.0849121 0.0490548 0.00215586 
v -0.0847882 0.0489743 0.00182609 
v -0.0846854 0.0489074 0.00148755 
v -0.0846042 0.0488546 0.00114225 
v -0.0845447 0.0488159 0.000792204 
v -0.084507 0.0487914 0.000439406 
v -0.084491 0.048781 8.58529e-05 
v -0.0844963 0.0487844 -0.00026201 
v -0.0845233 0.048802 -0.000617603 
v -0.0845722 0.0488338 -0.00096999 
v -0.0846425 0.0488795 -0.00131732 
v -0.0847341 0.0489391 -0.0016577 
v -0.0848464 0.0490121 -0.00198928 
v -0.0849949 0.0491087 -0.00234556 
v -0.0851671 0.0492207 -0.00268567 
v -0.085353 0.0493416 -0.00299439 
v -0.0855661 0.0494802 -0.00329474 
v -0.0857981 0.0496311 -0.00357274 
v -0.086047 0.049793 -0.00382663 
v -0.0863112 0.0499648 -0.00405511 
v -0.0865887 0.0501454 -0.00425702 
v -0.0868779 0.0503334 -0.00443139 
v -0.0871767 0.0505277 -0.00457744 
v -0.0874832 0.0507271 -0.00469454 
v -0.0877954 0.0509302 -0.00478227 
v -0.0881115 0.0511357 -0.00484036 
v -0.0884294 0.0513425 -0.00486874 
v -0.0887207 0.051532 -0.00486874 
v -0.0890368 0.0517376 -0.00484062 
v -0.0893491 0.0519407 -0.00478357 
v -0.0896559 0.0521402 -0.00469819 
v -0.0899554 0.052335 -0.00458525 
v -0.0902458 0.0525239 -0.00444565 
v -0.0905256 0.0527059 -0.00428046 
v -0.0907933 0.05288 -0.00409089 
v -0.0910472 0.0530452 -0.00387824 
v -0.0912862 0.0532006 -0.00364398 
v -0.091509 0.0533455 -0.00338966 
v -0.0917144 0.0534791 -0.00311694 
v -0.0919065 0.053604 -0.00281905 
v -0.0920736 0.0537127 -0.00251456 
v -0.0922208 0.0538085 -0.00219702 
v -0.0923474 0.0538908 -0.0018685 
v -0.0924528 0.0539594 -0.00153097 
v -0.0925368 0.054014 -0.00118642 
v -0.092599 0.0540545 -0.000836864 
v -0.0926395 0.0540808 -0.000484304 
v -0.0926583 0.054093 -0.000130737 
v -0.0926598 0.054094 0 
v -0.0915888 0.0563023 0.000356411 
v -0.0915578 0.0562784 0.000711291 
v -0.0915061 0.0562388 0.00106253 
v -0.0914342 0.0561835 0.0014082 
v -0.0913423 0.056113 0.00174643 
v -0.0912309 0.0560275 0.00207537 
v -0.091085 0.0559155 0.00242776 
v -0.0909171 0.0557866 0.00276347 
v -0.0907356 0.0556473 0.00306919 
v -0.0905295 0.0554891 0.00336425 
v -0.0903059 0.0553175 0.00363654 
v -0.0900667 0.0551338 0.00388438 
v -0.0898134 0.0549394 0.00410652 
v -0.0895479 0.0547356 0.00430184 
v -0.0892719 0.0545238 0.00446942 
v -0.0889872 0.0543052 0.0046085 
v -0.0886956 0.0540814 0.00471851 
v -0.088399 0.0538538 0.00479907 
v -0.0880993 0.0536237 0.00484996 
v -0.0877983 0.0533926 0.00487115 
v -0.0875388 0.0531934 0.00486566 
v -0.0872403 0.0529643 0.00483204 
v -0.0869456 0.0527381 0.00476958 
v -0.0866564 0.0525161 0.00467894 
v -0.0863745 0.0522997 0.00456088 
v -0.0861014 0.05209 0.00441637 
v -0.0858386 0.0518884 0.00424648 
v -0.0855877 0.0516957 0.00405243 
v -0.0853499 0.0515132 0.00383559 
v -0.0851265 0.0513418 0.00359742 
v -0.0849187 0.0511823 0.00333949 
v -0.0847276 0.0510355 0.00306349 
v -0.0845596 0.0509066 0.00278144 
v -0.0844036 0.0507868 0.0024749 
v -0.0842668 0.0506818 0.00215586 
v -0.0841495 0.0505918 0.00182609 
v -0.0840523 0.0505171 0.00148755 
v -0.0839754 0.0504582 0.00114225 
v -0.0839191 0.0504149 0.000792204 
v -0.0838834 0.0503875 0.000439406 
v -0.0838683 0.0503759 8.58529e-05 
v -0.0838732 0.0503797 -0.00026201 
v -0.0838988 0.0503994 -0.000617603 
v -0.0839451 0.0504348 -0.00096999 
v -0.0840117 0.050486 -0.00131732 
v -0.0840983 0.0505525 -0.0016577 
v -0.0842046 0.0506341 -0.00198928 
v -0.0843452 0.050742 -0.00234556 
v -0.0845081 0.050867 -0.00268567 
v -0.0846841 0.0510021 -0.00299439 
v -0.0848857 0.0511569 -0.00329474 
v -0.0851053 0.0513254 -0.00357274 
v -0.0853408 0.0515063 -0.00382663 
v -0.0855909 0.0516982 -0.00405511 
v -0.0858536 0.0518998 -0.00425702 
v -0.0861272 0.0521099 -0.00443139 
v -0.08641 0.0523269 -0.00457744 
v -0.0867 0.0525496 -0.00469454 
v -0.0869956 0.0527764 -0.00478227 
v -0.0872947 0.053006 -0.00484036 
v -0.0875955 0.053237 -0.00486874 
v -0.0878713 0.0534487 -0.00486874 
v -0.0881704 0.0536782 -0.00484062 
v -0.088466 0.0539051 -0.00478357 
v -0.0887563 0.054128 -0.00469819 
v -0.0890397 0.0543456 -0.00458525 
v -0.0893146 0.0545566 -0.00444565 
v -0.0895794 0.0547598 -0.00428046 
v -0.0898327 0.0549543 -0.00409089 
v -0.0900731 0.0551388 -0.00387824 
v -0.0902993 0.0553124 -0.00364398 
v -0.0905101 0.0554742 -0.00338966 
v -0.0907045 0.0556234 -0.00311694 
v -0.0908863 0.055763 -0.00281905 
v -0.0910445 0.0558844 -0.00251456 
v -0.0911838 0.0559913 -0.00219702 
v -0.0913036 0.0560833 -0.0018685 
v -0.0914033 0.0561599 -0.00153097 
v -0.0914828 0.0562209 -0.00118642 
v -0.0915417 0.0562661 -0.000836864 
v -0.09158 0.0562955 -0.000484304 
v -0.0915978 0.0563091 -0.000130737 
v -0.0915992 0.0563102 0 
v -0.0904299 0.0582975 0.000356411 
v -0.0904008 0.0582713 0.000711291 
v -0.0903524 0.0582278 0.00106253 
v -0.0902849 0.0581671 0.0014082 
v -0.0901988 0.0580897 0.00174643 
v -0.0900944 0.0579958 0.00207537 
v -0.0899576 0.0578728 0.00242776 
v -0.0898003 0.0577312 0.00276347 
v -0.0896301 0.0575782 0.00306919 
v -0.0894369 0.0574044 0.00336425 
v -0.0892274 0.057216 0.00363654 
v -0.0890032 0.0570143 0.00388438 
v -0.0887658 0.0568008 0.00410652 
v -0.0885169 0.0565769 0.00430184 
v -0.0882582 0.0563443 0.00446942 
v -0.0879913 0.0561042 0.0046085 
v -0.0877181 0.0558584 0.00471851 
v -0.0874401 0.0556084 0.00479907 
v -0.0871592 0.0553558 0.00484996 
v -0.086877 0.055102 0.00487115 
v -0.0866338 0.0548832 0.00486566 
v -0.086354 0.0546316 0.00483204 
v -0.0860777 0.0543831 0.00476958 
v -0.0858067 0.0541393 0.00467894 
v -0.0855424 0.0539016 0.00456088 
v -0.0852865 0.0536714 0.00441637 
v -0.0850402 0.0534499 0.00424648 
v -0.084805 0.0532383 0.00405243 
v -0.0845821 0.0530379 0.00383559 
v -0.0843728 0.0528496 0.00359742 
v -0.084178 0.0526744 0.00333949 
v -0.0839988 0.0525132 0.00306349 
v -0.0838414 0.0523716 0.00278144 
v -0.0836952 0.0522401 0.0024749 
v -0.0835669 0.0521248 0.00215586 
v -0.083457 0.0520259 0.00182609 
v -0.0833659 0.0519439 0.00148755 
v -0.0832938 0.0518791 0.00114225 
v -0.083241 0.0518317 0.000792204 
v -0.0832076 0.0518016 0.000439406 
v -0.0831934 0.0517888 8.58529e-05 
v -0.0831981 0.051793 -0.00026201 
v -0.083222 0.0518146 -0.000617603 
v -0.0832654 0.0518536 -0.00096999 
v -0.0833278 0.0519097 -0.00131732 
v -0.083409 0.0519828 -0.0016577 
v -0.0835086 0.0520724 -0.00198928 
v -0.0836404 0.0521909 -0.00234556 
v -0.0837931 0.0523282 -0.00268567 
v -0.083958 0.0524766 -0.00299439 
v -0.0841471 0.0526466 -0.00329474 
v -0.0843528 0.0528316 -0.00357274 
v -0.0845736 0.0530303 -0.00382663 
v -0.084808 0.053241 -0.00405511 
v -0.0850542 0.0534625 -0.00425702 
v -0.0853107 0.0536932 -0.00443139 
v -0.0855757 0.0539316 -0.00457744 
v -0.0858476 0.0541761 -0.00469454 
v -0.0861246 0.0544252 -0.00478227 
v -0.086405 0.0546774 -0.00484036 
v -0.086687 0.054931 -0.00486874 
v -0.0869454 0.0551635 -0.00486874 
v -0.0872257 0.0554156 -0.00484062 
v -0.0875028 0.0556648 -0.00478357 
v -0.087775 0.0559096 -0.00469819 
v -0.0880406 0.0561486 -0.00458525 
v -0.0882983 0.0563803 -0.00444565 
v -0.0885465 0.0566035 -0.00428046 
v -0.0887839 0.0568171 -0.00409089 
v -0.0890092 0.0570197 -0.00387824 
v -0.0892212 0.0572104 -0.00364398 
v -0.0894188 0.0573881 -0.00338966 
v -0.089601 0.057552 -0.00311694 
v -0.0897714 0.0577052 -0.00281905 
v -0.0899196 0.0578386 -0.00251456 
v -0.0900502 0.0579561 -0.00219702 
v -0.0901625 0.058057 -0.0018685 
v -0.090256 0.0581412 -0.00153097 
v -0.0903305 0.0582081 -0.00118642 
v -0.0903857 0.0582578 -0.000836864 
v -0.0904216 0.0582901 -0.000484304 
v -0.0904383 0.0583051 -0.000130737 
v -0.0904396 0.0583063 0 
v -0.0897939 0.0592754 0 
v -0.0897845 0.0592663 0.000356411 
v -0.0890978 0.060207 0.000356411 
v -0.0897565 0.0592389 0.000711291 
v -0.089071 0.0601785 0.000711291 
v -0.0897099 0.0591934 0.00106253 
v -0.0890264 0.0601311 0.00106253 
v -0.089645 0.0591301 0.0014082 
v -0.0889642 0.0600651 0.0014082 
v -0.0888848 0.0599807 0.00174643 
v -0.0894617 0.058951 0.00207537 
v -0.0893301 0.0588226 0.00242776 
v -0.0886626 0.0597446 0.00242776 
v -0.0891787 0.0586747 0.00276347 
v -0.0885175 0.0595905 0.00276347 
v -0.0883607 0.0594239 0.00306919 
v -0.0881826 0.0592347 0.00336425 
v -0.0879895 0.0590295 0.00363654 
v -0.0877828 0.0588099 0.00388438 
v -0.087564 0.0585775 0.00410652 
v -0.0873346 0.0583338 0.00430184 
v -0.0870962 0.0580804 0.00446942 
v -0.0868502 0.0578191 0.0046085 
v -0.0865983 0.0575515 0.00471851 
v -0.0863421 0.0572793 0.00479907 
v -0.0860832 0.0570042 0.00484996 
v -0.0858231 0.056728 0.00487115 
v -0.085599 0.0564898 0.00486566 
v -0.0853411 0.0562158 0.00483204 
v -0.0850864 0.0559453 0.00476958 
v -0.0848366 0.0556798 0.00467894 
v -0.084593 0.0554211 0.00456088 
v -0.0843571 0.0551704 0.00441637 
v -0.0841301 0.0549292 0.00424648 
v -0.0839133 0.0546989 0.00405243 
v -0.0837079 0.0544807 0.00383559 
v -0.0835149 0.0542757 0.00359742 
v -0.0833354 0.054085 0.00333949 
v -0.0831703 0.0539095 0.00306349 
v -0.0830251 0.0537553 0.00278144 
v -0.0828904 0.0536121 0.0024749 
v -0.0827721 0.0534865 0.00215586 
v -0.0826708 0.0533789 0.00182609 
v -0.0825868 0.0532897 0.00148755 
v -0.0825204 0.0532191 0.00114225 
v -0.0824718 0.0531674 0.000792204 
v -0.082441 0.0531347 0.000439406 
v -0.0824279 0.0531208 8.58529e-05 
v -0.0824322 0.0531254 -0.00026201 
v -0.0824543 0.0531488 -0.000617603 
v -0.0824942 0.0531913 -0.00096999 
v -0.0825518 0.0532524 -0.00131732 
v -0.0826266 0.0533319 -0.0016577 
v -0.0827185 0.0534295 -0.00198928 
v -0.0828399 0.0535585 -0.00234556 
v -0.0829806 0.053708 -0.00268567 
v -0.0831327 0.0538695 -0.00299439 
v -0.0833069 0.0540547 -0.00329474 
v -0.0834965 0.0542561 -0.00357274 
v -0.0837001 0.0544724 -0.00382663 
v -0.0839161 0.0547018 -0.00405511 
v -0.084143 0.054943 -0.00425702 
v -0.0843794 0.0551941 -0.00443139 
v -0.0846237 0.0554537 -0.00457744 
v -0.0848743 0.0557199 -0.00469454 
v -0.0851296 0.0559911 -0.00478227 
v -0.085388 0.0562657 -0.00484036 
v -0.085648 0.0565418 -0.00486874 
v -0.0858862 0.0567949 -0.00486874 
v -0.0861446 0.0570694 -0.00484062 
v -0.0863999 0.0573407 -0.00478357 
v -0.0866508 0.0576072 -0.00469819 
v -0.0868956 0.0578674 -0.00458525 
v -0.0871331 0.0581197 -0.00444565 
v -0.0873619 0.0583628 -0.00428046 
v -0.0875807 0.0585952 -0.00409089 
v -0.0877884 0.0588158 -0.00387824 
v -0.0879838 0.0590234 -0.00364398 
v -0.0881659 0.0592169 -0.00338966 
v -0.0883338 0.0593953 -0.00311694 
v -0.0884909 0.0595622 -0.00281905 
v -0.0886276 0.0597074 -0.00251456 
v -0.0887479 0.0598353 -0.00219702 
v -0.0888514 0.0599452 -0.0018685 
v -0.0896172 0.0591029 -0.00153097 
v -0.0896889 0.0591729 -0.00118642 
v -0.0890062 0.0601097 -0.00118642 
v -0.0889376 0.0600368 -0.00153097 
v -0.089742 0.0592248 -0.000836864 
v -0.0890572 0.0601638 -0.000836864 
v -0.0897766 0.0592585 -0.000484304 
v -0.0890902 0.060199 -0.000484304 
v -0.0897926 0.0592742 -0.000130737 
v -0.0891056 0.0602153 -0.000130737 
v -0.0891068 0.0602166 0 
v -0.0877945 0.0617812 0.000356411 
v -0.08777 0.0617507 0.000711291 
v -0.0877292 0.0617 0.00106253 
v -0.0876723 0.0616294 0.0014082 
v -0.0875996 0.0615392 0.00174643 
v -0.0887886 0.0598785 0.00207537 
v -0.0875115 0.0614299 0.00207537 
v -0.0873962 0.0612867 0.00242776 
v -0.0872634 0.0611219 0.00276347 
v -0.0871199 0.0609438 0.00306919 
v -0.0869569 0.0607415 0.00336425 
v -0.0867802 0.0605221 0.00363654 
v -0.086591 0.0602873 0.00388438 
v -0.0863908 0.0600387 0.00410652 
v -0.0861809 0.0597782 0.00430184 
v -0.0859626 0.0595073 0.00446942 
v -0.0857375 0.0592279 0.0046085 
v -0.085507 0.0589417 0.00471851 
v -0.0852725 0.0586507 0.00479907 
v -0.0850355 0.0583565 0.00484996 
v -0.0847975 0.0580611 0.00487115 
v -0.0845924 0.0578064 0.00486566 
v -0.0843563 0.0575135 0.00483204 
v -0.0841233 0.0572242 0.00476958 
v -0.0838947 0.0569404 0.00467894 
v -0.0836717 0.0566637 0.00456088 
v -0.0834558 0.0563957 0.00441637 
v -0.0832481 0.0561378 0.00424648 
v -0.0830497 0.0558916 0.00405243 
v -0.0828617 0.0556582 0.00383559 
v -0.0826851 0.055439 0.00359742 
v -0.0825208 0.0552351 0.00333949 
v -0.0823696 0.0550475 0.00306349 
v -0.0822368 0.0548826 0.00278144 
v -0.0821135 0.0547295 0.0024749 
v -0.0820053 0.0545952 0.00215586 
v -0.0819125 0.0544801 0.00182609 
v -0.0818357 0.0543847 0.00148755 
v -0.0817749 0.0543093 0.00114225 
v -0.0817304 0.054254 0.000792204 
v -0.0817022 0.054219 0.000439406 
v -0.0816902 0.0542041 8.58529e-05 
v -0.0816941 0.054209 -0.00026201 
v -0.0817144 0.0542341 -0.000617603 
v -0.0817509 0.0542795 -0.00096999 
v -0.0818036 0.0543448 -0.00131732 
v -0.0818721 0.0544299 -0.0016577 
v -0.0819561 0.0545342 -0.00198928 
v -0.0820673 0.0546722 -0.00234556 
v -0.0821961 0.0548321 -0.00268567 
v -0.0823352 0.0550047 -0.00299439 
v -0.0824947 0.0552027 -0.00329474 
v -0.0826682 0.0554181 -0.00357274 
v -0.0828545 0.0556493 -0.00382663 
v -0.0830522 0.0558947 -0.00405511 
v -0.0832599 0.0561525 -0.00425702 
v -0.0834762 0.0564211 -0.00443139 
v -0.0836998 0.0566986 -0.00457744 
v -0.0839292 0.0569832 -0.00469454 
v -0.0841628 0.0572733 -0.00478227 
v -0.0843993 0.0575668 -0.00484036 
v -0.0846372 0.0578621 -0.00486874 
v -0.0848552 0.0581327 -0.00486874 
v -0.0850917 0.0584262 -0.00484062 
v -0.0853254 0.0587163 -0.00478357 
v -0.085555 0.0590013 -0.00469819 
v -0.0857791 0.0592795 -0.00458525 
v -0.0859964 0.0595492 -0.00444565 
v -0.0862058 0.0598091 -0.00428046 
v -0.0864061 0.0600577 -0.00409089 
v -0.0865961 0.0602936 -0.00387824 
v -0.0867749 0.0605156 -0.00364398 
v -0.0869416 0.0607225 -0.00338966 
v -0.0870953 0.0609132 -0.00311694 
v -0.0872391 0.0610917 -0.00281905 
v -0.0873641 0.0612469 -0.00251456 
v -0.0874743 0.0613836 -0.00219702 
v -0.087569 0.0615012 -0.0018685 
v -0.0876479 0.0615991 -0.00153097 
v -0.0877107 0.0616771 -0.00118642 
v -0.0877573 0.0617349 -0.000836864 
v -0.0877876 0.0617725 -0.000484304 
v -0.0878016 0.06179 -0.000130737 
v -0.0878027 0.0617913 0 
v -0.0864758 0.0631444 0.000356411 
v -0.0864536 0.0631122 0.000711291 
v -0.0864167 0.0630586 0.00106253 
v -0.0863652 0.062984 0.0014082 
v -0.0862994 0.0628887 0.00174643 
v -0.0862197 0.0627731 0.00207537 
v -0.0861153 0.0626218 0.00242776 
v -0.0859951 0.0624476 0.00276347 
v -0.0858652 0.0622594 0.00306919 
v -0.0857177 0.0620456 0.00336425 
v -0.0855577 0.0618137 0.00363654 
v -0.0853864 0.0615655 0.00388438 
v -0.0852052 0.0613028 0.00410652 
v -0.0850152 0.0610274 0.00430184 
v -0.0848176 0.0607411 0.00446942 
v -0.0846139 0.0604458 0.0046085 
v -0.0844052 0.0601434 0.00471851 
v -0.0841929 0.0598358 0.00479907 
v -0.0839784 0.0595249 0.00484996 
v -0.083763 0.0592127 0.00487115 
v -0.0835773 0.0589435 0.00486566 
v -0.0833636 0.0586338 0.00483204 
v -0.0831527 0.0583281 0.00476958 
v -0.0829457 0.0580282 0.00467894 
v -0.082744 0.0577357 0.00456088 
v -0.0825485 0.0574524 0.00441637 
v -0.0823605 0.0571799 0.00424648 
v -0.0821809 0.0569196 0.00405243 
v -0.0820107 0.056673 0.00383559 
v -0.0818508 0.0564413 0.00359742 
v -0.0817021 0.0562258 0.00333949 
v -0.0815653 0.0560275 0.00306349 
v -0.0814451 0.0558533 0.00278144 
v -0.0813334 0.0556914 0.0024749 
v -0.0812355 0.0555495 0.00215586 
v -0.0811516 0.0554278 0.00182609 
v -0.081082 0.055327 0.00148755 
v -0.081027 0.0552473 0.00114225 
v -0.0809867 0.0551889 0.000792204 
v -0.0809611 0.0551519 0.000439406 
v -0.0809503 0.0551361 8.58529e-05 
v -0.0809539 0.0551413 -0.00026201 
v -0.0809722 0.0551679 -0.000617603 
v -0.0810052 0.0552158 -0.00096999 
v -0.0810529 0.0552849 -0.00131732 
v -0.0811149 0.0553748 -0.0016577 
v -0.081191 0.055485 -0.00198928 
v -0.0812916 0.0556308 -0.00234556 
v -0.0814082 0.0557998 -0.00268567 
v -0.0815341 0.0559823 -0.00299439 
v -0.0816785 0.0561915 -0.00329474 
v -0.0818356 0.0564192 -0.00357274 
v -0.0820042 0.0566636 -0.00382663 
v -0.0821831 0.0569229 -0.00405511 
v -0.0823712 0.0571954 -0.00425702 
v -0.082567 0.0574793 -0.00443139 
v -0.0827694 0.0577726 -0.00457744 
v -0.082977 0.0580734 -0.00469454 
v -0.0831885 0.05838 -0.00478227 
v -0.0834025 0.0586902 -0.00484036 
v -0.0836179 0.0590023 -0.00486874 
v -0.0838152 0.0592883 -0.00486874 
v -0.0840293 0.0595986 -0.00484062 
v -0.0842408 0.0599052 -0.00478357 
v -0.0844486 0.0602063 -0.00469819 
v -0.0846515 0.0605003 -0.00458525 
v -0.0848482 0.0607855 -0.00444565 
v -0.0850377 0.0610601 -0.00428046 
v -0.085219 0.0613229 -0.00409089 
v -0.085391 0.0615722 -0.00387824 
v -0.0855529 0.0618068 -0.00364398 
v -0.0857038 0.0620254 -0.00338966 
v -0.0858429 0.0622271 -0.00311694 
v -0.085973 0.0624157 -0.00281905 
v -0.0860862 0.0625797 -0.00251456 
v -0.086186 0.0627243 -0.00219702 
v -0.0862717 0.0628485 -0.0018685 
v -0.0863431 0.062952 -0.00153097 
v -0.0864 0.0630344 -0.00118642 
v -0.0864421 0.0630955 -0.000836864 
v -0.0864696 0.0631353 -0.000484304 
v -0.0864823 0.0631537 -0.000130737 
v -0.0864833 0.0631551 0 
v -0.0849798 0.0644736 0.000356411 
v -0.0849602 0.0644397 0.000711291 
v -0.0849274 0.0643835 0.00106253 
v -0.0848818 0.0643051 0.0014082 
v -0.0848236 0.064205 0.00174643 
v -0.084753 0.0640837 0.00207537 
v -0.0846606 0.0639248 0.00242776 
v -0.0845542 0.063742 0.00276347 
v -0.0844392 0.0635443 0.00306919 
v -0.0843086 0.0633198 0.00336425 
v -0.0841669 0.0630763 0.00363654 
v -0.0840153 0.0628157 0.00388438 
v -0.0838549 0.0625399 0.00410652 
v -0.0836866 0.0622507 0.00430184 
v -0.0835117 0.0619501 0.00446942 
v -0.0833313 0.0616401 0.0046085 
v -0.0831466 0.0613225 0.00471851 
v -0.0829586 0.0609995 0.00479907 
v -0.0827687 0.0606731 0.00484996 
v -0.082578 0.0603452 0.00487115 
v -0.0824136 0.0600626 0.00486566 
v -0.0822244 0.0597375 0.00483204 
v -0.0820376 0.0594165 0.00476958 
v -0.0818544 0.0591015 0.00467894 
v -0.0816758 0.0587945 0.00456088 
v -0.0815027 0.058497 0.00441637 
v -0.0813362 0.0582109 0.00424648 
v -0.0811772 0.0579376 0.00405243 
v -0.0810266 0.0576786 0.00383559 
v -0.080885 0.0574353 0.00359742 
v -0.0807534 0.057209 0.00333949 
v -0.0806322 0.0570008 0.00306349 
v -0.0805258 0.0568179 0.00278144 
v -0.0804269 0.056648 0.0024749 
v -0.0803402 0.0564989 0.00215586 
v -0.0802659 0.0563712 0.00182609 
v -0.0802043 0.0562653 0.00148755 
v -0.0801556 0.0561816 0.00114225 
v -0.0801199 0.0561203 0.000792204 
v -0.0800973 0.0560814 0.000439406 
v -0.0800877 0.0560649 8.58529e-05 
v -0.0800909 0.0560703 -0.00026201 
v -0.0801071 0.0560982 -0.000617603 
v -0.0801364 0.0561486 -0.00096999 
v -0.0801786 0.0562211 -0.00131732 
v -0.0802335 0.0563155 -0.0016577 
v -0.0807566 0.0559657 -0.00198928 
v -0.0808515 0.0561153 -0.00234556 
v -0.0803899 0.0565843 -0.00234556 
v -0.0803008 0.0564312 -0.00198928 
v -0.0804931 0.0567618 -0.00268567 
v -0.0806046 0.0569534 -0.00299439 
v -0.0807324 0.0571731 -0.00329474 
v -0.0808715 0.0574122 -0.00357274 
v -0.0810208 0.0576688 -0.00382663 
v -0.0811792 0.057941 -0.00405511 
v -0.0813457 0.0582272 -0.00425702 
v -0.0815191 0.0585252 -0.00443139 
v -0.0816983 0.0588332 -0.00457744 
v -0.0818821 0.0591491 -0.00469454 
v -0.0820693 0.0594709 -0.00478227 
v -0.0822589 0.0597967 -0.00484036 
v -0.0824495 0.0601244 -0.00486874 
v -0.0826242 0.0604247 -0.00486874 
v -0.0828137 0.0607504 -0.00484062 
v -0.083001 0.0610724 -0.00478357 
v -0.083185 0.0613886 -0.00469819 
v -0.0833646 0.0616973 -0.00458525 
v -0.0835388 0.0619967 -0.00444565 
v -0.0837066 0.0622851 -0.00428046 
v -0.0838671 0.062561 -0.00409089 
v -0.0840194 0.0628227 -0.00387824 
v -0.0841627 0.0630691 -0.00364398 
v -0.0842963 0.0632987 -0.00338966 
v -0.0844195 0.0635104 -0.00311694 
v -0.0845347 0.0637084 -0.00281905 
v -0.0846349 0.0638807 -0.00251456 
v -0.0847232 0.0640324 -0.00219702 
v -0.0847991 0.0641629 -0.0018685 
v -0.0848623 0.0642716 -0.00153097 
v -0.0849127 0.0643581 -0.00118642 
v -0.08495 0.0644223 -0.000836864 
v -0.0849743 0.064464 -0.000484304 
v -0.0849855 0.0644833 -0.000130737 
v -0.0849864 0.0644849 0 
v -0.0834379 0.0656529 0.000356411 
v -0.0834208 0.0656178 0.000711291 
v -0.0833922 0.0655593 0.00106253 
v -0.0833524 0.0654779 0.0014082 
v -0.0833015 0.0653738 0.00174643 
v -0.0832399 0.0652478 0.00207537 
v -0.0831592 0.0650826 0.00242776 
v -0.0830663 0.0648926 0.00276347 
v -0.0829658 0.0646871 0.00306919 
v -0.0828518 0.0644538 0.00336425 
v -0.0827281 0.0642007 0.00363654 
v -0.0825957 0.0639299 0.00388438 
v -0.0824556 0.0636432 0.00410652 
v -0.0823087 0.0633426 0.00430184 
v -0.082156 0.0630302 0.00446942 
v -0.0819984 0.0627079 0.0046085 
v -0.0818371 0.0623779 0.00471851 
v -0.081673 0.0620422 0.00479907 
v -0.0815072 0.0617029 0.00484996 
v -0.0813406 0.0613622 0.00487115 
v -0.081197 0.0610684 0.00486566 
v -0.0810319 0.0607305 0.00483204 
v -0.0808688 0.0603968 0.00476958 
v -0.0807088 0.0600695 0.00467894 
v -0.0805528 0.0597504 0.00456088 
v -0.0804017 0.0594412 0.00441637 
v -0.0802563 0.0591438 0.00424648 
v -0.0801175 0.0588597 0.00405243 
v -0.0799859 0.0585906 0.00383559 
v -0.0798623 0.0583377 0.00359742 
v -0.0797473 0.0581025 0.00333949 
v -0.0796416 0.0578861 0.00306349 
v -0.0795486 0.057696 0.00278144 
v -0.0794623 0.0575194 0.0024749 
v -0.0793866 0.0573645 0.00215586 
v -0.0793217 0.0572317 0.00182609 
v -0.0792679 0.0571217 0.00148755 
v -0.0792254 0.0570347 0.00114225 
v -0.0791942 0.0569709 0.000792204 
v -0.0791745 0.0569305 0.000439406 
v -0.0791661 0.0569134 8.58529e-05 
v -0.0791689 0.056919 -0.00026201 
v -0.079183 0.056948 -0.000617603 
v -0.0792086 0.0570003 -0.00096999 
v -0.0792454 0.0570757 -0.00131732 
v -0.0792934 0.0571738 -0.0016577 
v -0.0793522 0.0572941 -0.00198928 
v -0.07943 0.0574533 -0.00234556 
v -0.0795201 0.0576377 -0.00268567 
v -0.0796175 0.0578369 -0.00299439 
v -0.0797291 0.0580652 -0.00329474 
v -0.0798505 0.0583136 -0.00357274 
v -0.0799809 0.0585803 -0.00382663 
v -0.0801192 0.0588633 -0.00405511 
v -0.0802646 0.0591607 -0.00425702 
v -0.080416 0.0594705 -0.00443139 
v -0.0805724 0.0597906 -0.00457744 
v -0.0807329 0.0601189 -0.00469454 
v -0.0808965 0.0604534 -0.00478227 
v -0.081062 0.060792 -0.00484036 
v -0.0812284 0.0611326 -0.00486874 
v -0.081381 0.0614448 -0.00486874 
v -0.0815465 0.0617833 -0.00484062 
v -0.08171 0.0621179 -0.00478357 
v -0.0818707 0.0624466 -0.00469819 
v -0.0820275 0.0627674 -0.00458525 
v -0.0821796 0.0630786 -0.00444565 
v -0.0823261 0.0633784 -0.00428046 
v -0.0824663 0.0636651 -0.00409089 
v -0.0825993 0.0639371 -0.00387824 
v -0.0827244 0.0641932 -0.00364398 
v -0.0828411 0.0644318 -0.00338966 
v -0.0829486 0.0646519 -0.00311694 
v -0.0830492 0.0648577 -0.00281905 
v -0.0831367 0.0650367 -0.00251456 
v -0.0832138 0.0651944 -0.00219702 
v -0.0832801 0.06533 -0.0018685 
v -0.0833353 0.065443 -0.00153097 
v -0.0833793 0.0655329 -0.00118642 
v -0.0834119 0.0655996 -0.000836864 
v -0.0834331 0.065643 -0.000484304 
v -0.0834429 0.0656631 -0.000130737 
v -0.0834437 0.0656647 0 
v -0.081785 0.0667441 0.000356411 
v -0.0817704 0.0667078 0.000711291 
v -0.081746 0.0666475 0.00106253 
v -0.081712 0.0665634 0.0014082 
v -0.0816686 0.066456 0.00174643 
v -0.081616 0.0663259 0.00207537 
v -0.0815471 0.0661555 0.00242776 
v -0.0814678 0.0659593 0.00276347 
v -0.0813821 0.0657473 0.00306919 
v -0.0812847 0.0655065 0.00336425 
v -0.0811791 0.0652453 0.00363654 
v -0.0810662 0.0649658 0.00388438 
v -0.0809466 0.06467 0.00410652 
v -0.0808212 0.0643598 0.00430184 
v -0.0806908 0.0640373 0.00446942 
v -0.0805563 0.0637047 0.0046085 
v -0.0804187 0.0633641 0.00471851 
v -0.0802786 0.0630177 0.00479907 
v -0.080137 0.0626675 0.00484996 
v -0.0799949 0.0623159 0.00487115 
v -0.0798723 0.0620127 0.00486566 
v -0.0797313 0.061664 0.00483204 
v -0.0795921 0.0613197 0.00476958 
v -0.0794556 0.0609818 0.00467894 
v -0.0793224 0.0606525 0.00456088 
v -0.0791934 0.0603334 0.00441637 
v -0.0790694 0.0600265 0.00424648 
v -0.0789509 0.0597333 0.00405243 
v -0.0788386 0.0594556 0.00383559 
v -0.0787331 0.0591946 0.00359742 
v -0.0786349 0.0589519 0.00333949 
v -0.0785447 0.0587285 0.00306349 
v -0.0784653 0.0585323 0.00278144 
v -0.0783917 0.0583501 0.0024749 
v -0.078327 0.0581902 0.00215586 
v -0.0782716 0.0580532 0.00182609 
v -0.0782257 0.0579396 0.00148755 
v -0.0781894 0.0578498 0.00114225 
v -0.0781628 0.057784 0.000792204 
v -0.078146 0.0577423 0.000439406 
v -0.0781388 0.0577246 8.58529e-05 
v -0.0781412 0.0577305 -0.00026201 
v -0.0781533 0.0577604 -0.000617603 
v -0.0781751 0.0578144 -0.00096999 
v -0.0782065 0.0578922 -0.00131732 
v -0.0782475 0.0579934 -0.0016577 
v -0.0782977 0.0581176 -0.00198928 
v -0.0783641 0.0582818 -0.00234556 
v -0.078441 0.0584721 -0.00268567 
v -0.0785241 0.0586777 -0.00299439 
v -0.0786193 0.0589133 -0.00329474 
v -0.078723 0.0591697 -0.00357274 
v -0.0788343 0.059445 -0.00382663 
v -0.0789524 0.059737 -0.00405511 
v -0.0790764 0.0600439 -0.00425702 
v -0.0792057 0.0603636 -0.00443139 
v -0.0793392 0.060694 -0.00457744 
v -0.0794762 0.0610328 -0.00469454 
v -0.0796158 0.0613781 -0.00478227 
v -0.079757 0.0617275 -0.00484036 
v -0.0798991 0.062079 -0.00486874 
v -0.0800293 0.0624011 -0.00486874 
v -0.0801706 0.0627505 -0.00484062 
v -0.0803102 0.0630958 -0.00478357 
v -0.0804473 0.063435 -0.00469819 
v -0.0805812 0.0637662 -0.00458525 
v -0.080711 0.0640873 -0.00444565 
v -0.0808361 0.0643967 -0.00428046 
v -0.0809557 0.0646925 -0.00409089 
v -0.0810692 0.0649733 -0.00387824 
v -0.081176 0.0652376 -0.00364398 
v -0.0812756 0.0654838 -0.00338966 
v -0.0813674 0.0657109 -0.00311694 
v -0.0814532 0.0659233 -0.00281905 
v -0.0815279 0.0661081 -0.00251456 
v -0.0815937 0.0662709 -0.00219702 
v -0.0816503 0.0664108 -0.0018685 
v -0.0816974 0.0665274 -0.00153097 
v -0.081735 0.0666202 -0.00118642 
v -0.0817628 0.0666891 -0.000836864 
v -0.0817809 0.0667338 -0.000484304 
v -0.0817893 0.0667546 -0.000130737 
v -0.0817899 0.0667562 0 
v -0.0799899 0.0677622 0.000356411 
v -0.0799778 0.0677249 0.000711291 
v -0.0799576 0.0676631 0.00106253 
v -0.0799295 0.0675769 0.0014082 
v -0.0798936 0.0674667 0.00174643 
v -0.0798501 0.0673333 0.00207537 
v -0.0797931 0.0671585 0.00242776 
v -0.0797275 0.0669573 0.00276347 
v -0.0796566 0.0667398 0.00306919 
v -0.0795761 0.0664929 0.00336425 
v -0.0794888 0.066225 0.00363654 
v -0.0793953 0.0659383 0.00388438 
v -0.0792964 0.0656349 0.00410652 
v -0.0791927 0.0653167 0.00430184 
v -0.0790849 0.064986 0.00446942 
v -0.0789737 0.0646449 0.0046085 
v -0.0788598 0.0642956 0.00471851 
v -0.078744 0.0639402 0.00479907 
v -0.0786269 0.0635811 0.00484996 
v -0.0785093 0.0632204 0.00487115 
v -0.078408 0.0629095 0.00486566 
v -0.0782913 0.0625518 0.00483204 
v -0.0781762 0.0621987 0.00476958 
v -0.0780633 0.0618522 0.00467894 
v -0.0779531 0.0615144 0.00456088 
v -0.0778465 0.0611872 0.00441637 
v -0.0777438 0.0608724 0.00424648 
v -0.0776458 0.0605717 0.00405243 
v -0.0775529 0.0602868 0.00383559 
v -0.0774657 0.0600192 0.00359742 
v -0.0773845 0.0597702 0.00333949 
v -0.0773099 0.0595411 0.00306349 
v -0.0772442 0.0593399 0.00278144 
v -0.0771833 0.059153 0.0024749 
v -0.0771299 0.058989 0.00215586 
v -0.077084 0.0588485 0.00182609 
v -0.0770461 0.058732 0.00148755 
v -0.0770161 0.0586399 0.00114225 
v -0.0769941 0.0585724 0.000792204 
v -0.0769801 0.0585297 0.000439406 
v -0.0769742 0.0585115 8.58529e-05 
v -0.0769761 0.0585175 -0.00026201 
v -0.0769861 0.0585482 -0.000617603 
v -0.0770042 0.0586035 -0.00096999 
v -0.0770302 0.0586833 -0.00131732 
v -0.0770641 0.0587872 -0.0016577 
v -0.0771056 0.0589145 -0.00198928 
v -0.0771605 0.059083 -0.00234556 
v -0.0772241 0.0592781 -0.00268567 
v -0.0772929 0.059489 -0.00299439 
v -0.0773716 0.0597306 -0.00329474 
v -0.0774574 0.0599937 -0.00357274 
v -0.0775494 0.0602759 -0.00382663 
v -0.0776471 0.0605755 -0.00405511 
v -0.0777497 0.0608903 -0.00425702 
v -0.0778566 0.0612181 -0.00443139 
v -0.077967 0.0615569 -0.00457744 
v -0.0780803 0.0619045 -0.00469454 
v -0.0781957 0.0622586 -0.00478227 
v -0.0783126 0.062617 -0.00484036 
v -0.0784301 0.0629775 -0.00486874 
v -0.0785378 0.0633079 -0.00486874 
v -0.0786546 0.0636662 -0.00484062 
v -0.0787701 0.0640204 -0.00478357 
v -0.0788835 0.0643683 -0.00469819 
v -0.0789942 0.0647079 -0.00458525 
v -0.0791016 0.0650373 -0.00444565 
v -0.079205 0.0653546 -0.00428046 
v -0.079304 0.065658 -0.00409089 
v -0.0793979 0.065946 -0.00387824 
v -0.0794862 0.066217 -0.00364398 
v -0.0795685 0.0664696 -0.00338966 
v -0.0796445 0.0667025 -0.00311694 
v -0.0797155 0.0669204 -0.00281905 
v -0.0797773 0.0671099 -0.00251456 
v -0.0798317 0.0672768 -0.00219702 
v -0.0798785 0.0674204 -0.0018685 
v -0.0799175 0.0675399 -0.00153097 
v -0.0799485 0.0676351 -0.00118642 
v -0.0799715 0.0677057 -0.000836864 
v -0.0799865 0.0677516 -0.000484304 
v -0.0799934 0.0677729 -0.000130737 
v -0.079994 0.0677746 0 
v -0.078012 0.068717 0.000356411 
v -0.0780024 0.0686791 0.000711291 
v -0.0779865 0.068616 0.00106253 
v -0.0779643 0.0685281 0.0014082 
v -0.0779359 0.0684157 0.00174643 
v -0.0779015 0.0682796 0.00207537 
v -0.0778565 0.0681014 0.00242776 
v -0.0778047 0.0678962 0.00276347 
v -0.0777487 0.0676744 0.00306919 
v -0.0776851 0.0674226 0.00336425 
v -0.0776161 0.0671494 0.00363654 
v -0.0775423 0.066857 0.00388438 
v -0.0774641 0.0665476 0.00410652 
v -0.0773822 0.0662231 0.00430184 
v -0.077297 0.0658859 0.00446942 
v -0.0772092 0.065538 0.0046085 
v -0.0771192 0.0651817 0.00471851 
v -0.0770277 0.0648193 0.00479907 
v -0.0769352 0.0644531 0.00484996 
v -0.0768423 0.0640853 0.00487115 
v -0.0767622 0.0637682 0.00486566 
v -0.0766701 0.0634034 0.00483204 
v -0.0765792 0.0630433 0.00476958 
v -0.0764899 0.0626899 0.00467894 
v -0.0764029 0.0623454 0.00456088 
v -0.0763186 0.0620117 0.00441637 
v -0.0762376 0.0616906 0.00424648 
v -0.0761601 0.061384 0.00405243 
v -0.0760868 0.0610935 0.00383559 
v -0.0760178 0.0608205 0.00359742 
v -0.0759537 0.0605666 0.00333949 
v -0.0758947 0.060333 0.00306349 
v -0.0758429 0.0601278 0.00278144 
v -0.0757948 0.0599372 0.0024749 
v -0.0757525 0.0597699 0.00215586 
v -0.0757163 0.0596266 0.00182609 
v -0.0756863 0.0595078 0.00148755 
v -0.0756626 0.0594139 0.00114225 
v -0.0756452 0.0593451 0.000792204 
v -0.0756342 0.0593015 0.000439406 
v -0.0756295 0.059283 8.58529e-05 
v -0.0756311 0.0592891 -0.00026201 
v -0.075639 0.0593204 -0.000617603 
v -0.0756532 0.0593768 -0.00096999 
v -0.0756738 0.0594582 -0.00131732 
v -0.0757005 0.0595641 -0.0016577 
v -0.0757333 0.059694 -0.00198928 
v -0.0757767 0.0598658 -0.00234556 
v -0.075827 0.0600648 -0.00268567 
v -0.0758813 0.0602798 -0.00299439 
v -0.0759435 0.0605263 -0.00329474 
v -0.0760113 0.0607945 -0.00357274 
v -0.076084 0.0610824 -0.00382663 
v -0.0761611 0.0613879 -0.00405511 
v -0.0762422 0.0617089 -0.00425702 
v -0.0763266 0.0620433 -0.00443139 
v -0.0764139 0.0623888 -0.00457744 
v -0.0765034 0.0627432 -0.00469454 
v -0.0765946 0.0631043 -0.00478227 
v -0.0766869 0.0634698 -0.00484036 
v -0.0767797 0.0638375 -0.00486874 
v -0.0768648 0.0641744 -0.00486874 
v -0.0769571 0.0645399 -0.00484062 
v -0.0770483 0.0649011 -0.00478357 
v -0.0771379 0.0652559 -0.00469819 
v -0.0772254 0.0656022 -0.00458525 
v -0.0773102 0.0659381 -0.00444565 
v -0.0773919 0.0662617 -0.00428046 
v -0.0774701 0.0665712 -0.00409089 
v -0.0775443 0.0668649 -0.00387824 
v -0.0776141 0.0671413 -0.00364398 
v -0.0776791 0.0673989 -0.00338966 
v -0.0777391 0.0676364 -0.00311694 
v -0.0777952 0.0678585 -0.00281905 
v -0.077844 0.0680518 -0.00251456 
v -0.077887 0.0682221 -0.00219702 
v -0.077924 0.0683685 -0.0018685 
v -0.0779548 0.0684904 -0.00153097 
v -0.0779793 0.0685875 -0.00118642 
v -0.0779975 0.0686595 -0.000836864 
v -0.0780093 0.0687063 -0.000484304 
v -0.0780148 0.068728 -0.000130737 
v -0.0780152 0.0687297 0 
v -0.0758297 0.0696021 0.000356411 
v -0.0758227 0.0695636 0.000711291 
v -0.075811 0.0694995 0.00106253 
v -0.0757946 0.0694103 0.0014082 
v -0.0757737 0.0692964 0.00174643 
v -0.0757484 0.0691583 0.00207537 
v -0.0757153 0.0689775 0.00242776 
v -0.0756772 0.0687693 0.00276347 
v -0.0756359 0.0685443 0.00306919 
v -0.0755891 0.0682887 0.00336425 
v -0.0755384 0.0680116 0.00363654 
v -0.075484 0.067715 0.00388438 
v -0.0754265 0.067401 0.00410652 
v -0.0753662 0.0670719 0.00430184 
v -0.0753035 0.0667297 0.00446942 
v -0.0752388 0.0663767 0.0046085 
v -0.0751726 0.0660153 0.00471851 
v -0.0751052 0.0656476 0.00479907 
v -0.0750372 0.065276 0.00484996 
v -0.0749688 0.0649029 0.00487115 
v -0.0749099 0.0645812 0.00486566 
v -0.0748421 0.0642111 0.00483204 
v -0.0747751 0.0638457 0.00476958 
v -0.0747094 0.0634872 0.00467894 
v -0.0746454 0.0631377 0.00456088 
v -0.0745834 0.0627991 0.00441637 
v -0.0745237 0.0624734 0.00424648 
v -0.0744667 0.0621623 0.00405243 
v -0.0744127 0.0618675 0.00383559 
v -0.0743619 0.0615906 0.00359742 
v -0.0743147 0.061333 0.00333949 
v -0.0742713 0.061096 0.00306349 
v -0.0742332 0.0608877 0.00278144 
v -0.0741977 0.0606943 0.0024749 
v -0.0741667 0.0605247 0.00215586 
v -0.07414 0.0603793 0.00182609 
v -0.0741179 0.0602588 0.00148755 
v -0.0741005 0.0601635 0.00114225 
v -0.0740877 0.0600937 0.000792204 
v -0.0740796 0.0600494 0.000439406 
v -0.0740761 0.0600306 8.58529e-05 
v -0.0740773 0.0600368 -0.00026201 
v -0.0740831 0.0600686 -0.000617603 
v -0.0740936 0.0601258 -0.00096999 
v -0.0741087 0.0602084 -0.00131732 
v -0.0741284 0.0603159 -0.0016577 
v -0.0741525 0.0604476 -0.00198928 
v -0.0741845 0.0606219 -0.00234556 
v -0.0742215 0.0608239 -0.00268567 
v -0.0742614 0.061042 -0.00299439 
v -0.0743072 0.061292 -0.00329474 
v -0.0743571 0.0615642 -0.00357274 
v -0.0744106 0.0618563 -0.00382663 
v -0.0744674 0.0621662 -0.00405511 
v -0.0745271 0.0624919 -0.00425702 
v -0.0745892 0.0628311 -0.00443139 
v -0.0746535 0.0631817 -0.00457744 
v -0.0747193 0.0635413 -0.00469454 
v -0.0747865 0.0639077 -0.00478227 
v -0.0748544 0.0642785 -0.00484036 
v -0.0749227 0.0646515 -0.00486874 
v -0.0749854 0.0649933 -0.00486874 
v -0.0750533 0.0653641 -0.00484062 
v -0.0751204 0.0657306 -0.00478357 
v -0.0751864 0.0660905 -0.00469819 
v -0.0752508 0.0664419 -0.00458525 
v -0.0753132 0.0667827 -0.00444565 
v -0.0753733 0.067111 -0.00428046 
v -0.0754309 0.067425 -0.00409089 
v -0.0754855 0.067723 -0.00387824 
v -0.0755368 0.0680033 -0.00364398 
v -0.0755847 0.0682647 -0.00338966 
v -0.0756289 0.0685057 -0.00311694 
v -0.0756702 0.0687311 -0.00281905 
v -0.0757061 0.0689272 -0.00251456 
v -0.0757377 0.0690999 -0.00219702 
v -0.075765 0.0692484 -0.0018685 
v -0.0757876 0.0693721 -0.00153097 
v -0.0758057 0.0694706 -0.00118642 
v -0.075819 0.0695437 -0.000836864 
v -0.0758278 0.0695912 -0.000484304 
v -0.0758318 0.0696132 -0.000130737 
v -0.0758321 0.0696149 0 
v -0.0733576 0.0704263 0.000356411 
v -0.0733531 0.0703875 0.000711291 
v -0.0733456 0.0703228 0.00106253 
v -0.0733351 0.0702327 0.0014082 
v -0.0733218 0.0701177 0.00174643 
v -0.0733056 0.0699782 0.00207537 
v -0.0732844 0.0697956 0.00242776 
v -0.07326 0.0695854 0.00276347 
v -0.0732337 0.0693582 0.00306919 
v -0.0732037 0.0691001 0.00336425 
v -0.0731713 0.0688202 0.00363654 
v -0.0731365 0.0685207 0.00388438 
v -0.0730997 0.0682036 0.00410652 
v -0.0730612 0.0678712 0.00430184 
v -0.0730211 0.0675257 0.00446942 
v -0.0729797 0.0671693 0.0046085 
v -0.0729374 0.0668042 0.00471851 
v -0.0728943 0.066433 0.00479907 
v -0.0728508 0.0660577 0.00484996 
v -0.0728071 0.0656809 0.00487115 
v -0.0727694 0.065356 0.00486566 
v -0.072726 0.0649823 0.00483204 
v -0.0726832 0.0646133 0.00476958 
v -0.0726412 0.0642513 0.00467894 
v -0.0726003 0.0638983 0.00456088 
v -0.0725606 0.0635564 0.00441637 
v -0.0725225 0.0632275 0.00424648 
v -0.072486 0.0629133 0.00405243 
v -0.0724515 0.0626156 0.00383559 
v -0.072419 0.062336 0.00359742 
v -0.0723889 0.0620759 0.00333949 
v -0.0723611 0.0618365 0.00306349 
v -0.0723367 0.0616263 0.00278144 
v -0.072314 0.061431 0.0024749 
v -0.0722942 0.0612596 0.00215586 
v -0.0722771 0.0611128 0.00182609 
v -0.072263 0.0609911 0.00148755 
v -0.0722518 0.0608949 0.00114225 
v -0.0722437 0.0608244 0.000792204 
v -0.0722385 0.0607797 0.000439406 
v -0.0722363 0.0607607 8.58529e-05 
v -0.072237 0.060767 -0.00026201 
v -0.0722407 0.060799 -0.000617603 
v -0.0722474 0.0608569 -0.00096999 
v -0.0722571 0.0609403 -0.00131732 
v -0.0722697 0.0610488 -0.0016577 
v -0.0722851 0.0611818 -0.00198928 
v -0.0723056 0.0613578 -0.00234556 
v -0.0723292 0.0615618 -0.00268567 
v -0.0723548 0.061782 -0.00299439 
v -0.0723841 0.0620345 -0.00329474 
v -0.0724159 0.0623094 -0.00357274 
v -0.0724502 0.0626043 -0.00382663 
v -0.0724865 0.0629173 -0.00405511 
v -0.0725246 0.0632462 -0.00425702 
v -0.0725644 0.0635888 -0.00443139 
v -0.0726054 0.0639428 -0.00457744 
v -0.0726476 0.0643059 -0.00469454 
v -0.0726905 0.0646759 -0.00478227 
v -0.0727339 0.0650504 -0.00484036 
v -0.0727776 0.065427 -0.00486874 
v -0.0728177 0.0657723 -0.00486874 
v -0.0728611 0.0661467 -0.00484062 
v -0.072904 0.0665167 -0.00478357 
v -0.0729462 0.0668802 -0.00469819 
v -0.0729874 0.0672351 -0.00458525 
v -0.0730273 0.0675792 -0.00444565 
v -0.0730658 0.0679107 -0.00428046 
v -0.0731025 0.0682278 -0.00409089 
v -0.0731375 0.0685287 -0.00387824 
v -0.0731703 0.0688119 -0.00364398 
v -0.0732009 0.0690758 -0.00338966 
v -0.0732292 0.0693192 -0.00311694 
v -0.0732556 0.0695468 -0.00281905 
v -0.0732785 0.0697448 -0.00251456 
v -0.0732988 0.0699193 -0.00219702 
v -0.0733162 0.0700692 -0.0018685 
v -0.0733307 0.0701941 -0.00153097 
v -0.0733422 0.0702936 -0.00118642 
v -0.0733508 0.0703674 -0.000836864 
v -0.0733563 0.0704153 -0.000484304 
v -0.0733589 0.0704376 -0.000130737 
v -0.0733591 0.0704393 0 
v -0.0705673 0.0711682 0.000356411 
v -0.0705653 0.0711291 0.000711291 
v -0.0705619 0.0710641 0.00106253 
v -0.0705572 0.0709736 0.0014082 
v -0.0705513 0.0708579 0.00174643 
v -0.0705441 0.0707177 0.00207537 
v -0.0705346 0.0705341 0.00242776 
v -0.0705237 0.0703228 0.00276347 
v -0.0705119 0.0700943 0.00306919 
v -0.0704986 0.0698349 0.00336425 
v -0.0704841 0.0695535 0.00363654 
v -0.0704685 0.0692524 0.00388438 
v -0.0704521 0.0689337 0.00410652 
v -0.0704349 0.0685995 0.00430184 
v -0.070417 0.0682521 0.00446942 
v -0.0703985 0.0678938 0.0046085 
v -0.0703796 0.0675269 0.00471851 
v -0.0703604 0.0671536 0.00479907 
v -0.070341 0.0667764 0.00484996 
v -0.0703214 0.0663975 0.00487115 
v -0.0703046 0.0660709 0.00486566 
v -0.0702852 0.0656952 0.00483204 
v -0.0702661 0.0653243 0.00476958 
v -0.0702474 0.0649603 0.00467894 
v -0.0702291 0.0646055 0.00456088 
v -0.0702114 0.0642618 0.00441637 
v -0.0701943 0.0639311 0.00424648 
v -0.0701781 0.0636153 0.00405243 
v -0.0701626 0.063316 0.00383559 
v -0.0701482 0.0630349 0.00359742 
v -0.0701347 0.0627734 0.00333949 
v -0.0701223 0.0625328 0.00306349 
v -0.0701114 0.0623214 0.00278144 
v -0.0701013 0.062125 0.0024749 
v -0.0700924 0.0619528 0.00215586 
v -0.0700848 0.0618052 0.00182609 
v -0.0700785 0.0616828 0.00148755 
v -0.0700735 0.0615861 0.00114225 
v -0.0700698 0.0615152 0.000792204 
v -0.0700675 0.0614703 0.000439406 
v -0.0700665 0.0614512 8.58529e-05 
v -0.0700669 0.0614575 -0.00026201 
v -0.0700685 0.0614897 -0.000617603 
v -0.0700715 0.0615479 -0.00096999 
v -0.0700758 0.0616317 -0.00131732 
v -0.0700815 0.0617408 -0.0016577 
v -0.0700884 0.0618745 -0.00198928 
v -0.0700975 0.0620515 -0.00234556 
v -0.070108 0.0622565 -0.00268567 
v -0.0701195 0.062478 -0.00299439 
v -0.0701325 0.0627318 -0.00329474 
v -0.0701468 0.0630081 -0.00357274 
v -0.0701621 0.0633046 -0.00382663 
v -0.0701783 0.0636193 -0.00405511 
v -0.0701953 0.0639499 -0.00425702 
v -0.0702131 0.0642943 -0.00443139 
v -0.0702314 0.0646502 -0.00457744 
v -0.0702502 0.0650153 -0.00469454 
v -0.0702694 0.0653872 -0.00478227 
v -0.0702888 0.0657637 -0.00484036 
v -0.0703083 0.0661423 -0.00486874 
v -0.0703262 0.0664894 -0.00486874 
v -0.0703456 0.0668658 -0.00484062 
v -0.0703647 0.0672378 -0.00478357 
v -0.0703836 0.0676033 -0.00469819 
v -0.0704019 0.06796 -0.00458525 
v -0.0704198 0.0683059 -0.00444565 
v -0.0704369 0.0686392 -0.00428046 
v -0.0704534 0.068958 -0.00409089 
v -0.070469 0.0692605 -0.00387824 
v -0.0704836 0.0695452 -0.00364398 
v -0.0704973 0.0698105 -0.00338966 
v -0.0705099 0.0700551 -0.00311694 
v -0.0705217 0.070284 -0.00281905 
v -0.070532 0.0704831 -0.00251456 
v -0.070541 0.0706584 -0.00219702 
v -0.0705488 0.0708092 -0.0018685 
v -0.0705552 0.0709348 -0.00153097 
v -0.0705604 0.0710348 -0.00118642 
v -0.0705642 0.0711089 -0.000836864 
v -0.0705667 0.0711571 -0.000484304 
v -0.0705679 0.0711795 -0.000130737 
v -0.0705679 0.0711812 0 
v -0.0673036 0.0718288 0.000356411 
v -0.0673041 0.0717896 0.000711291 
v -0.0673049 0.0717245 0.00106253 
v -0.067306 0.0716338 0.0014082 
v -0.0673073 0.071518 0.00174643 
v -0.067309 0.0713776 0.00207537 
v -0.0673112 0.0711937 0.00242776 
v -0.0673137 0.070982 0.00276347 
v -0.0673164 0.0707532 0.00306919 
v -0.0673195 0.0704934 0.00336425 
v -0.0673228 0.0702116 0.00363654 
v -0.0673264 0.06991 0.00388438 
v -0.0673301 0.0695907 0.00410652 
v -0.0673341 0.069256 0.00430184 
v -0.0673382 0.0689081 0.00446942 
v -0.0673425 0.0685492 0.0046085 
v -0.0673468 0.0681817 0.00471851 
v -0.0673512 0.0678078 0.00479907 
v -0.0673557 0.06743 0.00484996 
v -0.0673602 0.0670506 0.00487115 
v -0.0673641 0.0667234 0.00486566 
v -0.0673685 0.0663471 0.00483204 
v -0.0673729 0.0659756 0.00476958 
v -0.0673772 0.0656111 0.00467894 
v -0.0673814 0.0652557 0.00456088 
v -0.0673855 0.0649114 0.00441637 
v -0.0673894 0.0645802 0.00424648 
v -0.0673932 0.0642639 0.00405243 
v -0.0673967 0.0639641 0.00383559 
v -0.0674001 0.0636826 0.00359742 
v -0.0674032 0.0634206 0.00333949 
v -0.067406 0.0631797 0.00306349 
v -0.0674085 0.0629679 0.00278144 
v -0.0674108 0.0627713 0.0024749 
v -0.0674129 0.0625988 0.00215586 
v -0.0674146 0.0624509 0.00182609 
v -0.0674161 0.0623284 0.00148755 
v -0.0674172 0.0622315 0.00114225 
v -0.0674181 0.0621605 0.000792204 
v -0.0674186 0.0621155 0.000439406 
v -0.0674188 0.0620964 8.58529e-05 
v -0.0674188 0.0621027 -0.00026201 
v -0.0674184 0.062135 -0.000617603 
v -0.0674177 0.0621932 -0.00096999 
v -0.0674167 0.0622772 -0.00131732 
v -0.0674154 0.0623864 -0.0016577 
v -0.0674138 0.0625204 -0.00198928 
v -0.0674117 0.0626976 -0.00234556 
v -0.0674093 0.062903 -0.00268567 
v -0.0674067 0.0631248 -0.00299439 
v -0.0674037 0.063379 -0.00329474 
v -0.0674004 0.0636558 -0.00357274 
v -0.0673969 0.0639527 -0.00382663 
v -0.0673931 0.0642679 -0.00405511 
v -0.0673892 0.0645991 -0.00425702 
v -0.0673851 0.064944 -0.00443139 
v -0.0673809 0.0653004 -0.00457744 
v -0.0673766 0.0656661 -0.00469454 
v -0.0673722 0.0660386 -0.00478227 
v -0.0673677 0.0664157 -0.00484036 
v -0.0673632 0.066795 -0.00486874 
v -0.0673591 0.0671426 -0.00486874 
v -0.0673546 0.0675196 -0.00484062 
v -0.0673502 0.0678922 -0.00478357 
v -0.0673459 0.0682582 -0.00469819 
v -0.0673417 0.0686155 -0.00458525 
v -0.0673376 0.068962 -0.00444565 
v -0.0673336 0.0692958 -0.00428046 
v -0.0673298 0.0696151 -0.00409089 
v -0.0673263 0.0699181 -0.00387824 
v -0.0673229 0.0702032 -0.00364398 
v -0.0673197 0.0704689 -0.00338966 
v -0.0673168 0.070714 -0.00311694 
v -0.0673141 0.0709432 -0.00281905 
v -0.0673118 0.0711426 -0.00251456 
v -0.0673097 0.0713182 -0.00219702 
v -0.0673079 0.0714692 -0.0018685 
v -0.0673064 0.071595 -0.00153097 
v -0.0673052 0.0716951 -0.00118642 
v -0.0673043 0.0717694 -0.000836864 
v -0.0673038 0.0718177 -0.000484304 
v -0.0673035 0.0718401 -0.000130737 
v -0.0673035 0.0718418 0 
v -0.0627299 0.0724489 0.000356411 
v -0.0627332 0.0724099 0.000711291 
v -0.0627387 0.072345 0.00106253 
v -0.0627463 0.0722545 0.0014082 
v -0.0627561 0.072139 0.00174643 
v -0.0627679 0.071999 0.00207537 
v -0.0627833 0.0718157 0.00242776 
v -0.0628011 0.0716046 0.00276347 
v -0.0628203 0.0713765 0.00306919 
v -0.0628422 0.0711174 0.00336425 
v -0.0628659 0.0708364 0.00363654 
v -0.0628912 0.0705357 0.00388438 
v -0.062918 0.0702174 0.00410652 
v -0.0629462 0.0698836 0.00430184 
v -0.0629754 0.0695367 0.00446942 
v -0.0630056 0.0691788 0.0046085 
v -0.0630365 0.0688124 0.00471851 
v -0.0630679 0.0684396 0.00479907 
v -0.0630997 0.0680629 0.00484996 
v -0.0631315 0.0676846 0.00487115 
v -0.063159 0.0673584 0.00486566 
v -0.0631907 0.0669832 0.00483204 
v -0.0632219 0.0666127 0.00476958 
v -0.0632525 0.0662492 0.00467894 
v -0.0632824 0.0658949 0.00456088 
v -0.0633113 0.0655516 0.00441637 
v -0.0633392 0.0652213 0.00424648 
v -0.0633658 0.0649059 0.00405243 
v -0.063391 0.0646071 0.00383559 
v -0.0634146 0.0643263 0.00359742 
v -0.0634366 0.0640652 0.00333949 
v -0.0634569 0.0638249 0.00306349 
v -0.0634747 0.0636137 0.00278144 
v -0.0634912 0.0634177 0.0024749 
v -0.0635057 0.0632456 0.00215586 
v -0.0635181 0.0630982 0.00182609 
v -0.0635284 0.062976 0.00148755 
v -0.0635366 0.0628794 0.00114225 
v -0.0635425 0.0628087 0.000792204 
v -0.0635463 0.0627638 0.000439406 
v -0.0635479 0.0627448 8.58529e-05 
v -0.0635474 0.062751 -0.00026201 
v -0.0635447 0.0627832 -0.000617603 
v -0.0635398 0.0628413 -0.00096999 
v -0.0635327 0.062925 -0.00131732 
v -0.0635236 0.0630339 -0.0016577 
v -0.0635123 0.0631675 -0.00198928 
v -0.0634974 0.0633442 -0.00234556 
v -0.0634801 0.063549 -0.00268567 
v -0.0634615 0.0637702 -0.00299439 
v -0.0634401 0.0640237 -0.00329474 
v -0.0634169 0.0642996 -0.00357274 
v -0.0633919 0.0645957 -0.00382663 
v -0.0633654 0.0649099 -0.00405511 
v -0.0633376 0.0652401 -0.00425702 
v -0.0633086 0.0655841 -0.00443139 
v -0.0632786 0.0659395 -0.00457744 
v -0.0632479 0.0663041 -0.00469454 
v -0.0632166 0.0666755 -0.00478227 
v -0.0631849 0.0670515 -0.00484036 
v -0.063153 0.0674297 -0.00486874 
v -0.0631238 0.0677763 -0.00486874 
v -0.0630921 0.0681522 -0.00484062 
v -0.0630608 0.0685237 -0.00478357 
v -0.06303 0.0688887 -0.00469819 
v -0.063 0.0692449 -0.00458525 
v -0.0629709 0.0695904 -0.00444565 
v -0.0629428 0.0699233 -0.00428046 
v -0.062916 0.0702416 -0.00409089 
v -0.0628905 0.0705438 -0.00387824 
v -0.0628666 0.070828 -0.00364398 
v -0.0628442 0.071093 -0.00338966 
v -0.0628236 0.0713374 -0.00311694 
v -0.0628044 0.0715659 -0.00281905 
v -0.0627876 0.0717647 -0.00251456 
v -0.0627729 0.0719398 -0.00219702 
v -0.0627602 0.0720904 -0.0018685 
v -0.0627496 0.0722158 -0.00153097 
v -0.0627412 0.0723157 -0.00118642 
v -0.0627349 0.0723897 -0.000836864 
v -0.0627309 0.0724379 -0.000484304 
v -0.062729 0.0724602 -0.000130737 
v -0.0627288 0.072462 0 
v -0.056747 0.0728358 0.000356411 
v -0.0567531 0.0727971 0.000711291 
v -0.0567633 0.0727328 0.00106253 
v -0.0567774 0.0726432 0.0014082 
v -0.0567955 0.0725287 0.00174643 
v -0.0568175 0.0723899 0.00207537 
v -0.0568462 0.0722082 0.00242776 
v -0.0568793 0.071999 0.00276347 
v -0.056915 0.071773 0.00306919 
v -0.0569556 0.0715162 0.00336425 
v -0.0569997 0.0712377 0.00363654 
v -0.0570468 0.0709397 0.00388438 
v -0.0570967 0.0706242 0.00410652 
v -0.0571489 0.0702935 0.00430184 
v -0.0572033 0.0699496 0.00446942 
v -0.0572594 0.069595 0.0046085 
v -0.0573168 0.0692318 0.00471851 
v -0.0573752 0.0688624 0.00479907 
v -0.0574342 0.068489 0.00484996 
v -0.0574935 0.068114 0.00487115 
v -0.0575446 0.0677908 0.00486566 
v -0.0576034 0.0674189 0.00483204 
v -0.0576615 0.0670518 0.00476958 
v -0.0577184 0.0666916 0.00467894 
v -0.057774 0.0663404 0.00456088 
v -0.0578278 0.0660002 0.00441637 
v -0.0578795 0.0656729 0.00424648 
v -0.0579289 0.0653603 0.00405243 
v -0.0579758 0.0650641 0.00383559 
v -0.0580198 0.0647858 0.00359742 
v -0.0580607 0.064527 0.00333949 
v -0.0580983 0.0642889 0.00306349 
v -0.0581314 0.0640796 0.00278144 
v -0.0581621 0.0638853 0.0024749 
v -0.0581891 0.0637148 0.00215586 
v -0.0582122 0.0635687 0.00182609 
v -0.0582313 0.0634476 0.00148755 
v -0.0582465 0.0633519 0.00114225 
v -0.0582576 0.0632818 0.000792204 
v -0.0582646 0.0632373 0.000439406 
v -0.0582676 0.0632184 8.58529e-05 
v -0.0582666 0.0632246 -0.00026201 
v -0.0582616 0.0632565 -0.000617603 
v -0.0582525 0.0633141 -0.00096999 
v -0.0582393 0.0633971 -0.00131732 
v -0.0582223 0.063505 -0.0016577 
v -0.0582013 0.0636374 -0.00198928 
v -0.0581736 0.0638125 -0.00234556 
v -0.0581416 0.0640155 -0.00268567 
v -0.0581069 0.0642346 -0.00299439 
v -0.0580672 0.0644859 -0.00329474 
v -0.0580239 0.0647593 -0.00357274 
v -0.0579775 0.0650528 -0.00382663 
v -0.0579283 0.0653642 -0.00405511 
v -0.0578766 0.0656915 -0.00425702 
v -0.0578227 0.0660324 -0.00443139 
v -0.057767 0.0663846 -0.00457744 
v -0.0577098 0.0667459 -0.00469454 
v -0.0576516 0.067114 -0.00478227 
v -0.0575927 0.0674867 -0.00484036 
v -0.0575335 0.0678614 -0.00486874 
v -0.0574792 0.0682049 -0.00486874 
v -0.0574203 0.0685775 -0.00484062 
v -0.057362 0.0689457 -0.00478357 
v -0.0573049 0.0693074 -0.00469819 
v -0.057249 0.0696605 -0.00458525 
v -0.0571949 0.0700029 -0.00444565 
v -0.0571427 0.0703328 -0.00428046 
v -0.0570929 0.0706483 -0.00409089 
v -0.0570455 0.0709477 -0.00387824 
v -0.057001 0.0712294 -0.00364398 
v -0.0569594 0.071492 -0.00338966 
v -0.0569212 0.0717342 -0.00311694 
v -0.0568853 0.0719606 -0.00281905 
v -0.0568542 0.0721577 -0.00251456 
v -0.0568268 0.0723312 -0.00219702 
v -0.0568032 0.0724805 -0.0018685 
v -0.0567835 0.0726048 -0.00153097 
v -0.0567679 0.0727037 -0.00118642 
v -0.0567563 0.0727771 -0.000836864 
v -0.0567487 0.0728249 -0.000484304 
v -0.0567452 0.072847 -0.000130737 
v -0.0567449 0.0728487 0 
v -0.0503362 0.0728481 0.000356411 
v -0.0503446 0.0728099 0.000711291 
v -0.0503584 0.0727463 0.00106253 
v -0.0503778 0.0726577 0.0014082 
v -0.0504025 0.0725445 0.00174643 
v -0.0504325 0.0724074 0.00207537 
v -0.0504717 0.0722278 0.00242776 
v -0.0505169 0.072021 0.00276347 
v -0.0505657 0.0717976 0.00306919 
v -0.0506212 0.0715438 0.00336425 
v -0.0506813 0.0712685 0.00363654 
v -0.0507457 0.070974 0.00388438 
v -0.0508138 0.0706621 0.00410652 
v -0.0508852 0.0703352 0.00430184 
v -0.0509595 0.0699954 0.00446942 
v -0.0510361 0.0696448 0.0046085 
v -0.0511145 0.0692859 0.00471851 
v -0.0511943 0.0689207 0.00479907 
v -0.0512749 0.0685517 0.00484996 
v -0.0513559 0.0681811 0.00487115 
v -0.0514257 0.0678616 0.00486566 
v -0.051506 0.067494 0.00483204 
v -0.0515853 0.0671311 0.00476958 
v -0.0516631 0.0667751 0.00467894 
v -0.0517389 0.0664279 0.00456088 
v -0.0518124 0.0660917 0.00441637 
v -0.0518831 0.0657682 0.00424648 
v -0.0519506 0.0654592 0.00405243 
v -0.0520145 0.0651665 0.00383559 
v -0.0520746 0.0648915 0.00359742 
v -0.0521305 0.0646356 0.00333949 
v -0.0521819 0.0644002 0.00306349 
v -0.0522271 0.0641934 0.00278144 
v -0.0522691 0.0640014 0.0024749 
v -0.0523059 0.0638329 0.00215586 
v -0.0523374 0.0636885 0.00182609 
v -0.0523636 0.0635688 0.00148755 
v -0.0523843 0.0634741 0.00114225 
v -0.0523994 0.0634048 0.000792204 
v -0.052409 0.0633609 0.000439406 
v -0.0524131 0.0633422 8.58529e-05 
v -0.0524118 0.0633484 -0.00026201 
v -0.0524049 0.0633799 -0.000617603 
v -0.0523924 0.0634368 -0.00096999 
v -0.0523745 0.0635188 -0.00131732 
v -0.0523512 0.0636255 -0.0016577 
v -0.0523226 0.0637563 -0.00198928 
v -0.0522848 0.0639294 -0.00234556 
v -0.052241 0.06413 -0.00268567 
v -0.0521936 0.0643467 -0.00299439 
v -0.0521394 0.064595 -0.00329474 
v -0.0520803 0.0648653 -0.00357274 
v -0.052017 0.0651553 -0.00382663 
v -0.0519497 0.0654632 -0.00405511 
v -0.051879 0.0657866 -0.00425702 
v -0.0518054 0.0661235 -0.00443139 
v -0.0517294 0.0664717 -0.00457744 
v -0.0516513 0.0668288 -0.00469454 
v -0.0515718 0.0671927 -0.00478227 
v -0.0514914 0.067561 -0.00484036 
v -0.0514104 0.0679314 -0.00486874 
v -0.0513362 0.0682709 -0.00486874 
v -0.0512558 0.0686391 -0.00484062 
v -0.0511763 0.0690031 -0.00478357 
v -0.0510982 0.0693606 -0.00469819 
v -0.0510219 0.0697096 -0.00458525 
v -0.050948 0.070048 -0.00444565 
v -0.0508767 0.0703741 -0.00428046 
v -0.0508086 0.0706859 -0.00409089 
v -0.0507439 0.0709819 -0.00387824 
v -0.0506831 0.0712603 -0.00364398 
v -0.0506264 0.0715199 -0.00338966 
v -0.0505741 0.0717592 -0.00311694 
v -0.0505252 0.0719831 -0.00281905 
v -0.0504826 0.0721779 -0.00251456 
v -0.0504452 0.0723494 -0.00219702 
v -0.0504129 0.0724969 -0.0018685 
v -0.0503861 0.0726197 -0.00153097 
v -0.0503647 0.0727176 -0.00118642 
v -0.0503489 0.0727901 -0.000836864 
v -0.0503386 0.0728373 -0.000484304 
v -0.0503338 0.0728591 -0.000130737 
v -0.0503334 0.0728609 0 
v -0.0425884 0.0724587 0.000356411 
v -0.0425987 0.072421 0.000711291 
v -0.0426159 0.0723582 0.00106253 
v -0.0426398 0.0722707 0.0014082 
v -0.0426704 0.072159 0.00174643 
v -0.0427074 0.0720236 0.00207537 
v -0.0427559 0.0718462 0.00242776 
v -0.0428117 0.0716421 0.00276347 
v -0.042872 0.0714214 0.00306919 
v -0.0429406 0.0711708 0.00336425 
v -0.0430149 0.070899 0.00363654 
v -0.0430944 0.0706081 0.00388438 
v -0.0431786 0.0703002 0.00410652 
v -0.0432669 0.0699774 0.00430184 
v -0.0433586 0.0696418 0.00446942 
v -0.0434532 0.0692957 0.0046085 
v -0.0435502 0.0689412 0.00471851 
v -0.0436487 0.0685807 0.00479907 
v -0.0437484 0.0682163 0.00484996 
v -0.0438484 0.0678503 0.00487115 
v -0.0439347 0.0675348 0.00486566 
v -0.0440339 0.0671719 0.00483204 
v -0.0441319 0.0668136 0.00476958 
v -0.044228 0.066462 0.00467894 
v -0.0443218 0.0661192 0.00456088 
v -0.0444125 0.0657872 0.00441637 
v -0.0444999 0.0654678 0.00424648 
v -0.0445833 0.0651627 0.00405243 
v -0.0446623 0.0648736 0.00383559 
v -0.0447366 0.064602 0.00359742 
v -0.0448057 0.0643494 0.00333949 
v -0.0448692 0.064117 0.00306349 
v -0.044925 0.0639128 0.00278144 
v -0.0449769 0.0637231 0.0024749 
v -0.0450224 0.0635567 0.00215586 
v -0.0450614 0.0634142 0.00182609 
v -0.0450937 0.063296 0.00148755 
v -0.0451192 0.0632025 0.00114225 
v -0.045138 0.0631341 0.000792204 
v -0.0451498 0.0630907 0.000439406 
v -0.0451549 0.0630722 8.58529e-05 
v -0.0451532 0.0630783 -0.00026201 
v -0.0451447 0.0631094 -0.000617603 
v -0.0451293 0.0631656 -0.00096999 
v -0.0451072 0.0632466 -0.00131732 
v -0.0450784 0.063352 -0.0016577 
v -0.0450431 0.0634812 -0.00198928 
v -0.0449963 0.0636521 -0.00234556 
v -0.0449422 0.0638501 -0.00268567 
v -0.0448837 0.0640641 -0.00299439 
v -0.0448166 0.0643093 -0.00329474 
v -0.0447437 0.0645762 -0.00357274 
v -0.0446653 0.0648626 -0.00382663 
v -0.0445822 0.0651665 -0.00405511 
v -0.0444949 0.0654859 -0.00425702 
v -0.0444039 0.0658186 -0.00443139 
v -0.04431 0.0661624 -0.00457744 
v -0.0442135 0.0665151 -0.00469454 
v -0.0441153 0.0668743 -0.00478227 
v -0.0440159 0.067238 -0.00484036 
v -0.0439158 0.0676038 -0.00486874 
v -0.0438242 0.067939 -0.00486874 
v -0.0437248 0.0683026 -0.00484062 
v -0.0436265 0.068662 -0.00478357 
v -0.04353 0.069015 -0.00469819 
v -0.0434358 0.0693596 -0.00458525 
v -0.0433444 0.0696938 -0.00444565 
v -0.0432564 0.0700158 -0.00428046 
v -0.0431722 0.0703237 -0.00409089 
v -0.0430923 0.0706159 -0.00387824 
v -0.0430171 0.0708909 -0.00364398 
v -0.042947 0.0711472 -0.00338966 
v -0.0428824 0.0713835 -0.00311694 
v -0.042822 0.0716046 -0.00281905 
v -0.0427694 0.0717969 -0.00251456 
v -0.0427231 0.0719663 -0.00219702 
v -0.0426832 0.0721119 -0.0018685 
v -0.0426501 0.0722332 -0.00153097 
v -0.0426237 0.0723298 -0.00118642 
v -0.0426041 0.0724015 -0.000836864 
v -0.0425913 0.072448 -0.000484304 
v -0.0425854 0.0724696 -0.000130737 
v -0.042585 0.0724713 0 
v 0.014671 0.078 0.0276725 
v 0.0115931 0.078 0.0290965 
v 0.017577 0.078 0.0259241 
v -0.0115931 0.078 -0.0290965 
v -0.00837927 0.078 -0.0301794 
v -0.014671 0.078 -0.0276725 
v -0.017577 0.078 -0.0259241 
v -0.0202768 0.078 -0.0238717 
v 0.0202768 0.078 0.0238717 
v 0.0249345 0.078 0.0189547 
v 0.0227389 0.078 0.0215395 
v 0.0268377 0.078 0.0161477 
v 0.0284262 0.078 0.0131514 
v 0.0296815 0.078 0.0100009 
v 0.0268377 0.078 -0.0161477 
v 0.0249345 0.078 -0.0189547 
v 0.0311374 0.078 0.0033864 
v 0.0313211 0.078 -5.75358e-18 
v 0.0227389 0.078 -0.0215395 
v 0.00169569 0.078 -0.0312751 
v 0.00506718 0.078 -0.0309084 
v -0.00169569 0.078 -0.0312751 
v -0.0227389 0.078 -0.0215395 
v 0.0305888 0.078 0.0067331 
v 0.0296815 0.078 -0.0100009 
v 0.0305888 0.078 -0.0067331 
v 0.0284262 0.078 -0.0131514 
v 0.0202768 0.078 -0.0238717 
v 0.017577 0.078 -0.0259241 
v 0.014671 0.078 -0.0276725 
v -0.00506718 0.078 -0.0309084 
v -0.0249345 0.078 -0.0189547 
v -0.0268377 0.078 -0.0161477 
v -0.0284262 0.078 -0.0131514 
v 0.0311374 0.078 -0.0033864 
v 0.0115931 0.078 -0.0290965 
v 0.00837927 0.078 -0.0301794 
v -0.0296815 0.078 -0.0100009 
v -0.0305888 0.078 -0.0067331 
v -0.0296815 0.078 0.0100009 
v -0.0305888 0.078 0.0067331 
v -0.0284262 0.078 0.0131514 
v -0.0268377 0.078 0.0161477 
v -0.014671 0.078 0.0276725 
v -0.017577 0.078 0.0259241 
v -0.0115931 0.078 0.0290965 
v -0.00506718 0.078 0.0309084 
v -0.00837927 0.078 0.0301794 
v -0.00169569 0.078 0.0312751 
v -0.0311374 0.078 -0.0033864 
v -0.0313211 0.078 -1.91786e-18 
v -0.0249345 0.078 0.0189547 
v -0.0227389 0.078 0.0215395 
v -0.0202768 0.078 0.0238717 
v -0.0311374 0.078 0.0033864 
v 0.00506718 0.078 0.0309084 
v 0.00169569 0.078 0.0312751 
v 0.00837927 0.078 0.0301794 
v -0.0311374 0.01 0.0033864 
v -0.0313211 0.01 5.75358e-18 
v -0.0305888 0.01 0.0067331 
v -0.0296815 0.01 0.0100009 
v -0.0284262 0.01 0.0131514 
v -0.0268377 0.01 0.0161477 
v -0.0249345 0.01 0.0189547 
v -0.0227389 0.01 0.0215395 
v -0.0202768 0.01 0.0238717 
v -0.017577 0.01 0.0259241 
v -0.014671 0.01 0.0276725 
v -0.0115931 0.01 0.0290965 
v -0.00837927 0.01 0.0301794 
v -0.00506718 0.01 0.0309084 
v -0.00169569 0.01 0.0312751 
v 0.00169569 0.01 0.0312751 
v 0.00506718 0.01 0.0309084 
v 0.00837927 0.01 0.0301794 
v 0.0115931 0.01 0.0290965 
v 0.014671 0.01 0.0276725 
v 0.017577 0.01 0.0259241 
v 0.0202768 0.01 0.0238717 
v 0.0227389 0.01 0.0215395 
v 0.0249345 0.01 0.0189547 
v 0.0268377 0.01 0.0161477 
v 0.0284262 0.01 0.0131514 
v 0.0296815 0.01 0.0100009 
v 0.0305888 0.01 0.0067331 
v 0.0311374 0.01 0.0033864 
v 0.0313211 0.01 -1.3425e-17 
v 0.0311374 0.01 -0.0033864 
v 0.0305888 0.01 -0.0067331 
v 0.0296815 0.01 -0.0100009 
v 0.0284262 0.01 -0.0131514 
v 0.0268377 0.01 -0.0161477 
v 0.0249345 0.01 -0.0189547 
v 0.0227389 0.01 -0.0215395 
v 0.0202768 0.01 -0.0238717 
v 0.017577 0.01 -0.0259241 
v 0.014671 0.01 -0.0276725 
v 0.0115931 0.01 -0.0290965 
v 0.00837927 0.01 -0.0301794 
v 0.00506718 0.01 -0.0309084 
v 0.00169569 0.01 -0.0312751 
v -0.00169569 0.01 -0.0312751 
v -0.00506718 0.01 -0.0309084 
v -0.00837927 0.01 -0.0301794 
v -0.0115931 0.01 -0.0290965 
v -0.014671 0.01 -0.0276725 
v -0.017577 0.01 -0.0259241 
v -0.0202768 0.01 -0.0238717 
v -0.0227389 0.01 -0.0215395 
v -0.0249345 0.01 -0.0189547 
v -0.0268377 0.01 -0.0161477 
v -0.0284262 0.01 -0.0131514 
v -0.0296815 0.01 -0.0100009 
v -0.0305888 0.01 -0.0067331 
v -0.0311374 0.01 -0.0033864 
v 0 0.01 -1.91786e-18 
vn 0 -1 0 
vn -0.976621 0 -0.21497 
vn -0.947653 0 -0.319302 
vn -0.907575 0 -0.419889 
vn -0.856857 0 -0.515554 
vn -0.796093 0 -0.605174 
vn -0.725995 0 -0.687699 
vn -0.647386 0 -0.762162 
vn -0.561187 0 -0.827689 
vn -0.468408 0 -0.883512 
vn -0.370138 0 -0.928977 
vn -0.267528 0 -0.96355 
vn -0.161782 0 -0.986827 
vn -0.0541389 0 -0.998533 
vn 0.0541389 0 -0.998533 
vn 0.161782 0 -0.986827 
vn 0.267528 0 -0.96355 
vn 0.370138 0 -0.928977 
vn 0.468408 0 -0.883512 
vn 0.561187 0 -0.827689 
vn 0.647386 0 -0.762162 
vn 0.725995 0 -0.687699 
vn 0.796093 0 -0.605174 
vn 0.856857 0 -0.515554 
vn 0.907575 0 -0.419889 
vn 0.947653 0 -0.319302 
vn 0.976621 0 -0.21497 
vn 0.994138 0 -0.108119 
vn 1 0 -1.22465e-16 
vn 0.994138 0 0.108119 
vn 0.976621 0 0.21497 
vn 0.947653 0 0.319302 
vn 0.907575 0 0.419889 
vn 0.856857 0 0.515554 
vn 0.796093 0 0.605174 
vn 0.725995 0 0.687699 
vn 0.647386 0 0.762162 
vn 0.561187 0 0.827689 
vn 0.468408 0 0.883512 
vn 0.370138 0 0.928977 
vn 0.267528 0 0.96355 
vn 0.161782 0 0.986827 
vn 0.0541389 0 0.998533 
vn -0.0541389 0 0.998533 
vn -0.161782 0 0.986827 
vn -0.267528 0 0.96355 
vn -0.370138 0 0.928977 
vn -0.468408 0 0.883512 
vn -0.561187 0 0.827689 
vn -0.647386 0 0.762162 
vn -0.725995 0 0.687699 
vn -0.796093 0 0.605174 
vn -0.856857 0 0.515554 
vn -0.907575 0 0.419889 
vn -0.947653 0 0.319302 
vn -0.976621 0 0.21497 
vn -0.994138 0 -0.108119 
vn -0.994646 0 -0.103339 
vn -0.994481 0 -0.104915 
vn -0.994174 0 -0.107784 
vn -0.995205 0 -0.0978096 
vn -0.994886 0 -0.101007 
vn -0.995464 0 -0.0951421 
vn -0.995321 0 -0.0966272 
vn -0.996091 0 -0.0883314 
vn -0.995804 0 -0.0915153 
vn -0.996745 0 -0.0806205 
vn -0.996295 0 -0.0860041 
vn -0.997406 0 -0.0719817 
vn -0.997289 0 -0.0735813 
vn -0.998263 0 -0.0589192 
vn -0.997783 0 -0.0665536 
vn -0.99766 0 -0.0683689 
vn -0.998806 0 -0.048849 
vn -0.998655 0 -0.0518506 
vn -0.999272 0 -0.0381411 
vn -0.999028 0 -0.0440903 
vn -0.999433 0 -0.0336837 
vn -0.999346 0 -0.0361625 
vn -1 0 0 
vn -0.999608 0 -0.0279961 
vn -0.999742 0 -0.0227322 
vn -0.999934 0 -0.0115077 
vn -0.999805 0 -0.0197552 
vn -1 0 0 
vn -0.999995 0 -0.00308308 
vn -0.999894 0 0.0145577 
vn -0.999965 0 0.0084098 
vn -0.999995 0 0.00330982 
vn -0.999668 0 0.0257472 
vn -0.999859 0 0.0167889 
vn -0.994138 0 0.108119 
vn -0.99954 0 0.0303216 
vn -0.999156 0 0.0410648 
vn -0.999448 0 0.0332355 
vn -0.998674 0 0.0514759 
vn -0.998799 0 0.0489907 
vn -0.998104 0 0.0615427 
vn -0.998358 0 0.0572878 
vn -0.997254 0 0.0740516 
vn -0.997371 0 0.0724621 
vn -0.997885 0 0.0650117 
vn -0.996598 0 0.0824146 
vn -0.996843 0 0.0793934 
vn -0.995935 0 0.0900772 
vn -0.996312 0 0.0858072 
vn -0.995121 0 0.0986587 
vn -0.995292 0 0.0969264 
vn -0.995725 0 0.092369 
vn -0.994576 0 0.104017 
vn -0.994834 0 0.10151 
vn -0.994138 0 0.108119 
vn -0.994422 0 0.105474 
vn -0.994138 0 0.108119 
vn -0.99464 0 0.103402 
vn -0.994423 0 0.105469 
vn -0.994169 0 0.10783 
vn -0.995197 0 0.097892 
vn -0.994833 0 0.101524 
vn -0.995459 0 0.0951919 
vn -0.995285 0 0.0969987 
vn -0.996086 0 0.088394 
vn -0.99579 0 0.0916637 
vn -0.996739 0 0.0806956 
vn -0.99631 0 0.0858271 
vn -0.9974 0 0.0720686 
vn -0.99684 0 0.0794363 
vn -0.99826 0 0.0589712 
vn -0.997871 0 0.0652235 
vn -0.997657 0 0.0684204 
vn -0.998804 0 0.0488992 
vn -0.998356 0 0.0573233 
vn -0.999271 0 0.0381871 
vn -0.99915 0 0.0412192 
vn -1 0 0 
vn -0.999741 0 0.0227638 
vn -0.999685 0 0.0250819 
vn -0.999431 0 0.033729 
vn -0.999934 0 0.011524 
vn -0.999859 0 0.0167856 
vn -1 0 0 
vn -0.999965 0 0.00841516 
vn -0.976621 0 0.21497 
vn -0.994106 0 0.108417 
vn -0.993644 0 0.112565 
vn -0.993781 0 0.111349 
vn -0.993963 0 0.109714 
vn -0.993439 0 0.114366 
vn -0.993566 0 0.113253 
vn -0.993355 0 0.115087 
vn -0.993423 0 0.114498 
vn -0.993456 0 0.114214 
vn -0.993382 0 0.114859 
vn -0.993359 0 0.115053 
vn -0.993673 0 0.112314 
vn -0.993639 0 0.112613 
vn -0.993676 0 0.112286 
vn -0.994007 0 0.109318 
vn -0.993885 0 0.110418 
vn -0.993885 0 0.110422 
vn -0.994138 0 0.108119 
vn -0.994006 0 0.109325 
vn -0.994138 0 0.108119 
vn -0.993455 0 0.114221 
vn -0.99364 0 0.112608 
vn -0.993356 0 0.115079 
vn -0.993383 0 0.114847 
vn -0.993393 0 0.114758 
vn -0.993442 0 0.114337 
vn -0.993424 0 0.114494 
vn -0.993652 0 0.112497 
vn -0.993567 0 0.113249 
vn -0.994138 0 0.108119 
vn -0.994066 0 0.108775 
vn -0.993796 0 0.111214 
vn -0.9992 0 0.0399813 
vn -0.994682 0 0.102993 
vn -0.994552 0 0.104241 
vn -0.995231 0 0.0975473 
vn -0.994966 0 0.100208 
vn -0.994211 0 0.107447 
vn -0.999998 0 0.00197266 
vn -0.999955 0 0.00953647 
vn -0.999825 0 0.0187048 
vn -1 0 -3.62973e-08 
vn -0.999998 0 0.00202421 
vn -1 0 3.59676e-08 
vn -0.995844 0 0.0910702 
vn -0.995415 0 0.0956468 
vn -0.996808 0 0.0798329 
vn -0.996389 0 0.0849029 
vn -0.996162 0 0.0875277 
vn -0.997454 0 0.0713122 
vn -0.996886 0 0.0788609 
vn -0.99808 0 0.061936 
vn -0.997844 0 0.0656358 
vn -0.998878 0 0.0473616 
vn -0.998705 0 0.0508773 
vn -0.998345 0 0.0575122 
vn -0.999327 0 0.0366741 
vn -0.999071 0 0.0430943 
vn -0.999581 0 0.0289608 
vn -0.999676 0 0.0254355 
vn -0.999636 0 0.0269684 
vn -0.999383 0 0.035126 
vn -0.999906 0 0.0136891 
vn -0.999946 0 0.0103733 
vn -0.999781 0 0.0209424 
vn -0.999636 0 0.02697 
vn -0.999843 0 0.0177011 
vn -0.999384 0 0.0351028 
vn -0.998711 0 0.050752 
vn -0.999071 0 0.0430954 
vn -0.997961 0 0.0638344 
vn -0.998293 0 0.0584013 
vn -0.998539 0 0.054043 
vn -0.99733 0 0.0730316 
vn -0.997842 0 0.0656602 
vn -0.996664 0 0.0816176 
vn -0.996889 0 0.0788126 
vn -0.99589 0 0.0905699 
vn -0.996441 0 0.0842969 
vn -0.995195 0 0.0979174 
vn -0.995416 0 0.0956376 
vn -0.995802 0 0.091533 
vn -0.994434 0 0.105365 
vn -0.994544 0 0.104318 
vn -0.994191 0 0.107632 
vn -0.994637 0 0.10343 
vn -0.994967 0 0.100206 
vn -0.999199 0 -0.040022 
vn -0.99421 0 -0.107454 
vn -0.994138 0 -0.108115 
vn -0.994516 0 -0.104583 
vn -0.99523 0 -0.0975539 
vn -0.994941 0 -0.100458 
vn -0.994681 0 -0.103 
vn -0.999998 0 -0.00202836 
vn -0.999954 0 -0.00958444 
vn -0.999894 0 -0.0145731 
vn -0.99978 0 -0.0209826 
vn -0.999981 0 -0.0061863 
vn -0.995844 0 -0.0910755 
vn -0.995409 0 -0.0957118 
vn -0.996807 0 -0.0798544 
vn -0.996439 0 -0.0843123 
vn -0.99616 0 -0.0875512 
vn -0.997453 0 -0.0713313 
vn -0.996971 0 -0.0777738 
vn -0.998079 0 -0.0619527 
vn -0.997988 0 -0.0634075 
vn -0.998876 0 -0.0474045 
vn -0.998466 0 -0.0553727 
vn -0.998342 0 -0.0575531 
vn -0.999326 0 -0.0367197 
vn -0.999234 0 -0.0391287 
vn -0.999579 0 -0.0289971 
vn -0.999675 0 -0.0254846 
vn -0.999517 0 -0.0310838 
vn -0.999981 0 -0.00618119 
vn -0.999737 0 -0.022912 
vn -0.999905 0 -0.0137521 
vn -0.999738 0 -0.022889 
vn -0.999843 0 -0.0177315 
vn -0.999516 0 -0.0310968 
vn -0.994138 0 -0.108119 
vn -0.998709 0 -0.0507951 
vn -0.998897 0 -0.0469459 
vn -0.997959 0 -0.063864 
vn -0.998465 0 -0.0553825 
vn -0.998537 0 -0.0540753 
vn -0.997328 0 -0.0730574 
vn -0.997499 0 -0.0706808 
vn -0.996662 0 -0.0816387 
vn -0.996973 0 -0.0777446 
vn -0.99591 0 -0.090348 
vn -0.996437 0 -0.0843404 
vn -0.995192 0 -0.0979437 
vn -0.99541 0 -0.0957013 
vn -0.995799 0 -0.0915675 
vn -0.994429 0 -0.105406 
vn -0.994507 0 -0.104673 
vn -0.994138 0 -0.108119 
vn -0.994147 0 -0.108034 
vn -0.994635 0 -0.103449 
vn -0.994942 0 -0.100452 
vn -0.994108 0 -0.108392 
vn -0.994138 0 -0.108119 
vn -0.993645 0 -0.112556 
vn -0.993835 0 -0.110871 
vn -0.993964 0 -0.109704 
vn -0.993439 0 -0.114359 
vn -0.993603 0 -0.112926 
vn -0.993356 0 -0.115086 
vn -0.993373 0 -0.114933 
vn -0.993456 0 -0.114217 
vn -0.993367 0 -0.114987 
vn -0.993359 0 -0.115053 
vn -0.993672 0 -0.112321 
vn -0.993609 0 -0.112874 
vn -0.994003 0 -0.109355 
vn -0.994006 0 -0.109329 
vn -0.993845 0 -0.110778 
vn -0.993674 0 -0.112307 
vn -0.993845 0 -0.110782 
vn -0.993454 0 -0.114232 
vn -0.99361 0 -0.11287 
vn -0.993357 0 -0.115076 
vn -0.993377 0 -0.114897 
vn -0.993392 0 -0.114768 
vn -0.993444 0 -0.114321 
vn -0.993371 0 -0.114953 
vn -0.993656 0 -0.112466 
vn -0.993605 0 -0.112914 
vn -0.994138 0 -0.108119 
vn -0.994122 0 -0.108266 
vn -0.9938 0 -0.111184 
vn -0.999995 0 -0.00330645 
vn -0.999995 0 -0.00308868 
vn -0.999894 0 -0.0145726 
vn -0.999935 0 -0.011434 
vn -0.994138 0 -0.108119 
vn -0.999668 0 -0.0257795 
vn -0.999805 0 -0.0197489 
vn -0.999541 0 -0.0302936 
vn -0.999607 0 -0.0280245 
vn -0.999157 0 -0.0410515 
vn -0.999347 0 -0.0361308 
vn -0.998674 0 -0.0514753 
vn -0.999027 0 -0.0441012 
vn -0.998104 0 -0.0615527 
vn -0.998236 0 -0.0593627 
vn -0.997257 0 -0.0740222 
vn -0.997783 0 -0.0665558 
vn -0.997887 0 -0.0649774 
vn -0.9966 0 -0.0823889 
vn -0.996794 0 -0.080008 
vn -0.995937 0 -0.0900542 
vn -0.996296 0 -0.0859864 
vn -0.995124 0 -0.0986316 
vn -0.995328 0 -0.0965498 
vn -0.995727 0 -0.0923428 
vn -0.994578 0 -0.10399 
vn -0.994886 0 -0.101009 
vn -0.994478 0 -0.104942 
vn 0.0588868 -0.998265 -3.40479e-16 
vn 0.0587527 -0.995685 0.0718287 
vn 0.0234626 -0.99714 0.071845 
vn 0.0583496 -0.987945 0.143389 
vn 0.0233411 -0.989387 0.143421 
vn 0.0576771 -0.975065 0.214293 
vn 0.0231367 -0.976485 0.214338 
vn 0.0567344 -0.957088 0.284188 
vn 0.022847 -0.958479 0.284246 
vn 0.0555211 -0.934078 0.352725 
vn 0.0224687 -0.935432 0.352792 
vn 0.0540367 -0.906121 0.419554 
vn 0.0219976 -0.90743 0.419627 
vn 0.0520698 -0.869389 0.491377 
vn 0.0213596 -0.870642 0.491453 
vn 0.0497737 -0.826956 0.560059 
vn 0.0205959 -0.828145 0.560135 
vn 0.0472531 -0.780903 0.622863 
vn 0.0197347 -0.782025 0.622935 
vn 0.0443421 -0.728381 0.683736 
vn 0.0187114 -0.729428 0.683801 
vn 0.041127 -0.671166 0.740165 
vn 0.0175469 -0.672134 0.740221 
vn 0.0376202 -0.609669 0.791763 
vn 0.0162375 -0.610553 0.791809 
vn 0.0338344 -0.544291 0.838214 
vn 0.0147797 -0.545086 0.83825 
vn 0.0297844 -0.475463 0.879232 
vn 0.0131719 -0.476164 0.879258 
vn 0.0254878 -0.40364 0.914563 
vn 0.0114141 -0.404243 0.91458 
vn 0.0209653 -0.329304 0.943991 
vn 0.00950844 -0.329804 0.944002 
vn 0.0162401 -0.252956 0.967341 
vn 0.00745945 -0.253346 0.967347 
vn 0.0113387 -0.175116 0.984483 
vn 0.00527425 -0.175391 0.984485 
vn 0.00628991 -0.0963136 0.995331 
vn 0.00296253 -0.0964682 0.995332 
vn 0.00112554 -0.0170875 0.999853 
vn 0.000536666 -0.0171155 0.999853 
vn -0.00339975 0.0512346 0.998681 
vn -0.00163791 0.0513201 0.998681 
vn -0.00868632 0.129801 0.991502 
vn -0.00423405 0.130022 0.991502 
vn -0.0139881 0.207293 0.978179 
vn -0.00689584 0.207653 0.978178 
vn -0.0192657 0.283187 0.958871 
vn -0.00960138 0.283687 0.958869 
vn -0.0244806 0.357001 0.933783 
vn -0.0123278 0.357642 0.933777 
vn -0.0295943 0.428284 0.90316 
vn -0.0150509 0.429065 0.903148 
vn -0.0345691 0.496616 0.867282 
vn -0.0177459 0.497533 0.867264 
vn -0.0393681 0.561613 0.826463 
vn -0.0203874 0.562661 0.826436 
vn -0.0439563 0.622931 0.781041 
vn -0.0229503 0.624102 0.781006 
vn -0.0483005 0.680261 0.731376 
vn -0.0254101 0.681548 0.731332 
vn -0.05237 0.733339 0.677843 
vn -0.0277429 0.734732 0.67779 
vn -0.0561367 0.781936 0.620825 
vn -0.0299264 0.783425 0.620765 
vn -0.0594631 0.824434 0.562825 
vn -0.0318738 0.826006 0.562759 
vn -0.0625658 0.863725 0.500064 
vn -0.0337062 0.865372 0.499996 
vn -0.0652982 0.898052 0.435016 
vn -0.0353326 0.899762 0.434948 
vn -0.0676465 0.927349 0.368032 
vn -0.0367396 0.929112 0.367968 
vn -0.0695981 0.951556 0.299497 
vn -0.0379156 0.953362 0.29944 
vn -0.0711439 0.970637 0.229786 
vn -0.0388512 0.972476 0.229739 
vn -0.072278 0.984586 0.159268 
vn -0.0395399 0.986449 0.159234 
vn -0.0729977 0.993415 0.0883049 
vn -0.039978 0.995293 0.0882856 
vn -0.0733034 0.99716 0.0172504 
vn -0.0401644 0.999044 0.0172466 
vn -0.0732027 0.995926 -0.0526486 
vn -0.0401029 0.997808 -0.052637 
vn -0.0726865 0.989599 -0.124137 
vn -0.0397885 0.99147 -0.124111 
vn -0.0717553 0.978162 -0.195066 
vn -0.0392222 0.980014 -0.195026 
vn -0.0704146 0.961644 -0.265108 
vn -0.0384093 0.963468 -0.265056 
vn -0.068673 0.940098 -0.333917 
vn -0.0373574 0.941883 -0.333856 
vn -0.0665419 0.913592 -0.40115 
vn -0.0360767 0.915331 -0.401084 
vn -0.0637313 0.878398 -0.473661 
vn -0.0343985 0.880072 -0.473593 
vn -0.0604864 0.83743 -0.543187 
vn -0.0324765 0.839026 -0.54312 
vn -0.0569972 0.792967 -0.606592 
vn -0.0304285 0.794478 -0.60653 
vn -0.0530191 0.741749 -0.668579 
vn -0.0281175 0.743159 -0.668524 
vn -0.0487162 0.685711 -0.726242 
vn -0.0256471 0.687009 -0.726197 
vn -0.0441317 0.625259 -0.779169 
vn -0.023049 0.626435 -0.779133 
vn -0.039307 0.560791 -0.827024 
vn -0.0203535 0.561837 -0.826998 
vn -0.0342846 0.492734 -0.869504 
vn -0.0175905 0.493643 -0.869487 
vn -0.0291077 0.421547 -0.906339 
vn -0.0147897 0.422314 -0.906329 
vn -0.02382 0.347714 -0.937298 
vn -0.0119795 0.348337 -0.937293 
vn -0.0184644 0.271742 -0.962193 
vn -0.00918709 0.272221 -0.962191 
vn -0.0130832 0.194157 -0.980883 
vn -0.00643751 0.194493 -0.980883 
vn -0.00771712 0.115496 -0.993278 
vn -0.00375369 0.115692 -0.993278 
vn -0.00240491 0.0363007 -0.999338 
vn -0.00115602 0.036361 -0.999338 
vn 0.00238596 -0.0362981 -0.999338 
vn 0.0011343 -0.0363573 -0.999338 
vn 0.00749481 -0.114996 -0.993338 
vn 0.0035197 -0.11518 -0.993338 
vn 0.0124528 -0.192692 -0.98118 
vn 0.00577618 -0.192994 -0.981183 
vn 0.0172317 -0.268868 -0.963023 
vn 0.00789419 -0.269282 -0.963029 
vn 0.0218073 -0.343049 -0.939065 
vn 0.00986743 -0.343568 -0.939076 
vn 0.0261592 -0.414783 -0.909544 
vn 0.0116922 -0.415402 -0.909563 
vn 0.0302699 -0.483656 -0.874734 
vn 0.0133673 -0.484369 -0.874762 
vn 0.0341257 -0.549285 -0.834938 
vn 0.0148935 -0.550087 -0.834974 
vn 0.0377153 -0.611324 -0.790482 
vn 0.0162735 -0.61221 -0.790528 
vn 0.0410305 -0.669462 -0.741712 
vn 0.0175114 -0.670427 -0.741768 
vn 0.0440655 -0.723427 -0.688993 
vn 0.0186126 -0.724468 -0.689057 
vn 0.0468167 -0.772984 -0.632696 
vn 0.0195832 -0.774095 -0.632767 
vn 0.0493483 -0.819145 -0.571459 
vn 0.0204522 -0.820323 -0.571535 
vn 0.0515185 -0.859158 -0.50911 
vn 0.0211781 -0.860396 -0.509186 
vn 0.0534045 -0.894275 -0.44432 
vn 0.0217942 -0.895566 -0.444394 
vn 0.055007 -0.924373 -0.377504 
vn 0.0223065 -0.925711 -0.377574 
vn 0.0563286 -0.949377 -0.309047 
vn 0.0227212 -0.950755 -0.309108 
vn 0.0573722 -0.969242 -0.23933 
vn 0.0230434 -0.970653 -0.23938 
vn 0.0581411 -0.983946 -0.168727 
vn 0.0232779 -0.985382 -0.168764 
vn 0.0586387 -0.993496 -0.0976113 
vn 0.0234284 -0.994947 -0.0976332 
vn 0.0588688 -0.997918 -0.0263458 
vn 0.0234975 -0.999377 -0.0263518 
vn 0.0235029 -0.999724 -1.78396e-16 
vn -0.0107997 -0.999942 -4.28671e-17 
vn -0.0107484 -0.997355 0.0718842 
vn -0.0501931 -0.996146 0.0719293 
vn -0.0105951 -0.989594 0.143497 
vn -0.0497194 -0.988388 0.143586 
vn -0.0103425 -0.97668 0.214449 
vn -0.048934 -0.97548 0.214577 
vn -0.00999499 -0.958658 0.284387 
vn -0.047844 -0.957467 0.284549 
vn -0.00955883 -0.935591 0.352957 
vn -0.0464591 -0.934414 0.353146 
vn -0.00904189 -0.907567 0.41981 
vn -0.0447921 -0.90641 0.420018 
vn -0.0083844 -0.870754 0.491647 
vn -0.042628 -0.869626 0.491868 
vn -0.00765544 -0.828233 0.560332 
vn -0.0401646 -0.827143 0.560554 
vn -0.00690133 -0.782091 0.623126 
vn -0.0375355 -0.781049 0.623341 
vn -0.00608832 -0.729475 0.68398 
vn -0.0345935 -0.728494 0.684179 
vn -0.0052596 -0.672166 0.740381 
vn -0.0314568 -0.671256 0.740558 
vn -0.00443502 -0.610575 0.791946 
vn -0.0281645 -0.609747 0.792096 
vn -0.00363363 -0.545102 0.838362 
vn -0.0247545 -0.544366 0.838482 
vn -0.00287379 -0.476178 0.879344 
vn -0.0212647 -0.475542 0.879436 
vn -0.00217278 -0.404258 0.914642 
vn -0.0177331 -0.403727 0.914708 
vn -0.00154642 -0.32982 0.944043 
vn -0.0141965 -0.329397 0.944085 
vn -0.00100861 -0.253364 0.96737 
vn -0.0106903 -0.25305 0.967394 
vn -0.000571023 -0.175408 0.984496 
vn -0.0072482 -0.175199 0.984506 
vn -0.000242796 -0.0964808 0.995335 
vn -0.00390103 -0.0963715 0.995338 
vn -3.02757e-05 -0.0171184 0.999853 
vn -0.000676735 -0.0171001 0.999854 
vn 5.74432e-05 0.0513307 0.998682 
vn 0.00198904 0.0512787 0.998682 
vn 4.76547e-05 0.130055 0.991507 
vn 0.00492144 0.129933 0.991511 
vn -7.94651e-05 0.207716 0.978189 
vn 0.00767216 0.207535 0.978198 
vn -0.000318721 0.283787 0.958887 
vn 0.0102276 0.28356 0.9589 
vn -0.00066212 0.357787 0.933803 
vn 0.0125789 0.357524 0.933819 
vn -0.00109913 0.429259 0.903181 
vn 0.0147218 0.428972 0.903198 
vn 0.0166555 0.497479 0.867316 
vn 0.0183832 0.562656 0.826487 
vn 0.019911 0.624152 0.781049 
vn 0.021248 0.681656 0.731364 
vn 0.0224052 0.734898 0.677808 
vn 0.0233954 0.783645 0.620768 
vn 0.024206 0.826274 0.562748 
vn 0.0249085 0.865684 0.499972 
vn 0.0254847 0.900111 0.434914 
vn 0.0259485 0.929492 0.367929 
vn 0.026312 0.953765 0.2994 
vn 0.0265857 0.972897 0.229704 
vn 0.0267786 0.986882 0.159207 
vn 0.0268976 0.995733 0.0882694 
vn 0.0269473 0.999488 0.0172433 
vn 0.026931 0.998251 -0.0526271 
vn 0.0268465 0.991908 -0.124088 
vn 0.0266905 0.980441 -0.194994 
vn 0.0264581 0.963881 -0.265017 
vn 0.0261422 0.942276 -0.333817 
vn 0.025734 0.915696 -0.401047 
vn 0.0251591 0.8804 -0.473564 
vn 0.0244433 0.839309 -0.543105 
vn 0.0236108 0.79471 -0.60653 
vn 0.0225814 0.743333 -0.66854 
vn 0.0213704 0.687122 -0.726227 
vn 0.0199671 0.626487 -0.779176 
vn 0.018362 0.561831 -0.827048 
vn 0.0165489 0.493587 -0.869539 
vn -0.00105335 0.422504 -0.906361 
vn -0.000612847 0.348476 -0.937318 
vn 0.0122904 0.348217 -0.937333 
vn 0.0145247 0.422219 -0.906377 
vn -0.0002753 0.272315 -0.962208 
vn 0.00985109 0.272094 -0.96222 
vn -4.96322e-05 0.19455 -0.980893 
vn 0.00721587 0.194378 -0.9809 
vn 5.83168e-05 0.11572 -0.993282 
vn 0.0043982 0.11561 -0.993285 
vn 4.58762e-05 0.0363682 -0.999338 
vn 0.0014155 0.0363309 -0.999339 
vn -7.09248e-05 -0.0363631 -0.999339 
vn -0.0014455 -0.0363236 -0.999339 
vn -0.000310118 -0.115194 -0.993343 
vn -0.00468202 -0.115062 -0.993347 
vn -0.000660015 -0.193011 -0.981196 
vn -0.00801368 -0.192779 -0.981209 
vn -0.00111185 -0.2693 -0.963056 
vn -0.0114105 -0.268963 -0.963083 
vn -0.00165461 -0.343584 -0.939121 
vn -0.0148413 -0.343141 -0.939167 
vn -0.00227538 -0.415416 -0.909629 
vn -0.0182737 -0.414869 -0.909698 
vn -0.00295973 -0.484383 -0.874851 
vn -0.0216748 -0.483735 -0.874946 
vn -0.00369211 -0.550103 -0.835088 
vn -0.0250117 -0.54936 -0.835211 
vn -0.00445631 -0.612232 -0.790666 
vn -0.028252 -0.611401 -0.790816 
vn -0.00523582 -0.670459 -0.741928 
vn -0.0313644 -0.669551 -0.742103 
vn -0.00601422 -0.724514 -0.689234 
vn -0.0343191 -0.723538 -0.689431 
vn -0.00677555 -0.774158 -0.632957 
vn -0.0370881 -0.773124 -0.633169 
vn -0.00752483 -0.820407 -0.571731 
vn -0.0397154 -0.819325 -0.571953 
vn -0.00820564 -0.860501 -0.509382 
vn -0.0420304 -0.859382 -0.509604 
vn -0.00882717 -0.895695 -0.444582 
vn -0.0440909 -0.894546 -0.444796 
vn -0.00937775 -0.925862 -0.377746 
vn -0.0458785 -0.924691 -0.377944 
vn -0.00984774 -0.950927 -0.309259 
vn -0.0473786 -0.949741 -0.309432 
vn -0.0102293 -0.970842 -0.239502 
vn -0.0485802 -0.969645 -0.239643 
vn -0.0105164 -0.985585 -0.168854 
vn -0.0494752 -0.984381 -0.168957 
vn -0.0107049 -0.99516 -0.0976862 
vn -0.050059 -0.993951 -0.0977472 
vn -0.0107928 -0.999594 -0.0263663 
vn -0.05033 -0.998384 -0.0263829 
vn -0.0503513 -0.998732 2.42406e-16 
vn -0.0884155 -0.996084 2.07524e-16 
vn -0.0881541 -0.993504 0.071959 
vn -0.130312 -0.988857 0.0719754 
vn -0.0873707 -0.985765 0.143644 
vn -0.129186 -0.981157 0.143676 
vn -0.0860707 -0.972889 0.214661 
vn -0.127315 -0.968345 0.214706 
vn -0.0842634 -0.95492 0.284654 
vn -0.124713 -0.950466 0.284711 
vn -0.0819623 -0.931925 0.353269 
vn -0.121396 -0.927588 0.353333 
vn -0.117388 -0.899797 0.420221 
vn -0.112157 -0.863296 0.492077 
vn -0.106165 -0.821144 0.560759 
vn -0.0997218 -0.775411 0.623533 
vn -0.0924504 -0.72327 0.684349 
vn -0.0846219 -0.666485 0.7407 
vn -0.0763147 -0.605459 0.792209 
vn -0.067605 -0.540589 0.838566 
vn -0.0585709 -0.472295 0.879493 
vn -0.0492921 -0.40102 0.914742 
vn -0.0398485 -0.327235 0.944102 
vn -0.0303195 -0.251428 0.967401 
vn -0.0207831 -0.174105 0.984508 
vn -0.0113148 -0.0957863 0.995338 
vn -0.00198653 -0.0169993 0.999854 
vn 0.00590179 0.0509845 0.998682 
vn 0.0147912 0.12921 0.991507 
vn 0.0233647 0.206417 0.978185 
vn 0.0315702 0.28208 0.958871 
vn 0.0393648 0.355713 0.933766 
vn 0.0467134 0.426859 0.903111 
vn 0.0535882 0.495089 0.867188 
vn 0.0599692 0.560011 0.826312 
vn 0.0658432 0.621271 0.780825 
vn 0.0712036 0.678555 0.73109 
vn 0.0760496 0.73159 0.67749 
vn 0.0803853 0.780144 0.620413 
vn 0.0840956 0.822598 0.56237 
vn 0.0874567 0.861839 0.499584 
vn 0.0903376 0.896114 0.434533 
vn 0.0927545 0.925358 0.367573 
vn 0.0947218 0.949513 0.299086 
vn 0.0962535 0.96855 0.229447 
vn 0.0973623 0.982463 0.159021 
vn 0.0980594 0.991268 0.0881635 
vn 0.098354 0.995002 0.0172224 
vn 0.098257 0.993772 -0.0525635 
vn 0.0977586 0.987462 -0.123941 
vn 0.0968527 0.976055 -0.194771 
vn 0.0955337 0.959579 -0.26473 
vn 0.0937939 0.93808 -0.33348 
vn 0.0916244 0.911627 -0.400676 
vn 0.0886946 0.876491 -0.473177 
vn 0.0852147 0.835578 -0.542722 
vn 0.0813557 0.791165 -0.606168 
vn 0.0768069 0.739993 -0.668215 
vn 0.0717063 0.684 -0.725949 
vn 0.0660634 0.623597 -0.778949 
vn 0.0598894 0.559189 -0.826874 
vn 0.0532022 0.491212 -0.869414 
vn 0.0460265 0.420133 -0.906294 
vn 0.0383943 0.346446 -0.937284 
vn 0.0303451 0.270667 -0.962195 
vn 0.0219251 0.193326 -0.98089 
vn 0.0131872 0.114963 -0.993282 
vn 0.00419001 0.0361212 -0.999339 
vn -0.00423069 -0.036108 -0.999339 
vn -0.0135426 -0.114359 -0.993347 
vn -0.0229205 -0.191568 -0.981212 
vn -0.0322912 -0.26723 -0.963091 
vn -0.0415823 -0.34088 -0.939187 
vn -0.0507218 -0.41208 -0.909735 
vn -0.0596391 -0.480425 -0.875006 
vn -0.0682659 -0.545544 -0.835297 
vn -0.0765367 -0.607101 -0.79093 
vn -0.0843902 -0.664793 -0.742245 
vn -0.0917689 -0.718354 -0.689599 
vn -0.0986203 -0.767549 -0.633358 
vn -0.105068 -0.813387 -0.572156 
vn -0.110708 -0.853132 -0.509814 
vn -0.115697 -0.888024 -0.445002 
vn -0.0809958 -0.922227 -0.378071 
vn -0.0834907 -0.947213 -0.309543 
vn -0.1236 -0.942798 -0.309603 
vn -0.120002 -0.917939 -0.378137 
vn -0.0854843 -0.967068 -0.239735 
vn -0.126471 -0.962553 -0.239785 
vn -0.0869667 -0.981768 -0.169024 
vn -0.128604 -0.977179 -0.169061 
vn -0.0879323 -0.991315 -0.0977873 
vn -0.129993 -0.986679 -0.0978094 
vn -0.0883804 -0.995737 -0.0263939 
vn -0.130637 -0.991079 -0.0263999 
vn -0.130688 -0.991424 3.72274e-16 
vn -0.208034 -0.975469 0.0719832 
vn -0.206281 -0.967885 0.143691 
vn -0.20337 -0.955266 0.214727 
vn -0.199316 -0.937656 0.284735 
vn -0.194144 -0.915121 0.353358 
vn -0.187887 -0.887746 0.420244 
vn -0.179708 -0.85179 0.492096 
vn -0.170319 -0.810264 0.56077 
vn -0.160202 -0.765206 0.623534 
vn -0.148756 -0.713828 0.684341 
vn -0.136397 -0.657864 0.740683 
vn -0.123241 -0.59771 0.792184 
vn -0.109399 -0.533751 0.838535 
vn -0.094988 -0.466398 0.87946 
vn -0.0801257 -0.396085 0.914711 
vn -0.0649333 -0.32327 0.944076 
vn -0.0495322 -0.248431 0.967382 
vn -0.0340431 -0.172066 0.984497 
vn -0.0185847 -0.0946847 0.995334 
vn -0.00327208 -0.0168074 0.999853 
vn 0.00974504 0.0504184 0.998681 
vn 0.0244939 0.127802 0.991497 
vn 0.0388045 0.204209 0.978158 
vn 0.0525851 0.279116 0.958816 
vn 0.0657582 0.352038 0.933673 
vn 0.0782566 0.422517 0.90297 
vn 0.0900245 0.490122 0.866992 
vn 0.101017 0.554461 0.826056 
vn 0.111201 0.615177 0.780507 
vn 0.120552 0.671955 0.730714 
vn 0.129058 0.724521 0.677062 
vn 0.136713 0.772642 0.619947 
vn 0.1433 0.814712 0.56188 
vn 0.149297 0.853593 0.499088 
vn 0.154463 0.887547 0.434052 
vn 0.158815 0.916513 0.367127 
vn 0.162371 0.940434 0.298695 
vn 0.165148 0.959284 0.229129 
vn 0.167163 0.973058 0.158791 
vn 0.168432 0.981774 0.0880329 
vn 0.168969 0.985471 0.0171966 
vn 0.168792 0.984253 -0.052485 
vn 0.167884 0.978007 -0.12376 
vn 0.166236 0.966715 -0.194495 
vn 0.163842 0.950401 -0.264373 
vn 0.160692 0.929113 -0.333058 
vn 0.156778 0.902913 -0.40021 
vn 0.151514 0.868109 -0.472685 
vn 0.145293 0.827574 -0.542228 
vn 0.138432 0.783563 -0.605694 
vn 0.130392 0.732849 -0.66778 
vn 0.121432 0.677352 -0.725568 
vn 0.111584 0.617483 -0.778629 
vn 0.100879 0.553647 -0.826619 
vn 0.0893617 0.486281 -0.869221 
vn 0.077085 0.415854 -0.906159 
vn 0.0641136 0.34286 -0.937196 
vn 0.0505222 0.267816 -0.962145 
vn 0.0363955 0.191252 -0.980866 
vn 0.0218263 0.113706 -0.993275 
vn 0.00691479 0.0357187 -0.999338 
vn -0.00696373 -0.0356986 -0.999338 
vn -0.0222292 -0.113038 -0.993342 
vn -0.0375216 -0.189315 -0.981199 
vn -0.0527251 -0.264034 -0.963071 
vn -0.0677278 -0.336737 -0.93916 
vn -0.0824198 -0.406996 -0.909704 
vn -0.0966949 -0.474417 -0.874973 
vn -0.110451 -0.538637 -0.835267 
vn -0.123593 -0.599328 -0.790905 
vn -0.136031 -0.656197 -0.742228 
vn -0.147681 -0.708982 -0.68959 
vn -0.15847 -0.757459 -0.633358 
vn -0.168598 -0.802622 -0.572165 
vn -0.177438 -0.841777 -0.50983 
vn -0.185244 -0.87615 -0.445024 
vn -0.191969 -0.905617 -0.378162 
vn -0.197581 -0.930103 -0.309628 
vn -0.202055 -0.949561 -0.239806 
vn -0.205377 -0.963967 -0.169078 
vn -0.207538 -0.973324 -0.0978199 
vn -0.20854 -0.977657 -0.0264028 
vn -0.208619 -0.977997 9.27354e-16 
vn -0.284892 -0.955851 0.0720136 
vn -0.282524 -0.948428 0.14375 
vn -0.278589 -0.936079 0.214812 
vn -0.273108 -0.918846 0.284842 
vn -0.266112 -0.896791 0.353482 
vn -0.257641 -0.870001 0.42038 
vn -0.246562 -0.834812 0.492236 
vn -0.23383 -0.794169 0.560909 
vn -0.220096 -0.750067 0.623665 
vn -0.204536 -0.699774 0.684457 
vn -0.187711 -0.644986 0.740782 
vn -0.169771 -0.586087 0.792263 
vn -0.150862 -0.52345 0.838594 
vn -0.131136 -0.457473 0.879501 
vn -0.11075 -0.388577 0.914736 
vn -0.0898633 -0.317206 0.94409 
vn -0.0686389 -0.243824 0.967388 
vn -0.0472389 -0.168914 0.984498 
vn -0.0258245 -0.0929724 0.995334 
vn -0.00455322 -0.0165076 0.999853 
vn 0.0135775 0.0495299 0.99868 
vn 0.0341762 0.125582 0.991494 
vn 0.0542223 0.200713 0.978148 
vn 0.0735841 0.274407 0.958794 
vn 0.0921481 0.346182 0.933631 
vn 0.109814 0.415584 0.902901 
vn 0.126496 0.482184 0.866889 
vn 0.142125 0.545589 0.825913 
vn 0.156643 0.605442 0.780322 
vn 0.170011 0.661427 0.730486 
vn 0.182201 0.713268 0.676795 
vn 0.193197 0.760732 0.619647 
vn 0.202679 0.802231 0.561558 
vn 0.21133 0.840585 0.498755 
vn 0.218794 0.874079 0.433723 
vn 0.225092 0.902651 0.366818 
vn 0.230245 0.926246 0.298422 
vn 0.234274 0.944838 0.228905 
vn 0.2372 0.958422 0.158629 
vn 0.239043 0.967019 0.0879399 
vn 0.239823 0.970665 0.0171782 
vn 0.239566 0.969463 -0.0524291 
vn 0.238247 0.963304 -0.123631 
vn 0.235854 0.952166 -0.1943 
vn 0.232379 0.936077 -0.264123 
vn 0.227812 0.915079 -0.332765 
vn 0.222143 0.889236 -0.39989 
vn 0.214531 0.854904 -0.472352 
vn 0.205553 0.814918 -0.541901 
vn 0.19567 0.771504 -0.605388 
vn 0.184115 0.721482 -0.667507 
vn 0.171271 0.666749 -0.725336 
vn 0.15719 0.607716 -0.778443 
vn 0.141928 0.544786 -0.826477 
vn 0.125556 0.478399 -0.86912 
vn 0.108156 0.409021 -0.906093 
vn 0.0898273 0.337146 -0.937157 
vn 0.070682 0.263287 -0.962125 
vn 0.0508435 0.187969 -0.980858 
vn 0.030446 0.111726 -0.993273 
vn 0.00963155 0.0350875 -0.999338 
vn -0.00968693 -0.0350596 -0.999338 
vn -0.0308786 -0.110987 -0.993342 
vn -0.0520498 -0.185837 -0.981201 
vn -0.0730434 -0.259125 -0.963078 
vn -0.0937088 -0.330408 -0.939175 
vn -0.113899 -0.39927 -0.909731 
vn -0.133474 -0.46533 -0.875016 
vn -0.1523 -0.528236 -0.835327 
vn -0.170251 -0.587672 -0.790984 
vn -0.187211 -0.643354 -0.742326 
vn -0.203074 -0.695031 -0.689705 
vn -0.217743 -0.742484 -0.633487 
vn -0.231495 -0.786689 -0.572303 
vn -0.243485 -0.825012 -0.509971 
vn -0.254062 -0.858652 -0.445163 
vn -0.263168 -0.88749 -0.378291 
vn -0.270761 -0.911454 -0.309742 
vn -0.276812 -0.930496 -0.2399 
vn -0.281302 -0.944594 -0.169147 
vn -0.284222 -0.953751 -0.0978609 
vn -0.285576 -0.957992 -0.0264141 
vn -0.285682 -0.958324 -1.06971e-15 
vn -0.32624 -0.945287 -1.4342e-15 
vn -0.325341 -0.942849 0.0720353 
vn -0.367754 -0.927127 0.0720567 
vn -0.322648 -0.935533 0.143792 
vn -0.364721 -0.919941 0.143834 
vn -0.318172 -0.923361 0.214873 
vn -0.359679 -0.907984 0.214934 
vn -0.311937 -0.906375 0.284919 
vn -0.352656 -0.891298 0.284995 
vn -0.303978 -0.884638 0.353572 
vn -0.343689 -0.869944 0.353661 
vn -0.29434 -0.858232 0.420478 
vn -0.332829 -0.844003 0.420575 
vn -0.281729 -0.823548 0.492339 
vn -0.318616 -0.80993 0.492441 
vn -0.267235 -0.783487 0.561011 
vn -0.302277 -0.770573 0.561112 
vn -0.284638 -0.727862 0.623858 
vn -0.26464 -0.67915 0.684632 
vn -0.242999 -0.626075 0.740933 
vn -0.219901 -0.569005 0.792387 
vn -0.195531 -0.508298 0.83869 
vn -0.170078 -0.444332 0.879569 
vn -0.14374 -0.377511 0.914781 
vn -0.11672 -0.308257 0.944116 
vn -0.0892221 -0.237016 0.9674 
vn -0.0614546 -0.16425 0.984503 
vn -0.0336239 -0.0904356 0.995335 
vn -0.00593342 -0.0160628 0.999853 
vn 0.0177063 0.0482102 0.99868 
vn 0.0446071 0.122281 0.991493 
vn 0.0708314 0.195508 0.978141 
vn 0.0962043 0.267387 0.958775 
vn 0.120573 0.337446 0.933591 
vn 0.1438 0.405235 0.902832 
vn 0.165768 0.470328 0.866783 
vn 0.186377 0.532335 0.825762 
vn 0.205549 0.590899 0.780121 
vn 0.223223 0.645701 0.730234 
vn 0.239356 0.696465 0.676495 
vn 0.253923 0.742956 0.619306 
vn 0.266494 0.783612 0.561188 
vn 0.277971 0.821194 0.498371 
vn 0.287878 0.854015 0.433341 
vn 0.296242 0.882015 0.366457 
vn 0.303086 0.905138 0.298101 
vn 0.308439 0.923357 0.228642 
vn 0.312327 0.936669 0.158437 
vn 0.314778 0.945093 0.08783 
vn 0.315814 0.948666 0.0171565 
vn 0.315473 0.947489 -0.0523631 
vn 0.31372 0.941453 -0.123478 
vn 0.310539 0.930539 -0.19407 
vn 0.305921 0.914772 -0.263828 
vn 0.299854 0.894194 -0.332422 
vn 0.292325 0.868869 -0.399516 
vn 0.282219 0.835225 -0.471966 
vn 0.270306 0.796044 -0.541525 
vn 0.257201 0.753509 -0.605039 
vn 0.241891 0.70451 -0.667199 
vn 0.224889 0.650911 -0.725079 
vn 0.206272 0.593123 -0.778239 
vn 0.186118 0.53155 -0.826326 
vn 0.164528 0.466628 -0.869016 
vn 0.141618 0.398823 -0.906027 
vn 0.117524 0.328624 -0.93712 
vn 0.0923985 0.256538 -0.962107 
vn 0.0664082 0.183084 -0.980852 
vn 0.0397321 0.108781 -0.993271 
vn 0.0125584 0.0341503 -0.999338 
vn -0.0126207 -0.034112 -0.999338 
vn -0.0401965 -0.10795 -0.993343 
vn -0.0677007 -0.180693 -0.981207 
vn -0.0949318 -0.251874 -0.963093 
vn -0.121697 -0.32107 -0.939204 
vn -0.147812 -0.387883 -0.909779 
vn -0.173097 -0.45195 -0.875088 
vn -0.197386 -0.512937 -0.835425 
vn -0.220521 -0.570541 -0.791109 
vn -0.242356 -0.624494 -0.742476 
vn -0.262761 -0.674555 -0.689878 
vn -0.281615 -0.720518 -0.633678 
vn -0.299278 -0.763329 -0.572505 
vn -0.314669 -0.80044 -0.510176 
vn -0.328238 -0.833014 -0.445362 
vn -0.300628 -0.87547 -0.378384 
vn -0.309268 -0.89909 -0.309824 
vn -0.349648 -0.884141 -0.309905 
vn -0.339915 -0.860938 -0.378476 
vn -0.316151 -0.917859 -0.239968 
vn -0.357402 -0.902578 -0.240034 
vn -0.321258 -0.931754 -0.169197 
vn -0.363155 -0.916229 -0.169245 
vn -0.324579 -0.940779 -0.0978903 
vn -0.366896 -0.925094 -0.0979192 
vn -0.326119 -0.944959 -0.0264221 
vn -0.36863 -0.9292 -0.02643 
vn -0.368766 -0.929522 -2.43189e-15 
vn -0.441056 -0.89458 0.0720891 
vn -0.437438 -0.887661 0.143897 
vn -0.431423 -0.87615 0.215025 
vn -0.423044 -0.860085 0.28511 
vn -0.412344 -0.839525 0.353794 
vn -0.399381 -0.814548 0.420722 
vn -0.382412 -0.781737 0.492594 
vn -0.362895 -0.743834 0.561265 
vn -0.341817 -0.702695 0.624003 
vn -0.317909 -0.655768 0.684764 
vn -0.29202 -0.604627 0.741047 
vn -0.264371 -0.549622 0.79248 
vn -0.235176 -0.491092 0.838762 
vn -0.20466 -0.429397 0.879621 
vn -0.173054 -0.36492 0.914814 
vn -0.140598 -0.298064 0.944134 
vn -0.107535 -0.229251 0.967409 
vn -0.0741116 -0.158922 0.984506 
vn -0.0405732 -0.0875332 0.995335 
vn -0.00716407 -0.015553 0.999853 
vn 0.0213901 0.0466954 0.99868 
vn 0.0539207 0.118485 0.991491 
vn 0.0856726 0.189513 0.978133 
vn 0.116431 0.259288 0.958756 
vn 0.146007 0.32735 0.933554 
vn 0.17423 0.393257 0.90277 
vn 0.200952 0.456589 0.866686 
vn 0.226046 0.516959 0.825625 
vn 0.24941 0.574012 0.779939 
vn 0.270965 0.627429 0.730007 
vn 0.290655 0.676935 0.676224 
vn 0.308443 0.722291 0.618998 
vn 0.323801 0.761968 0.560854 
vn 0.337826 0.798653 0.498023 
vn 0.349936 0.830699 0.432995 
vn 0.360162 0.85804 0.366129 
vn 0.368531 0.880622 0.297809 
vn 0.375076 0.898415 0.228402 
vn 0.379831 0.911417 0.158262 
vn 0.382827 0.919645 0.08773 
vn 0.384095 0.923135 0.0171367 
vn 0.383677 0.921985 -0.0523029 
vn 0.381533 0.916089 -0.12334 
vn 0.377644 0.90543 -0.193861 
vn 0.371997 0.89003 -0.26356 
vn 0.364579 0.869934 -0.33211 
vn 0.355373 0.845203 -0.399177 
vn 0.343019 0.812352 -0.471616 
vn 0.328459 0.774102 -0.541185 
vn 0.312448 0.732589 -0.604723 
vn 0.29375 0.684782 -0.666922 
vn 0.272999 0.63251 -0.724847 
vn 0.250291 0.57618 -0.778056 
vn 0.22573 0.516194 -0.82619 
vn 0.199443 0.452988 -0.868922 
vn 0.171578 0.387021 -0.905967 
vn 0.142305 0.318776 -0.937086 
vn 0.111815 0.248753 -0.962091 
vn 0.0803143 0.177457 -0.980846 
vn 0.0480225 0.105397 -0.99327 
vn 0.0151694 0.0330749 -0.999338 
vn -0.0152361 -0.0330264 -0.999338 
vn -0.0484973 -0.104477 -0.993344 
vn -0.0816334 -0.174818 -0.981211 
vn -0.114404 -0.243606 -0.963103 
vn -0.14658 -0.310436 -0.939225 
vn -0.177942 -0.374931 -0.909815 
vn -0.208281 -0.436746 -0.875141 
vn -0.237399 -0.495565 -0.835498 
vn -0.265112 -0.551102 -0.791203 
vn -0.291251 -0.603103 -0.742589 
vn -0.315662 -0.651342 -0.690008 
vn -0.338204 -0.695621 -0.633821 
vn -0.359313 -0.736857 -0.572657 
vn -0.377697 -0.772598 -0.51033 
vn -0.393901 -0.803966 -0.445512 
vn -0.407839 -0.830854 -0.378616 
vn -0.419455 -0.853194 -0.310028 
vn -0.428707 -0.870945 -0.240134 
vn -0.43557 -0.884087 -0.169319 
vn -0.440032 -0.892622 -0.0979629 
vn -0.442101 -0.896576 -0.0264419 
vn -0.442263 -0.896885 4.6143e-16 
vn -0.511616 -0.856182 0.0721158 
vn -0.507437 -0.84958 0.14395 
vn -0.50049 -0.838595 0.2151 
vn -0.49081 -0.823264 0.285205 
vn -0.478448 -0.803641 0.353904 
vn -0.463468 -0.779801 0.420842 
vn -0.443854 -0.748479 0.49272 
vn -0.42129 -0.71229 0.561389 
vn -0.396912 -0.673004 0.624121 
vn -0.369249 -0.628179 0.684869 
vn -0.33928 -0.579315 0.741137 
vn -0.307256 -0.52674 0.792552 
vn -0.273423 -0.470773 0.838816 
vn -0.238035 -0.411753 0.879658 
vn -0.201358 -0.350038 0.914838 
vn -0.163665 -0.286008 0.944147 
vn -0.125235 -0.22006 0.967414 
vn -0.0863504 -0.152611 0.984507 
vn -0.0472965 -0.084092 0.995335 
vn -0.00835534 -0.014948 0.999853 
vn 0.0249577 0.0448964 0.99868 
vn 0.0629455 0.113972 0.991488 
vn 0.100061 0.182378 0.978124 
vn 0.136051 0.249641 0.958733 
vn 0.170691 0.315314 0.933511 
vn 0.203775 0.378965 0.902697 
vn 0.235126 0.440184 0.866576 
vn 0.26459 0.498588 0.825471 
vn 0.29204 0.553826 0.779737 
vn 0.317379 0.605581 0.729755 
vn 0.340535 0.653575 0.675926 
vn 0.361463 0.69757 0.61866 
vn 0.379535 0.736075 0.560488 
vn 0.396041 0.771689 0.497642 
vn 0.410295 0.802808 0.432617 
vn 0.42233 0.829366 0.365772 
vn 0.43218 0.851304 0.297491 
vn 0.439883 0.868594 0.228141 
vn 0.445478 0.881228 0.158071 
vn 0.449003 0.889223 0.0876212 
vn 0.450495 0.892615 0.0171151 
vn 0.450004 0.891497 -0.0522374 
vn 0.447481 0.885768 -0.123189 
vn 0.442905 0.875409 -0.193633 
vn 0.436259 0.860446 -0.263268 
vn 0.427528 0.840921 -0.331771 
vn 0.416694 0.816896 -0.398807 
vn 0.402154 0.784991 -0.471235 
vn 0.385017 0.747853 -0.540813 
vn 0.366175 0.707562 -0.604377 
vn 0.344176 0.661185 -0.666616 
vn 0.31977 0.610505 -0.72459 
vn 0.293075 0.555926 -0.777852 
vn 0.264219 0.497848 -0.826036 
vn 0.233355 0.436701 -0.868814 
vn 0.200665 0.37294 -0.905897 
vn 0.166353 0.307037 -0.937046 
vn 0.130648 0.239481 -0.962071 
vn 0.0937951 0.170763 -0.980838 
vn 0.056055 0.101374 -0.993268 
vn 0.0176978 0.0317979 -0.999338 
vn -0.0177674 -0.0317384 -0.999338 
vn -0.056527 -0.100359 -0.993344 
vn -0.095104 -0.167861 -0.981213 
vn -0.133221 -0.233821 -0.96311 
vn -0.170614 -0.29786 -0.939239 
vn -0.207032 -0.359622 -0.90984 
vn -0.242236 -0.418784 -0.875181 
vn -0.276 -0.475051 -0.835554 
vn -0.308115 -0.528155 -0.791276 
vn -0.33839 -0.577858 -0.742679 
vn -0.366647 -0.62395 -0.690113 
vn -0.392731 -0.666248 -0.633937 
vn -0.417147 -0.705628 -0.57278 
vn -0.438405 -0.739754 -0.510456 
vn -0.457134 -0.7697 -0.445635 
vn -0.473242 -0.795365 -0.37873 
vn -0.486664 -0.816688 -0.310129 
vn -0.497352 -0.833629 -0.240217 
vn -0.505279 -0.84617 -0.16938 
vn -0.510433 -0.854315 -0.097999 
vn -0.512822 -0.858087 -0.0264518 
vn -0.51301 -0.858383 -3.07552e-15 
vn -0.577017 -0.813541 0.0721272 
vn -0.572325 -0.807289 0.143972 
vn -0.564526 -0.796887 0.215132 
vn -0.553657 -0.782367 0.285245 
vn -0.539774 -0.763782 0.353951 
vn -0.522949 -0.741198 0.420892 
vn -0.500912 -0.711522 0.492771 
vn -0.475552 -0.677227 0.561439 
vn -0.448143 -0.639988 0.624167 
vn -0.417027 -0.597485 0.684909 
vn -0.383299 -0.551135 0.741169 
vn -0.34724 -0.501245 0.792577 
vn -0.309119 -0.448113 0.838833 
vn -0.269219 -0.392053 0.879668 
vn -0.227834 -0.333401 0.914842 
vn -0.185268 -0.27251 0.944147 
vn -0.141832 -0.209753 0.967413 
vn -0.0978428 -0.145521 0.984505 
vn -0.0536186 -0.0802184 0.995334 
vn -0.00947717 -0.0142656 0.999853 
vn 0.0283216 0.0428631 0.998679 
vn 0.0714681 0.108859 0.991485 
vn 0.11367 0.174276 0.978114 
vn 0.154638 0.238661 0.958712 
vn 0.194111 0.301583 0.933471 
vn 0.231853 0.362625 0.902633 
vn 0.267654 0.421389 0.866483 
vn 0.301334 0.4775 0.825343 
vn 0.332742 0.530614 0.779571 
vn 0.361759 0.580417 0.729552 
vn 0.388298 0.626636 0.675687 
vn 0.412298 0.669031 0.618391 
vn 0.433037 0.706156 0.560199 
vn 0.451988 0.740512 0.497342 
vn 0.46836 0.770545 0.432319 
vn 0.482189 0.796184 0.365492 
vn 0.49351 0.817371 0.297242 
vn 0.502365 0.834071 0.227936 
vn 0.508798 0.846277 0.157923 
vn 0.512852 0.854003 0.087536 
vn 0.514567 0.857279 0.0170983 
vn 0.514002 0.8562 -0.0521862 
vn 0.511101 0.850664 -0.123071 
vn 0.505839 0.840656 -0.193455 
vn 0.498199 0.826201 -0.26304 
vn 0.488163 0.807342 -0.331504 
vn 0.475712 0.784144 -0.398516 
vn 0.459008 0.753348 -0.470934 
vn 0.439329 0.717516 -0.540518 
vn 0.417704 0.678663 -0.604102 
vn 0.392472 0.633967 -0.666372 
vn 0.364499 0.585158 -0.724383 
vn 0.333927 0.532634 -0.777685 
vn 0.30091 0.476789 -0.825909 
vn 0.265631 0.418045 -0.868723 
vn 0.228303 0.356845 -0.905837 
vn 0.189165 0.29365 -0.937009 
vn 0.148484 0.228932 -0.962051 
vn 0.106542 0.163164 -0.980829 
vn 0.0636383 0.0968182 -0.993266 
vn 0.0200812 0.0303553 -0.999337 
vn -0.0201504 -0.0302862 -0.999338 
vn -0.0640751 -0.0957268 -0.993343 
vn -0.107749 -0.160047 -0.981211 
vn -0.150861 -0.222852 -0.963108 
vn -0.193118 -0.283784 -0.93924 
vn -0.234238 -0.342512 -0.909845 
vn -0.273956 -0.398734 -0.875191 
vn -0.312023 -0.452175 -0.835571 
vn -0.348208 -0.502589 -0.7913 
vn -0.382297 -0.549753 -0.742711 
vn -0.4141 -0.593474 -0.690152 
vn -0.443442 -0.633582 -0.633982 
vn -0.470895 -0.670913 -0.57283 
vn -0.494788 -0.703254 -0.510507 
vn -0.515833 -0.731629 -0.445685 
vn -0.533928 -0.755942 -0.378778 
vn -0.549001 -0.776139 -0.310171 
vn -0.561003 -0.792183 -0.240252 
vn -0.569903 -0.80406 -0.169406 
vn -0.575689 -0.811773 -0.0980144 
vn -0.578371 -0.815345 -0.026456 
vn -0.578581 -0.815625 -1.64813e-15 
vn -0.637638 -0.766951 0.0721423 
vn -0.632475 -0.761077 0.144001 
vn -0.623893 -0.751304 0.215175 
vn -0.611931 -0.737662 0.285299 
vn -0.596649 -0.720197 0.354014 
vn -0.578125 -0.698973 0.420962 
vn -0.553858 -0.671077 0.492845 
vn -0.525922 -0.638833 0.561514 
vn -0.49572 -0.603811 0.624239 
vn -0.461419 -0.563826 0.684976 
vn -0.424223 -0.520207 0.741228 
vn -0.384435 -0.473237 0.792626 
vn -0.342348 -0.423192 0.838872 
vn -0.298269 -0.370362 0.879698 
vn -0.252519 -0.315057 0.914862 
vn -0.205428 -0.257607 0.94416 
vn -0.157336 -0.198356 0.967419 
vn -0.108589 -0.137668 0.984508 
vn -0.0595368 -0.075921 0.995335 
vn -0.0105286 -0.0135072 0.999853 
vn 0.0314777 0.0405999 0.99868 
vn 0.0794745 0.103158 0.991485 
vn 0.126472 0.165227 0.978113 
vn 0.172146 0.226374 0.958708 
vn 0.216205 0.286191 0.933461 
vn 0.25838 0.344278 0.902614 
vn 0.298432 0.400253 0.86645 
vn 0.336154 0.453752 0.825294 
vn 0.371369 0.50444 0.779503 
vn 0.403938 0.552012 0.729463 
vn 0.433755 0.596197 0.675578 
vn 0.460747 0.636759 0.618264 
vn 0.484089 0.672305 0.560057 
vn 0.505437 0.705219 0.497192 
vn 0.523891 0.734009 0.432168 
vn 0.539489 0.7586 0.365347 
vn 0.552264 0.778928 0.297112 
vn 0.562261 0.794957 0.227828 
vn 0.569526 0.806676 0.157843 
vn 0.574105 0.814094 0.0874906 
vn 0.576043 0.817241 0.0170893 
vn 0.575405 0.816204 -0.0521589 
vn 0.572128 0.810888 -0.123008 
vn 0.566184 0.801278 -0.19336 
vn 0.557558 0.787402 -0.26292 
vn 0.54623 0.769305 -0.331365 
vn 0.532183 0.747051 -0.398367 
vn 0.513348 0.717522 -0.470783 
vn 0.491175 0.683186 -0.540373 
vn 0.46683 0.645979 -0.603971 
vn 0.438448 0.60321 -0.666259 
vn 0.407015 0.556542 -0.724292 
vn 0.372699 0.506369 -0.777616 
vn 0.335679 0.453073 -0.82586 
vn 0.296168 0.397065 -0.868691 
vn 0.254411 0.338775 -0.905818 
vn 0.210682 0.278646 -0.937 
vn 0.165282 0.21713 -0.962048 
vn 0.11853 0.154679 -0.980829 
vn 0.0707606 0.0917402 -0.993266 
vn 0.0223168 0.0287501 -0.999337 
vn -0.0223831 -0.028673 -0.999338 
vn -0.0711392 -0.0905896 -0.993344 
vn -0.119571 -0.151397 -0.981214 
vn -0.167337 -0.210727 -0.963116 
vn -0.214115 -0.268247 -0.939254 
vn -0.259601 -0.32365 -0.909867 
vn -0.303504 -0.376659 -0.875222 
vn -0.345555 -0.427019 -0.835612 
vn -0.385503 -0.474502 -0.79135 
vn -0.423118 -0.518906 -0.74277 
vn -0.458192 -0.560053 -0.690218 
vn -0.490539 -0.597785 -0.634054 
vn -0.520792 -0.632896 -0.572904 
vn -0.547113 -0.663305 -0.510582 
vn -0.57029 -0.689978 -0.445757 
vn -0.590213 -0.71283 -0.378844 
vn -0.606806 -0.731809 -0.310229 
vn -0.620016 -0.746885 -0.240299 
vn -0.62981 -0.758043 -0.16944 
vn -0.636177 -0.765289 -0.0980348 
vn -0.639128 -0.768645 -0.0264615 
vn -0.639359 -0.768908 -1.54748e-15 
vn -0.670909 -0.741539 -1.64709e-15 
vn -0.669106 -0.739656 0.072153 
vn -0.69993 -0.710556 0.0721636 
vn -0.6637 -0.734003 0.144023 
vn -0.694285 -0.705139 0.144043 
vn -0.654711 -0.724596 0.215206 
vn -0.684899 -0.696123 0.215236 
vn -0.642183 -0.711466 0.285338 
vn -0.671816 -0.683538 0.285377 
vn -0.6551 -0.667424 0.354104 
vn -0.606772 -0.674223 0.421012 
vn -0.581349 -0.647366 0.492899 
vn -0.60828 -0.622088 0.492952 
vn -0.577704 -0.592316 0.561622 
vn -0.544637 -0.559968 0.624344 
vn -0.507071 -0.523022 0.685075 
vn -0.466317 -0.482699 0.741317 
vn -0.422703 -0.439256 0.792702 
vn -0.376546 -0.392941 0.838934 
vn -0.328178 -0.344018 0.879745 
vn -0.277943 -0.292767 0.914896 
vn -0.226201 -0.239486 0.944182 
vn -0.17332 -0.184489 0.967432 
vn -0.119674 -0.128107 0.984513 
vn -0.0656454 -0.0706844 0.995336 
vn -0.0116145 -0.0125823 0.999853 
vn 0.0347395 0.0378378 0.99868 
vn 0.0877552 0.0961947 0.991487 
vn 0.139724 0.154162 0.978116 
vn 0.190285 0.211338 0.958712 
vn 0.239113 0.267338 0.933464 
vn 0.285909 0.321786 0.902613 
vn 0.330401 0.374318 0.866442 
vn 0.372353 0.424588 0.825275 
vn 0.411562 0.472273 0.779471 
vn 0.447866 0.517078 0.729415 
vn 0.481138 0.558738 0.675514 
vn 0.511287 0.597021 0.618185 
vn 0.537384 0.6306 0.559966 
vn 0.561271 0.661721 0.497092 
vn 0.581938 0.688962 0.432064 
vn 0.599417 0.712246 0.365246 
vn 0.613742 0.731505 0.29702 
vn 0.624957 0.746698 0.227751 
vn 0.63311 0.75781 0.157786 
vn 0.63825 0.764845 0.0874577 
vn 0.640426 0.76783 0.0170827 
vn 0.639709 0.766846 -0.052139 
vn 0.63603 0.761804 -0.122962 
vn 0.62936 0.752692 -0.193292 
vn 0.61968 0.739537 -0.262834 
vn 0.606975 0.722387 -0.331268 
vn 0.561928 0.724969 -0.398318 
vn 0.541955 0.6962 -0.470734 
vn 0.570129 0.673359 -0.47068 
vn 0.591228 0.701309 -0.398264 
vn 0.545311 0.640886 -0.540279 
vn 0.518085 0.605728 -0.603888 
vn 0.486377 0.565353 -0.666193 
vn 0.451298 0.521347 -0.724243 
vn 0.413044 0.474089 -0.777583 
vn 0.371824 0.42395 -0.825841 
vn 0.327884 0.371325 -0.868683 
vn 0.281502 0.316625 -0.905817 
vn 0.23299 0.260271 -0.937003 
vn 0.182683 0.20269 -0.962052 
vn 0.130938 0.144307 -0.980832 
vn 0.078126 0.0855385 -0.993267 
vn 0.0246269 0.0267913 -0.999338 
vn -0.0246888 -0.0267061 -0.999338 
vn -0.0784293 -0.0843308 -0.993346 
vn -0.131764 -0.140866 -0.981221 
vn -0.18432 -0.195976 -0.96313 
vn -0.23575 -0.249357 -0.939278 
vn -0.285722 -0.300733 -0.909903 
vn -0.333924 -0.349852 -0.875271 
vn -0.380064 -0.396484 -0.835674 
vn -0.423874 -0.440426 -0.791426 
vn -0.465105 -0.481496 -0.742858 
vn -0.503535 -0.519534 -0.690316 
vn -0.538964 -0.554402 -0.634159 
vn -0.572087 -0.586833 -0.573012 
vn -0.600898 -0.614913 -0.51069 
vn -0.626261 -0.639535 -0.44586 
vn -0.648059 -0.660625 -0.378938 
vn -0.66621 -0.678138 -0.310311 
vn -0.65065 -0.720343 -0.240333 
vn -0.660908 -0.731083 -0.169465 
vn -0.69137 -0.70234 -0.169489 
vn -0.680658 -0.692047 -0.240366 
vn -0.667577 -0.738057 -0.0980493 
vn -0.698333 -0.709024 -0.0980636 
vn -0.670667 -0.741286 -0.0264655 
vn -0.70156 -0.712119 -0.0264694 
vn -0.701813 -0.712361 -3.49103e-15 
vn -0.74786 -0.659923 0.072155 
vn -0.741856 -0.65491 0.144026 
vn -0.731872 -0.646565 0.215212 
vn -0.717956 -0.634915 0.285346 
vn -0.700171 -0.619997 0.354069 
vn -0.634834 -0.647837 0.421062 
vn -0.678604 -0.60186 0.421024 
vn -0.650338 -0.578011 0.492913 
vn -0.617779 -0.550429 0.561584 
vn -0.582555 -0.520449 0.62431 
vn -0.542519 -0.486197 0.685044 
vn -0.499065 -0.448799 0.741292 
vn -0.452535 -0.408491 0.792683 
vn -0.403263 -0.3655 0.838921 
vn -0.351596 -0.320067 0.879737 
vn -0.297897 -0.272449 0.914893 
vn -0.242545 -0.22292 0.944181 
vn -0.185928 -0.171771 0.967433 
vn -0.128442 -0.119306 0.984515 
vn -0.0704901 -0.0658457 0.995337 
vn -0.0124782 -0.0117241 0.999853 
vn 0.0373407 0.0352652 0.99868 
vn 0.0943797 0.0896785 0.991489 
vn 0.15036 0.143758 0.978123 
vn 0.204894 0.19713 0.958727 
vn 0.257632 0.249433 0.933493 
vn 0.308247 0.300316 0.902659 
vn 0.356445 0.349438 0.86651 
vn 0.401964 0.396473 0.825369 
vn 0.444579 0.441117 0.779593 
vn 0.484104 0.483091 0.729566 
vn 0.520392 0.522143 0.675692 
vn 0.553333 0.558052 0.618385 
vn 0.581897 0.589569 0.560182 
vn 0.608087 0.618795 0.497316 
vn 0.630783 0.644392 0.432286 
vn 0.650007 0.666283 0.365455 
vn 0.665785 0.684397 0.297206 
vn 0.67815 0.698693 0.227904 
vn 0.687148 0.709152 0.157898 
vn 0.692825 0.715775 0.0875215 
vn 0.695229 0.718585 0.0170954 
vn 0.694437 0.717659 -0.0521774 
vn 0.690373 0.712912 -0.123051 
vn 0.683008 0.704334 -0.193426 
vn 0.67233 0.691954 -0.263005 
vn 0.658329 0.67582 -0.331467 
vn 0.640997 0.655999 -0.398481 
vn 0.61781 0.629729 -0.470905 
vn 0.590584 0.599226 -0.540499 
vn 0.56077 0.566223 -0.604093 
vn 0.526113 0.528347 -0.666375 
vn 0.487843 0.487092 -0.724397 
vn 0.44619 0.442817 -0.777706 
vn 0.40139 0.395876 -0.825935 
vn 0.353716 0.346638 -0.86875 
vn 0.303478 0.295492 -0.905862 
vn 0.251014 0.242831 -0.93703 
vn 0.19669 0.189055 -0.962066 
vn 0.140891 0.134562 -0.980838 
vn 0.0840147 0.0797402 -0.993269 
vn 0.0264681 0.0249685 -0.999338 
vn -0.0265214 -0.024883 -0.999339 
vn -0.0842072 -0.0785531 -0.993347 
vn -0.141401 -0.131181 -0.981222 
vn -0.197709 -0.182456 -0.963131 
vn -0.252763 -0.232098 -0.939277 
vn -0.306215 -0.279851 -0.909899 
vn -0.357735 -0.325485 -0.875263 
vn -0.407019 -0.368789 -0.835661 
vn -0.453785 -0.409578 -0.791407 
vn -0.497773 -0.447684 -0.742834 
vn -0.53875 -0.482963 -0.690286 
vn -0.576509 -0.51529 -0.634124 
vn -0.611797 -0.545347 -0.572975 
vn -0.642479 -0.571364 -0.510651 
vn -0.66948 -0.594171 -0.445822 
vn -0.692678 -0.613702 -0.378902 
vn -0.711992 -0.629916 -0.310279 
vn -0.727362 -0.642792 -0.240339 
vn -0.738755 -0.652319 -0.169469 
vn -0.746161 -0.658505 -0.098052 
vn -0.749593 -0.66137 -0.0264662 
vn -0.749862 -0.661594 7.06725e-16 
vn -0.792137 -0.606063 0.0721509 
vn -0.785803 -0.601475 0.144019 
vn -0.775272 -0.593837 0.2152 
vn -0.760588 -0.583173 0.285333 
vn -0.741821 -0.569514 0.354055 
vn -0.719059 -0.552906 0.42101 
vn -0.689219 -0.531062 0.4929 
vn -0.654836 -0.505791 0.561574 
vn -0.617625 -0.478315 0.624303 
vn -0.575315 -0.446912 0.685042 
vn -0.529373 -0.412612 0.741294 
vn -0.480155 -0.375627 0.792689 
vn -0.428007 -0.336163 0.83893 
vn -0.373294 -0.294439 0.879748 
vn -0.316395 -0.250689 0.914904 
vn -0.257703 -0.205162 0.944191 
vn -0.197627 -0.158123 0.96744 
vn -0.136581 -0.109852 0.984519 
vn -0.0749907 -0.0606423 0.995339 
vn -0.0132811 -0.0108001 0.999853 
vn 0.0397601 0.0324926 0.998681 
vn 0.100546 0.0826474 0.991494 
vn 0.160267 0.132518 0.978138 
vn 0.218515 0.181759 0.958757 
vn 0.274913 0.230039 0.933544 
vn 0.329113 0.277031 0.902739 
vn 0.380797 0.322419 0.866625 
vn 0.429682 0.365902 0.825524 
vn 0.475519 0.407197 0.77979 
vn 0.518103 0.446044 0.729804 
vn 0.557264 0.482208 0.675968 
vn 0.592873 0.515481 0.618693 
vn 0.623802 0.5447 0.560511 
vn 0.652207 0.57181 0.497654 
vn 0.67686 0.595567 0.43262 
vn 0.697774 0.615894 0.365768 
vn 0.714959 0.632722 0.297483 
vn 0.728444 0.646007 0.228131 
vn 0.738265 0.65573 0.158063 
vn 0.744465 0.661888 0.0876156 
vn 0.747091 0.664501 0.017114 
vn 0.746226 0.66364 -0.052234 
vn 0.741787 0.659226 -0.123181 
vn 0.733746 0.651251 -0.193623 
vn 0.722096 0.639744 -0.263259 
vn 0.706836 0.624753 -0.331764 
vn 0.687969 0.606344 -0.398806 
vn 0.662764 0.581957 -0.471243 
vn 0.633218 0.553656 -0.540832 
vn 0.600921 0.523054 -0.604407 
vn 0.563443 0.487955 -0.666657 
vn 0.522135 0.449748 -0.724639 
vn 0.477254 0.40877 -0.777904 
vn 0.429065 0.36535 -0.826089 
vn 0.377869 0.319831 -0.868863 
vn 0.324003 0.272574 -0.905939 
vn 0.267831 0.223943 -0.937078 
vn 0.209747 0.174308 -0.962093 
vn 0.150161 0.124036 -0.98085 
vn 0.0894952 0.0734851 -0.993273 
vn 0.0281804 0.0230044 -0.999338 
vn -0.0282246 -0.0229207 -0.999339 
vn -0.089574 -0.0723415 -0.993349 
vn -0.150347 -0.12078 -0.981228 
vn -0.210131 -0.167952 -0.963139 
vn -0.26854 -0.2136 -0.939288 
vn -0.32521 -0.257491 -0.90991 
vn -0.379798 -0.299416 -0.875274 
vn -0.431984 -0.339183 -0.83567 
vn -0.481477 -0.376624 -0.791413 
vn -0.528006 -0.411588 -0.742835 
vn -0.571332 -0.443946 -0.690284 
vn -0.611238 -0.473585 -0.634118 
vn -0.648518 -0.501135 -0.572965 
vn -0.68092 -0.524973 -0.510638 
vn -0.709428 -0.545865 -0.445808 
vn -0.733914 -0.56375 -0.378888 
vn -0.754296 -0.578596 -0.310265 
vn -0.770513 -0.590383 -0.240327 
vn -0.782533 -0.599104 -0.16946 
vn -0.790345 -0.604765 -0.0980464 
vn -0.793965 -0.607387 -0.0264647 
vn -0.794249 -0.607592 6.4904e-16 
vn -0.832077 -0.549948 0.0721455 
vn -0.825446 -0.545802 0.144008 
vn -0.81442 -0.538902 0.215186 
vn -0.799046 -0.529264 0.285315 
vn -0.779394 -0.516919 0.354034 
vn -0.755554 -0.501904 0.420988 
vn -0.724295 -0.48215 0.492878 
vn -0.688267 -0.459288 0.561554 
vn -0.649265 -0.434421 0.624286 
vn -0.604905 -0.405988 0.685029 
vn -0.556717 -0.374917 0.741285 
vn -0.505074 -0.341396 0.792685 
vn -0.450333 -0.305609 0.83893 
vn -0.392871 -0.267751 0.879751 
vn -0.333083 -0.228032 0.914908 
vn -0.271378 -0.186674 0.944196 
vn -0.20818 -0.143917 0.967445 
vn -0.143923 -0.100013 0.984522 
vn -0.0790496 -0.0552279 0.99534 
vn -0.0140052 -0.00983888 0.999854 
vn 0.0419415 0.0296085 0.998681 
vn 0.106104 0.0753347 0.991497 
vn 0.169197 0.12083 0.978148 
vn 0.230786 0.165779 0.958778 
vn 0.290478 0.209877 0.933581 
vn 0.347902 0.252825 0.902798 
vn 0.402719 0.294333 0.86671 
vn 0.454624 0.334124 0.825638 
vn 0.503352 0.371937 0.779935 
vn 0.548676 0.407531 0.729982 
vn 0.590409 0.440686 0.676175 
vn 0.628406 0.47121 0.618924 
vn 0.661449 0.49803 0.560759 
vn 0.691831 0.522929 0.49791 
vn 0.718232 0.544761 0.432873 
vn 0.740652 0.563449 0.366006 
vn 0.759093 0.578927 0.297693 
vn 0.773575 0.591151 0.228303 
vn 0.784128 0.600099 0.158188 
vn 0.790794 0.605769 0.0876872 
vn 0.793618 0.608175 0.0171282 
vn 0.792688 0.607382 -0.0522771 
vn 0.787914 0.603318 -0.123281 
vn 0.779271 0.595977 -0.193774 
vn 0.766756 0.585387 -0.263452 
vn 0.750374 0.571596 -0.33199 
vn 0.730138 0.554667 -0.399053 
vn 0.703133 0.532252 -0.471499 
vn 0.671516 0.506255 -0.541084 
vn 0.637 0.47816 -0.604644 
vn 0.597 0.445957 -0.666869 
vn 0.552971 0.410926 -0.724819 
vn 0.505198 0.373378 -0.778052 
vn 0.453969 0.333619 -0.826202 
vn 0.399611 0.291966 -0.868946 
vn 0.342485 0.24875 -0.905995 
vn 0.28298 0.204307 -0.937113 
vn 0.221512 0.158975 -0.962112 
vn 0.158516 0.11309 -0.980859 
vn 0.0944356 0.0669794 -0.993275 
vn 0.0297243 0.0209613 -0.999338 
vn -0.0297605 -0.0208791 -0.999339 
vn -0.0944142 -0.0658778 -0.993351 
vn -0.158417 -0.109955 -0.981231 
vn -0.221337 -0.152853 -0.963144 
vn -0.282774 -0.194341 -0.939292 
vn -0.342348 -0.234209 -0.909914 
vn -0.399703 -0.272268 -0.875276 
vn -0.454509 -0.308349 -0.835669 
vn -0.506461 -0.3423 -0.791409 
vn -0.555284 -0.373989 -0.742827 
vn -0.600727 -0.403302 -0.690271 
vn -0.642569 -0.43014 -0.634102 
vn -0.681646 -0.455074 -0.572946 
vn -0.7156 -0.476642 -0.510617 
vn -0.745465 -0.495537 -0.445786 
vn -0.771113 -0.511708 -0.378866 
vn -0.792457 -0.525128 -0.310246 
vn -0.809438 -0.53578 -0.240311 
vn -0.822022 -0.543661 -0.169448 
vn -0.830201 -0.548776 -0.0980392 
vn -0.83399 -0.551144 -0.0264627 
vn -0.834288 -0.55133 7.85252e-16 
vn -0.869987 -0.487771 0.0721266 
vn -0.863078 -0.484117 0.143971 
vn -0.851589 -0.478032 0.215132 
vn -0.835567 -0.469534 0.285247 
vn -0.815084 -0.458644 0.353955 
vn -0.790232 -0.445395 0.4209 
vn -0.757638 -0.427956 0.492786 
vn -0.720063 -0.407764 0.561461 
vn -0.679372 -0.38579 0.624196 
vn -0.633074 -0.360647 0.684946 
vn -0.582764 -0.333154 0.741212 
vn -0.528822 -0.303471 0.792624 
vn -0.47162 -0.271758 0.838881 
vn -0.411547 -0.238183 0.879715 
vn -0.34901 -0.202929 0.914884 
vn -0.284434 -0.166191 0.944181 
vn -0.21826 -0.128177 0.967436 
vn -0.150938 -0.0891117 0.984519 
vn -0.0829284 -0.0492282 0.995339 
vn -0.0146972 -0.00877364 0.999853 
vn 0.0440266 0.0264122 0.998681 
vn 0.111417 0.0672296 0.991497 
vn 0.177732 0.107873 0.978149 
vn 0.242517 0.148061 0.958782 
vn 0.305355 0.187518 0.933593 
vn 0.365857 0.225977 0.90282 
vn 0.423663 0.263175 0.866746 
vn 0.47845 0.29886 0.825693 
vn 0.529933 0.332796 0.780012 
vn 0.577866 0.364764 0.73008 
vn 0.622048 0.394564 0.676296 
vn 0.662314 0.422017 0.619065 
vn 0.697367 0.446155 0.560914 
vn 0.729628 0.468578 0.498074 
vn 0.757688 0.488249 0.433038 
vn 0.781538 0.505097 0.366164 
vn 0.80117 0.519058 0.297835 
vn 0.816597 0.530088 0.22842 
vn 0.827846 0.538164 0.158274 
vn 0.834953 0.543282 0.0877364 
vn 0.837965 0.545455 0.0171379 
vn 0.836973 0.544739 -0.0523067 
vn 0.831883 0.54107 -0.123349 
vn 0.822668 0.534443 -0.193876 
vn 0.809332 0.524887 -0.263582 
vn 0.791886 0.512445 -0.33214 
vn 0.77035 0.497179 -0.399215 
vn 0.741637 0.476977 -0.471665 
vn 0.708053 0.45356 -0.541242 
vn 0.671428 0.428271 -0.604788 
vn 0.629029 0.399303 -0.666993 
vn 0.582411 0.367815 -0.72492 
vn 0.531883 0.33409 -0.778129 
vn 0.477758 0.298407 -0.826257 
vn 0.420385 0.261053 -0.868981 
vn 0.360147 0.222327 -0.906016 
vn 0.297459 0.182533 -0.937123 
vn 0.232758 0.141976 -0.962116 
vn 0.166502 0.100956 -0.980859 
vn 0.0991582 0.0597687 -0.993275 
vn 0.0312 0.018697 -0.999338 
vn -0.0312285 -0.0186167 -0.999339 
vn -0.0990395 -0.0587154 -0.99335 
vn -0.166126 -0.0979609 -0.981227 
vn -0.23204 -0.136124 -0.963134 
vn -0.296363 -0.173003 -0.939276 
vn -0.358703 -0.208414 -0.909888 
vn -0.418691 -0.242191 -0.875238 
vn -0.475985 -0.274187 -0.83562 
vn -0.530272 -0.304272 -0.791347 
vn -0.581267 -0.332333 -0.742754 
vn -0.628713 -0.358271 -0.690189 
vn -0.672384 -0.382005 -0.634013 
vn -0.713155 -0.404042 -0.572853 
vn -0.748571 -0.423092 -0.510524 
vn -0.779714 -0.439775 -0.445696 
vn -0.806452 -0.454046 -0.378783 
vn -0.8287 -0.465886 -0.310173 
vn -0.846397 -0.47528 -0.240252 
vn -0.85951 -0.482228 -0.169405 
vn -0.868032 -0.486738 -0.0980136 
vn -0.87198 -0.488825 -0.0264557 
vn -0.87229 -0.488989 3.4823e-16 
vn -0.901811 -0.426074 0.0720945 
vn -0.894674 -0.422905 0.143908 
vn -0.882805 -0.417628 0.215041 
vn -0.866251 -0.410255 0.285131 
vn -0.845084 -0.400805 0.353819 
vn -0.819398 -0.389303 0.42075 
vn -0.785702 -0.374156 0.492626 
vn -0.746844 -0.356606 0.561298 
vn -0.704752 -0.337494 0.624038 
vn -0.656842 -0.315611 0.684798 
vn -0.60476 -0.291661 0.74108 
vn -0.548897 -0.265783 0.79251 
vn -0.48963 -0.238109 0.838789 
vn -0.427361 -0.208783 0.879644 
vn -0.362507 -0.17796 0.914833 
vn -0.295507 -0.14581 0.944148 
vn -0.226814 -0.112511 0.967418 
vn -0.156894 -0.0782565 0.98451 
vn -0.086224 -0.0432518 0.995336 
vn -0.0152854 -0.0077121 0.999853 
vn 0.0457996 0.0232259 0.998681 
vn 0.115937 0.059146 0.991494 
vn 0.184994 0.0949456 0.978142 
vn 0.252499 0.130374 0.958774 
vn 0.318017 0.165189 0.933583 
vn 0.381141 0.199151 0.902813 
vn 0.441494 0.232026 0.866745 
vn 0.498736 0.26359 0.825701 
vn 0.552566 0.293631 0.780033 
vn 0.602724 0.32195 0.730118 
vn 0.648992 0.348368 0.67635 
vn 0.691194 0.372724 0.619135 
vn 0.72796 0.394152 0.560998 
vn 0.761823 0.41407 0.498168 
vn 0.791299 0.431554 0.433136 
vn 0.816369 0.446537 0.366261 
vn 0.837018 0.458957 0.297924 
vn 0.853253 0.468775 0.228495 
vn 0.865095 0.475965 0.158329 
vn 0.872579 0.480523 0.0877685 
vn 0.875752 0.482457 0.0171443 
vn 0.874707 0.48182 -0.052326 
vn 0.869346 0.478552 -0.123393 
vn 0.859643 0.472652 -0.193942 
vn 0.845606 0.464145 -0.263665 
vn 0.827251 0.453074 -0.332234 
vn 0.804607 0.439495 -0.399314 
vn 0.774435 0.421534 -0.471761 
vn 0.739174 0.400729 -0.54133 
vn 0.70075 0.378274 -0.604862 
vn 0.656306 0.352572 -0.66705 
vn 0.607481 0.324654 -0.724959 
vn 0.554606 0.294777 -0.778151 
vn 0.498013 0.263189 -0.826266 
vn 0.43807 0.23015 -0.86898 
vn 0.375182 0.195927 -0.906008 
vn 0.309782 0.160789 -0.937114 
vn 0.242328 0.125008 -0.962107 
vn 0.173297 0.0888507 -0.980854 
vn 0.103175 0.0525779 -0.993273 
vn 0.0324548 0.01644 -0.999338 
vn -0.0324762 -0.0163624 -0.999339 
vn -0.102969 -0.0515815 -0.993346 
vn -0.172672 -0.0860187 -0.981216 
vn -0.241121 -0.119475 -0.963113 
vn -0.307886 -0.151774 -0.939239 
vn -0.372561 -0.182758 -0.909834 
vn -0.434767 -0.212285 -0.875164 
vn -0.494153 -0.240229 -0.835525 
vn -0.550398 -0.266481 -0.791233 
vn -0.60321 -0.290946 -0.742622 
vn -0.652329 -0.313542 -0.690042 
vn -0.697522 -0.334201 -0.633856 
vn -0.7397 -0.35337 -0.572691 
vn -0.776326 -0.36993 -0.510362 
vn -0.808525 -0.384422 -0.445541 
vn -0.836163 -0.396815 -0.378642 
vn -0.859155 -0.40709 -0.31005 
vn -0.877441 -0.415241 -0.240152 
vn -0.890989 -0.421267 -0.169332 
vn -0.899792 -0.425178 -0.0979703 
vn -0.90387 -0.426988 -0.0264439 
vn -0.90419 -0.42713 -2.57565e-15 
vn -0.929162 -0.362582 0.0720605 
vn -0.921833 -0.359907 0.143842 
vn -0.909644 -0.355453 0.214944 
vn -0.892642 -0.349228 0.285009 
vn -0.870899 -0.341246 0.353676 
vn -0.844508 -0.331526 0.420592 
vn -0.809879 -0.318718 0.492458 
vn -0.769934 -0.303869 0.561129 
vn -0.726649 -0.287684 0.623874 
vn -0.677366 -0.269137 0.684646 
vn -0.62377 -0.24882 0.740945 
vn -0.566259 -0.226845 0.792396 
vn -0.50522 -0.203321 0.838697 
vn -0.441061 -0.178367 0.879574 
vn -0.374209 -0.152111 0.914784 
vn -0.305114 -0.124694 0.944117 
vn -0.234241 -0.0962669 0.9674 
vn -0.16207 -0.066993 0.984503 
vn -0.0890893 -0.0370457 0.995334 
vn -0.0157971 -0.00660893 0.999853 
vn 0.0473429 0.0199123 0.99868 
vn 0.119873 0.0507335 0.991492 
vn 0.191323 0.0814816 0.978139 
vn 0.261205 0.11194 0.958771 
vn 0.329068 0.1419 0.933584 
vn 0.394489 0.171153 0.902821 
vn 0.457077 0.199495 0.866765 
vn 0.516478 0.226731 0.825738 
vn 0.572377 0.252675 0.78009 
vn 0.624499 0.277153 0.730196 
vn 0.672615 0.300007 0.67645 
vn 0.716535 0.321092 0.619255 
vn 0.754825 0.339658 0.561134 
vn 0.790118 0.356927 0.498314 
vn 0.820859 0.372095 0.433285 
vn 0.847021 0.385101 0.366405 
vn 0.868583 0.395888 0.298054 
vn 0.885543 0.404418 0.228604 
vn 0.897919 0.410668 0.158409 
vn 0.905743 0.41463 0.0878142 
vn 0.90906 0.416312 0.0171533 
vn 0.907967 0.415758 -0.0523535 
vn 0.902363 0.412917 -0.123456 
vn 0.892221 0.407788 -0.194037 
vn 0.877554 0.400395 -0.263785 
vn 0.858383 0.390778 -0.332372 
vn 0.834745 0.378987 -0.399461 
vn 0.803269 0.363401 -0.47191 
vn 0.76651 0.345359 -0.54147 
vn 0.726485 0.3259 -0.604987 
vn 0.680225 0.303645 -0.667153 
vn 0.629446 0.279491 -0.72504 
vn 0.574496 0.253665 -0.778208 
vn 0.515727 0.226385 -0.826302 
vn 0.453525 0.197877 -0.868999 
vn 0.388311 0.168374 -0.906016 
vn 0.320535 0.138112 -0.937114 
vn 0.250674 0.107325 -0.962104 
vn 0.179218 0.0762446 -0.98085 
vn 0.106673 0.0450954 -0.993271 
vn 0.0335468 0.0140932 -0.999338 
vn -0.0335615 -0.0140201 -0.999338 
vn -0.106385 -0.0441748 -0.993343 
vn -0.178359 -0.0736294 -0.981207 
vn -0.249006 -0.102215 -0.963093 
vn -0.317883 -0.129782 -0.939205 
vn -0.384575 -0.156199 -0.909782 
vn -0.448694 -0.181348 -0.875093 
vn -0.50988 -0.205124 -0.835432 
vn -0.567805 -0.227438 -0.791119 
vn -0.622175 -0.248213 -0.742488 
vn -0.672722 -0.267383 -0.689892 
vn -0.719213 -0.284894 -0.633694 
vn -0.762588 -0.301129 -0.572522 
vn -0.800242 -0.315143 -0.510194 
vn -0.833335 -0.3274 -0.445379 
vn -0.861733 -0.337874 -0.378492 
vn -0.885353 -0.346555 -0.309919 
vn -0.904135 -0.353438 -0.240045 
vn -0.918048 -0.358525 -0.169254 
vn -0.927088 -0.361826 -0.0979243 
vn -0.931276 -0.363353 -0.0264314 
vn -0.931605 -0.363473 2.13606e-15 
vn -0.952076 -0.297253 0.0720504 
vn -0.944585 -0.295084 0.143822 
vn -0.932124 -0.291472 0.214916 
vn -0.914742 -0.286422 0.284974 
vn -0.892509 -0.279944 0.353636 
vn -0.865521 -0.27205 0.420549 
vn -0.830103 -0.261641 0.492415 
vn -0.78924 -0.249561 0.561088 
vn -0.74495 -0.236382 0.623837 
vn -0.69451 -0.221262 0.684616 
vn -0.639642 -0.204678 0.740921 
vn -0.58075 -0.186719 0.792379 
vn -0.518227 -0.167467 0.838687 
vn -0.452486 -0.147014 0.87957 
vn -0.383966 -0.125464 0.914784 
vn -0.313123 -0.102925 0.944119 
vn -0.240432 -0.0795213 0.967403 
vn -0.166383 -0.0553821 0.984505 
vn -0.0914777 -0.0306489 0.995335 
vn -0.0162238 -0.00547202 0.999853 
vn 0.0486299 0.016498 0.998681 
vn 0.123157 0.0420671 0.991495 
vn 0.196606 0.067615 0.978148 
vn 0.268476 0.0929611 0.95879 
vn 0.338303 0.117929 0.933619 
vn 0.405653 0.142345 0.902875 
vn 0.470122 0.166035 0.866844 
vn 0.531343 0.188832 0.825843 
vn 0.588989 0.210578 0.780224 
vn 0.642774 0.231123 0.730358 
vn 0.692457 0.250328 0.676638 
vn 0.737837 0.268069 0.619464 
vn 0.777425 0.283708 0.561356 
vn 0.813936 0.298269 0.498542 
vn 0.845757 0.311071 0.433509 
vn 0.872853 0.322058 0.366614 
vn 0.895196 0.331177 0.298239 
vn 0.912777 0.338392 0.228754 
vn 0.925611 0.343681 0.158518 
vn 0.933726 0.347035 0.0878766 
vn 0.937167 0.348459 0.0171657 
vn 0.936033 0.34799 -0.052391 
vn 0.930219 0.345585 -0.123543 
vn 0.919702 0.341243 -0.194168 
vn 0.904495 0.334989 -0.263954 
vn 0.884625 0.326856 -0.33257 
vn 0.860137 0.316892 -0.399679 
vn 0.827547 0.303732 -0.472137 
vn 0.789511 0.288513 -0.541695 
vn 0.748121 0.272117 -0.6052 
vn 0.700318 0.253387 -0.667345 
vn 0.64788 0.233086 -0.725205 
vn 0.591175 0.211408 -0.778343 
vn 0.530569 0.188542 -0.826407 
vn 0.466462 0.164681 -0.869076 
vn 0.399292 0.140024 -0.906068 
vn 0.329522 0.114771 -0.937146 
vn 0.257643 0.0891181 -0.962122 
vn 0.18416 0.0632609 -0.980858 
vn 0.109592 0.0373868 -0.993273 
vn 0.0344575 0.011675 -0.999338 
vn -0.0344663 -0.0116061 -0.999338 
vn -0.109232 -0.0365403 -0.993344 
vn -0.183098 -0.0608577 -0.981209 
vn -0.255577 -0.0844211 -0.963096 
vn -0.326216 -0.107111 -0.939207 
vn -0.394592 -0.128821 -0.909781 
vn -0.460308 -0.149459 -0.875088 
vn -0.523 -0.168943 -0.835422 
vn -0.582334 -0.187204 -0.791102 
vn -0.638009 -0.204183 -0.742465 
vn -0.689757 -0.219831 -0.689862 
vn -0.737341 -0.234108 -0.633658 
vn -0.781724 -0.247331 -0.572482 
vn -0.820246 -0.258734 -0.510151 
vn -0.854094 -0.268698 -0.445336 
vn -0.883137 -0.277206 -0.378451 
vn -0.907289 -0.284253 -0.309883 
vn -0.926492 -0.289837 -0.240015 
vn -0.940716 -0.293963 -0.169231 
vn -0.949957 -0.296639 -0.0979107 
vn -0.954238 -0.297878 -0.0264276 
vn -0.954574 -0.297975 -3.14358e-15 
vn -0.970831 -0.22868 0.0720543 
vn -0.963204 -0.227047 0.14383 
vn -0.950518 -0.224325 0.214928 
vn -0.93282 -0.220516 0.284989 
vn -0.910183 -0.215626 0.353655 
vn -0.882702 -0.209661 0.420571 
vn -0.846632 -0.201785 0.492439 
vn -0.805012 -0.192629 0.561115 
vn -0.759896 -0.182621 0.623865 
vn -0.708507 -0.171115 0.684644 
vn -0.652597 -0.158467 0.740949 
vn -0.592574 -0.144735 0.792406 
vn -0.528838 -0.129976 0.838712 
vn -0.461807 -0.114254 0.879591 
vn -0.391925 -0.0976414 0.914801 
vn -0.319657 -0.0802163 0.944132 
vn -0.245484 -0.0620674 0.967412 
vn -0.169904 -0.0432916 0.984509 
vn -0.0934281 -0.0239945 0.995337 
vn -0.0165723 -0.00429054 0.999853 
vn 0.0496818 0.0129531 0.998681 
vn 0.125843 0.0330789 0.991499 
vn 0.200929 0.0532492 0.978158 
vn 0.274427 0.07332 0.958809 
vn 0.345865 0.0931496 0.933649 
vn 0.414797 0.112596 0.902921 
vn 0.480809 0.131516 0.866906 
vn 0.543523 0.149772 0.825924 
vn 0.602602 0.167231 0.780324 
vn 0.65775 0.183766 0.730476 
vn 0.708715 0.199259 0.676771 
vn 0.755288 0.213601 0.619609 
vn 0.795934 0.226267 0.561508 
vn 0.833438 0.238083 0.498696 
vn 0.866138 0.248488 0.433658 
vn 0.893993 0.257429 0.366752 
vn 0.916968 0.26486 0.29836 
vn 0.935053 0.270745 0.228853 
vn 0.948256 0.275063 0.158589 
vn 0.956607 0.277802 0.0879171 
vn 0.960147 0.278966 0.0171737 
vn 0.958981 0.278582 -0.0524154 
vn 0.952998 0.276617 -0.123599 
vn 0.942177 0.273073 -0.194254 
vn 0.926532 0.267969 -0.264065 
vn 0.906097 0.261338 -0.332701 
vn 0.880919 0.253224 -0.399824 
vn 0.847423 0.242521 -0.47229 
vn 0.808347 0.230164 -0.541848 
vn 0.765846 0.216877 -0.605347 
vn 0.716781 0.20173 -0.66748 
vn 0.662986 0.185348 -0.725324 
vn 0.604843 0.167899 -0.778444 
vn 0.54273 0.14954 -0.826488 
vn 0.477061 0.130434 -0.869137 
vn 0.408285 0.110745 -0.906112 
vn 0.33688 0.0906377 -0.937175 
vn 0.263347 0.0702729 -0.962138 
vn 0.188203 0.0498073 -0.980866 
vn 0.111978 0.0293904 -0.993276 
vn 0.0352017 0.0091637 -0.999338 
vn -0.0352055 -0.00909677 -0.999339 
vn -0.111557 -0.0285964 -0.993347 
vn -0.186967 -0.0475556 -0.981214 
vn -0.260939 -0.0658716 -0.963105 
vn -0.333015 -0.0834563 -0.939221 
vn -0.402764 -0.100233 -0.909799 
vn -0.469783 -0.116136 -0.875109 
vn -0.533704 -0.131109 -0.835446 
vn -0.594188 -0.145106 -0.791129 
vn -0.650932 -0.158088 -0.742493 
vn -0.703664 -0.170025 -0.689891 
vn -0.752144 -0.180892 -0.633686 
vn -0.797356 -0.190937 -0.572509 
vn -0.836593 -0.199583 -0.510176 
vn -0.871065 -0.207126 -0.445359 
vn -0.90064 -0.213558 -0.378471 
vn -0.925232 -0.218879 -0.309899 
vn -0.944784 -0.223092 -0.240028 
vn -0.959266 -0.226202 -0.16924 
vn -0.968674 -0.228218 -0.097916 
vn -0.973032 -0.229151 -0.0264291 
vn -0.973374 -0.229224 2.60949e-15 
vn -0.985056 -0.156438 0.0720495 
vn -0.977331 -0.155371 0.14382 
vn -0.96448 -0.153592 0.214914 
vn -0.946552 -0.151098 0.284971 
vn -0.923619 -0.147889 0.353634 
vn -0.895775 -0.143965 0.420548 
vn -0.859227 -0.138768 0.492415 
vn -0.817048 -0.132704 0.56109 
vn -0.77132 -0.126048 0.623841 
vn -0.719225 -0.118361 0.684622 
vn -0.662535 -0.109868 0.740929 
vn -0.601664 -0.100598 0.792389 
vn -0.537012 -0.0905784 0.838697 
vn -0.469003 -0.0798428 0.87958 
vn -0.398084 -0.0684296 0.914793 
vn -0.324724 -0.0563844 0.944127 
vn -0.24941 -0.0437599 0.967409 
vn -0.172647 -0.0306163 0.984508 
vn -0.09495 -0.0170221 0.995336 
vn -0.0168448 -0.0030533 0.999853 
vn 0.0505054 0.00924268 0.998681 
vn 0.127949 0.0236765 0.991498 
vn 0.204323 0.03823 0.978157 
vn 0.279107 0.0527974 0.958808 
vn 0.351818 0.0672724 0.933648 
vn 0.422002 0.0815458 0.90292 
vn 0.489234 0.0955074 0.866907 
vn 0.55313 0.109047 0.825927 
vn 0.613342 0.122058 0.780329 
vn 0.669566 0.134436 0.730485 
vn 0.721544 0.146082 0.676783 
vn 0.769056 0.156905 0.619624 
vn 0.810535 0.166498 0.561525 
vn 0.848818 0.175474 0.498715 
vn 0.882206 0.183401 0.433678 
vn 0.910654 0.190231 0.366771 
vn 0.934124 0.195918 0.298378 
vn 0.9526 0.20043 0.228868 
vn 0.966092 0.203744 0.1586 
vn 0.974626 0.205849 0.0879234 
vn 0.978244 0.206744 0.0171749 
vn 0.977052 0.206449 -0.0524191 
vn 0.970938 0.204939 -0.123608 
vn 0.95988 0.202216 -0.194267 
vn 0.943895 0.1983 -0.264081 
vn 0.923019 0.193221 -0.33272 
vn 0.897302 0.187016 -0.399843 
vn 0.863097 0.178853 -0.472309 
vn 0.823205 0.169455 -0.541866 
vn 0.779829 0.159384 -0.605362 
vn 0.729771 0.147944 -0.667493 
vn 0.674906 0.135623 -0.725333 
vn 0.615627 0.122557 -0.77845 
vn 0.552322 0.108874 -0.826491 
vn 0.485416 0.0947069 -0.869138 
vn 0.41537 0.0801843 -0.906111 
vn 0.342671 0.0654343 -0.937174 
vn 0.267831 0.0505804 -0.962137 
vn 0.191377 0.0357404 -0.980866 
vn 0.113848 0.0210246 -0.993276 
vn 0.0357843 0.00653492 -0.999338 
vn -0.035783 -0.00646868 -0.999339 
vn -0.11337 -0.0202718 -0.993346 
vn -0.189978 -0.0336086 -0.981213 
vn -0.265105 -0.0464126 -0.963102 
vn -0.338285 -0.0586297 -0.939215 
vn -0.409085 -0.0702147 -0.909791 
vn -0.477097 -0.0811311 -0.875098 
vn -0.541949 -0.0913498 -0.835432 
vn -0.603301 -0.100849 -0.791111 
vn -0.660847 -0.109613 -0.742473 
vn -0.714314 -0.11763 -0.689868 
vn -0.763462 -0.124896 -0.633662 
vn -0.809289 -0.131581 -0.572484 
vn -0.849053 -0.137312 -0.510151 
vn -0.883985 -0.142295 -0.445335 
vn -0.91395 -0.14653 -0.378449 
vn -0.938865 -0.150024 -0.30988 
vn -0.958671 -0.152785 -0.240013 
vn -0.973341 -0.154819 -0.169229 
vn -0.982871 -0.156137 -0.0979095 
vn -0.987285 -0.156746 -0.0264273 
vn -0.987631 -0.156793 0 
vn -0.994072 -0.0814349 0.0720322 
vn -0.986292 -0.0809553 0.143786 
vn -0.973349 -0.0801522 0.214865 
vn -0.955292 -0.0790212 0.284908 
vn -0.932191 -0.077556 0.353559 
vn -0.904141 -0.0757493 0.420464 
vn -0.867317 -0.0733312 0.492326 
vn -0.824812 -0.0704742 0.560998 
vn -0.778721 -0.0672958 0.62375 
vn -0.726203 -0.063571 0.684535 
vn -0.66904 -0.0593906 0.74085 
vn -0.607645 -0.0547522 0.792319 
vn -0.542419 -0.0496532 0.838639 
vn -0.473789 -0.0440948 0.879534 
vn -0.402202 -0.0380818 0.914759 
vn -0.328129 -0.0316244 0.944103 
vn -0.252062 -0.0247386 0.967395 
vn -0.174508 -0.0174465 0.984501 
vn -0.0959883 -0.00977738 0.995334 
vn -0.0170316 -0.00176771 0.999853 
vn 0.0510719 0.00538725 0.99868 
vn 0.129403 0.0139067 0.991495 
vn 0.206676 0.0226239 0.978148 
vn 0.282362 0.031473 0.958791 
vn 0.355972 0.0403846 0.933624 
vn 0.427044 0.0492844 0.902887 
vn 0.495147 0.0580947 0.866865 
vn 0.559888 0.0667354 0.825877 
vn 0.620913 0.075126 0.780271 
vn 0.677912 0.0831865 0.730421 
vn 0.730619 0.0908389 0.676716 
vn 0.77881 0.0980091 0.619555 
vn 0.820892 0.10441 0.561458 
vn 0.859739 0.110439 0.49865 
vn 0.893626 0.115795 0.433618 
vn 0.922504 0.120432 0.366718 
vn 0.946332 0.12431 0.298332 
vn 0.965094 0.127396 0.228832 
vn 0.978795 0.12967 0.158575 
vn 0.987462 0.131116 0.0879091 
vn 0.991137 0.131731 0.0171721 
vn 0.989926 0.131529 -0.0524106 
vn 0.983717 0.13049 -0.123588 
vn 0.972486 0.128621 -0.194236 
vn 0.956254 0.125938 -0.264041 
vn 0.935057 0.122469 -0.33267 
vn 0.908949 0.118247 -0.399786 
vn 0.87423 0.112718 -0.472246 
vn 0.833748 0.106392 -0.541799 
vn 0.789739 0.0996588 -0.605294 
vn 0.738963 0.0920684 -0.667425 
vn 0.683326 0.0839636 -0.725269 
vn 0.623229 0.0754493 -0.778391 
vn 0.559069 0.0666245 -0.82644 
vn 0.491279 0.0575867 -0.869096 
vn 0.420328 0.0484307 -0.906079 
vn 0.346711 0.0392465 -0.93715 
vn 0.270949 0.0301185 -0.962122 
vn 0.193577 0.0211238 -0.980858 
vn 0.115139 0.0123318 -0.993273 
vn 0.0361846 0.0038034 -0.999338 
vn -0.0361784 -0.0037379 -0.999338 
vn -0.114605 -0.0116222 -0.993343 
vn -0.192021 -0.0191174 -0.981205 
vn -0.267916 -0.0261953 -0.963086 
vn -0.341824 -0.0328366 -0.93919 
vn -0.413307 -0.0390291 -0.909755 
vn -0.481957 -0.0447668 -0.87505 
vn -0.5474 -0.0500489 -0.835373 
vn -0.609296 -0.0548789 -0.791042 
vn -0.667337 -0.0592641 -0.742394 
vn -0.721252 -0.0632142 -0.689782 
vn -0.7708 -0.0667411 -0.633571 
vn -0.816992 -0.0699409 -0.572392 
vn -0.857065 -0.0726486 -0.510061 
vn -0.892262 -0.074975 -0.445249 
vn -0.922451 -0.0769321 -0.378371 
vn -0.947549 -0.0785324 -0.309813 
vn -0.967499 -0.0797872 -0.239958 
vn -0.982274 -0.0807066 -0.16919 
vn -0.991871 -0.0812995 -0.097886 
vn -0.996317 -0.0815729 -0.0264209 
vn -0.996666 -0.0815943 2.83908e-15 
vn -0.997392 -0.0046276 0.0720281 
vn -0.989599 -0.00474602 0.143778 
vn -0.976634 -0.00493802 0.214853 
vn -0.958545 -0.00519542 0.284894 
vn -0.935402 -0.00550689 0.353543 
vn -0.907298 -0.00585804 0.420447 
vn -0.870399 -0.00627372 0.492307 
vn -0.827802 -0.00668905 0.56098 
vn -0.781605 -0.0070606 0.623733 
vn -0.728957 -0.00738297 0.68452 
vn -0.671642 -0.00761006 0.740837 
vn -0.610071 -0.00770831 0.792309 
vn -0.544646 -0.00764493 0.838631 
vn -0.475789 -0.00738853 0.879528 
vn -0.403949 -0.00691007 0.914755 
vn -0.329597 -0.00618371 0.944101 
vn -0.253224 -0.00518775 0.967394 
vn -0.175336 -0.00390551 0.984501 
vn -0.0964573 -0.00232609 0.995334 
vn -0.0171173 -0.000445043 0.999853 
vn 0.0513353 0.00141961 0.99868 
vn 0.13009 0.0038495 0.991495 
vn 0.207804 0.00655446 0.978148 
vn 0.283946 0.00951 0.958793 
vn 0.358023 0.012685 0.933627 
vn 0.429568 0.0160417 0.902892 
vn 0.498146 0.0195364 0.866873 
vn 0.56336 0.0231204 0.825888 
vn 0.624852 0.0267411 0.780286 
vn 0.682304 0.0303433 0.730439 
vn 0.735446 0.0338708 0.676736 
vn 0.78405 0.0372674 0.619578 
vn 0.826504 0.0403717 0.561482 
vn 0.865704 0.0433556 0.498675 
vn 0.899908 0.046054 0.433642 
vn 0.929062 0.0484258 0.36674 
vn 0.953122 0.050434 0.298352 
vn 0.97207 0.0520484 0.228848 
vn 0.985908 0.0532462 0.158587 
vn 0.994663 0.0540122 0.0879158 
vn 0.998375 0.054339 0.0171735 
vn 0.997152 0.0542312 -0.0524146 
vn 0.990879 0.0536804 -0.123597 
vn 0.979536 0.0526927 -0.19425 
vn 0.963142 0.0512841 -0.264059 
vn 0.941737 0.0494779 -0.332691 
vn 0.915377 0.0473041 -0.39981 
vn 0.88033 0.0444985 -0.47227 
vn 0.839475 0.0413464 -0.541823 
vn 0.795074 0.038061 -0.605317 
vn 0.743861 0.0344471 -0.667446 
vn 0.687762 0.0306969 -0.725287 
vn 0.627186 0.0268832 -0.778406 
vn 0.562535 0.0230734 -0.826451 
vn 0.494251 0.0193305 -0.869104 
vn 0.422806 0.015712 -0.906084 
vn 0.348702 0.0122689 -0.937153 
vn 0.272462 0.00904451 -0.962124 
vn 0.194628 0.00607396 -0.980858 
vn 0.115747 0.00338392 -0.993273 
vn 0.0363702 0.000992536 -0.999338 
vn -0.0363591 -0.000928594 -0.999338 
vn -0.115162 -0.00272654 -0.993343 
vn -0.192926 -0.00421893 -0.981204 
vn -0.269143 -0.0054165 -0.963085 
vn -0.343345 -0.00633595 -0.939188 
vn -0.415095 -0.00699858 -0.909751 
vn -0.483985 -0.00742936 -0.875045 
vn -0.549642 -0.00765593 -0.835365 
vn -0.611727 -0.00770766 -0.791031 
vn -0.669935 -0.00761483 -0.742381 
vn -0.723993 -0.00740776 -0.689767 
vn -0.773665 -0.00711614 -0.633555 
vn -0.819965 -0.00675788 -0.572374 
vn -0.860126 -0.00638024 -0.510042 
vn -0.895396 -0.00599777 -0.445231 
vn -0.925644 -0.00563219 -0.378354 
vn -0.950788 -0.00530206 -0.309797 
vn -0.970773 -0.00502275 -0.239945 
vn -0.985573 -0.0048063 -0.16918 
vn -0.995187 -0.00466133 -0.0978806 
vn -0.99964 -0.00459302 -0.0264194 
vn -0.999989 -0.00458763 -2.84201e-15 
vn -0.997402 0.000279557 0.0720292 
vn -0.98961 0.000122742 0.143781 
vn -0.976646 -0.000133125 0.214857 
vn -0.958558 -0.000479644 0.284898 
vn -0.935416 -0.00090512 0.353548 
vn -0.907314 -0.00139471 0.420452 
vn -0.870416 -0.00199216 0.492313 
vn -0.827821 -0.00261729 0.560986 
vn -0.781626 -0.00321638 0.623739 
vn -0.728979 -0.00379801 0.684526 
vn -0.671665 -0.00430732 0.740842 
vn -0.610096 -0.00470869 0.792314 
vn -0.544671 -0.00496735 0.838635 
vn -0.475814 -0.00504981 0.879531 
vn -0.403973 -0.0049248 0.914757 
vn -0.329619 -0.00456415 0.944103 
vn -0.253243 -0.00394372 0.967395 
vn -0.175351 -0.00304431 0.984501 
vn -0.0964663 -0.00185243 0.995335 
vn -0.017119 -0.000361009 0.999853 
vn 0.051341 0.00116765 0.99868 
vn 0.130105 0.00321119 0.991495 
vn 0.207831 0.00553513 0.978149 
vn 0.283986 0.00811761 0.958794 
vn 0.358077 0.01093 0.933628 
vn 0.429637 0.0139367 0.902894 
vn 0.498232 0.0170961 0.866875 
vn 0.563463 0.0203616 0.825891 
vn 0.624971 0.0236822 0.780289 
vn 0.682441 0.0270044 0.730442 
vn 0.7356 0.030273 0.67674 
vn 0.78422 0.033433 0.619581 
vn 0.826689 0.0363309 0.561485 
vn 0.865904 0.0391243 0.498678 
vn 0.90012 0.0416567 0.433645 
vn 0.929287 0.043887 0.366743 
vn 0.953357 0.0457785 0.298354 
vn 0.972312 0.0473011 0.22885 
vn 0.986156 0.0484319 0.158588 
vn 0.994914 0.0491555 0.0879165 
vn 0.998628 0.0494642 0.0171736 
vn 0.997405 0.0493624 -0.052415 
vn 0.99113 0.048842 -0.123598 
vn 0.979781 0.0479092 -0.194251 
vn 0.963381 0.04658 -0.264061 
vn 0.941966 0.0448776 -0.332694 
vn 0.915596 0.0428317 -0.399813 
vn 0.880535 0.0401962 -0.472274 
vn 0.839665 0.0372425 -0.541826 
vn 0.795248 0.034173 -0.60532 
vn 0.744017 0.0308083 -0.66745 
vn 0.6879 0.0273313 -0.72529 
vn 0.627306 0.023813 -0.778409 
vn 0.562637 0.0203187 -0.826454 
vn 0.494336 0.0169092 -0.869107 
vn 0.422874 0.01364 -0.906086 
vn 0.348754 0.0105595 -0.937155 
vn 0.2725 0.00770837 -0.962125 
vn 0.194653 0.00511921 -0.980859 
vn 0.115761 0.00281595 -0.993273 
vn 0.0363742 0.000814016 -0.999338 
vn -0.0363628 -0.000750085 -0.999338 
vn -0.115172 -0.00216101 -0.993343 
vn -0.192941 -0.00327129 -0.981205 
vn -0.269163 -0.00409421 -0.963086 
vn -0.343368 -0.00464877 -0.939189 
vn -0.415119 -0.00495848 -0.909753 
vn -0.48401 -0.00505031 -0.875048 
vn -0.549668 -0.00495375 -0.835369 
vn -0.611752 -0.00469989 -0.791036 
vn -0.669958 -0.00432049 -0.742386 
vn -0.724016 -0.00384725 -0.689773 
vn -0.773686 -0.00331102 -0.633561 
vn -0.819984 -0.00272473 -0.57238 
vn -0.860143 -0.00214928 -0.510048 
vn -0.895412 -0.00159308 -0.445237 
vn -0.925658 -0.00107849 -0.378359 
vn -0.950801 -0.000624495 -0.309802 
vn -0.970785 -0.000246729 -0.239949 
vn -0.985585 4.2633e-05 -0.169183 
vn -0.995198 0.000234967 -0.0978821 
vn -0.999651 0.00032522 -0.0264198 
vn -1 0.000332326 -4.73328e-19 
vn -0.994194 0.0799117 0.0720566 
vn -0.986433 0.0791275 0.143834 
vn -0.973522 0.0778282 0.214934 
vn -0.955509 0.0760261 0.284997 
vn -0.932461 0.0737389 0.353664 
vn -0.904474 0.0709895 0.420581 
vn -0.867725 0.0674264 0.49245 
vn -0.825301 0.0633798 0.561125 
vn -0.779288 0.0590726 0.623875 
vn -0.726846 0.0542684 0.684653 
vn -0.66975 0.0491662 0.740957 
vn -0.608409 0.0438357 0.792412 
vn -0.543217 0.0383449 0.838716 
vn -0.474595 0.0327621 0.879594 
vn -0.402986 0.0271557 0.914803 
vn -0.328857 0.0215922 0.944133 
vn -0.252692 0.0161361 0.967412 
vn -0.174996 0.010848 0.984509 
vn -0.0962864 0.00578356 0.995337 
vn -0.01709 0.000992862 0.999853 
vn 0.0512615 -0.00288943 0.998681 
vn 0.129927 -0.00706019 0.991498 
vn 0.207584 -0.0108563 0.978157 
vn 0.2837 -0.0142576 0.958807 
vn 0.357781 -0.0172541 0.933646 
vn 0.429359 -0.0198452 0.902916 
vn 0.497997 -0.022039 0.866899 
vn 0.563291 -0.0238524 0.825914 
vn 0.624881 -0.0253092 0.78031 
vn 0.682445 -0.0264402 0.730459 
vn 0.735706 -0.027281 0.676751 
vn 0.784433 -0.027871 0.619586 
vn 0.827006 -0.0282415 0.561484 
vn 0.866324 -0.0284598 0.498671 
vn 0.900637 -0.0285503 0.433633 
vn 0.92989 -0.0285519 0.366728 
vn 0.954034 -0.0284994 0.298339 
vn 0.97305 -0.0284233 0.228836 
vn 0.98694 -0.028348 0.158577 
vn 0.995727 -0.0282916 0.0879099 
vn 0.999453 -0.0282656 0.0171723 
vn 0.998225 -0.0282743 -0.052411 
vn 0.991929 -0.0283168 -0.123589 
vn 0.980544 -0.0283847 -0.194239 
vn 0.96409 -0.028463 -0.264046 
vn 0.942609 -0.0285304 -0.332678 
vn 0.916158 -0.0285599 -0.399799 
vn 0.880996 -0.0285101 -0.472264 
vn 0.840015 -0.0283271 -0.541823 
vn 0.795488 -0.0279804 -0.605324 
vn 0.744142 -0.0273956 -0.66746 
vn 0.687914 -0.0265358 -0.725307 
vn 0.627219 -0.0253596 -0.77843 
vn 0.562465 -0.0238311 -0.826478 
vn 0.494097 -0.0219222 -0.86913 
vn 0.422593 -0.0196133 -0.906107 
vn 0.348458 -0.0168943 -0.937172 
vn 0.272218 -0.0137652 -0.962137 
vn 0.194416 -0.0102355 -0.980866 
vn 0.115599 -0.00632461 -0.993276 
vn 0.0363167 -0.00206087 -0.999338 
vn -0.0362996 0.00212633 -0.999339 
vn -0.114953 0.00695756 -0.993347 
vn -0.192544 0.0120175 -0.981215 
vn -0.268569 0.0172515 -0.963106 
vn -0.342565 0.0226024 -0.939222 
vn -0.414097 0.0280107 -0.909802 
vn -0.482764 0.033416 -0.875113 
vn -0.548196 0.0387579 -0.835451 
vn -0.610059 0.043977 -0.791135 
vn -0.66805 0.0490163 -0.7425 
vn -0.721902 0.0538212 -0.6899 
vn -0.771379 0.0583409 -0.633696 
vn -0.817495 0.0626431 -0.572519 
vn -0.857493 0.0664439 -0.510187 
vn -0.89262 0.0698343 -0.445369 
vn -0.922743 0.0727808 -0.378481 
vn -0.947784 0.0752571 -0.309907 
vn -0.967686 0.0772429 -0.240035 
vn -0.982425 0.0787234 -0.169245 
vn -0.991999 0.0796896 -0.0979191 
vn -0.996433 0.0801384 -0.0264299 
vn -0.996781 0.0801736 -2.83941e-15 
vn -0.992619 0.121275 3.00028e-15 
vn -0.990045 0.120904 0.0720695 
vn -0.984032 0.162743 0.0720782 
vn -0.982321 0.119795 0.143859 
vn -0.976361 0.161301 0.143876 
vn -0.969471 0.117955 0.214971 
vn -0.9636 0.158909 0.214995 
vn -0.945794 0.155583 0.285074 
vn -0.923013 0.151347 0.353753 
vn -0.900749 0.108229 0.42064 
vn -0.864173 0.103131 0.492513 
vn -0.859019 0.139567 0.492552 
vn -0.817077 0.131944 0.561227 
vn -0.771584 0.123763 0.623972 
vn -0.719728 0.11455 0.684741 
vn -0.663263 0.104657 0.741033 
vn -0.602588 0.0941887 0.792474 
vn -0.538093 0.0832491 0.838764 
vn -0.470189 0.0719438 0.879629 
vn -0.39931 0.0603802 0.914826 
vn -0.325914 0.0486659 0.944146 
vn -0.250478 0.0369077 0.967419 
vn -0.173497 0.0252098 0.984512 
vn -0.0954815 0.0136725 0.995337 
vn -0.0169507 0.00239062 0.999853 
vn 0.0508536 -0.00707549 0.998681 
vn 0.128922 -0.0176504 0.991498 
vn 0.206024 -0.0277438 0.978154 
vn 0.281631 -0.0372921 0.958798 
vn 0.355248 -0.0462456 0.933627 
vn 0.426409 -0.0545669 0.902883 
vn 0.494673 -0.0622303 0.866848 
vn 0.559636 -0.0692222 0.825842 
vn 0.620934 -0.0755405 0.780215 
vn 0.678242 -0.0811934 0.73034 
vn 0.73128 -0.0861981 0.676609 
vn 0.779813 -0.0905796 0.619425 
vn 0.822223 -0.094248 0.561309 
vn 0.861396 -0.0974993 0.498488 
vn 0.895586 -0.100226 0.433452 
vn 0.924736 -0.102467 0.366557 
vn 0.948797 -0.104257 0.298187 
vn 0.967747 -0.105629 0.22871 
vn 0.981589 -0.106608 0.158486 
vn 0.990346 -0.107218 0.0878577 
vn 0.99406 -0.107475 0.0171619 
vn 0.992836 -0.10739 -0.0523797 
vn 0.986562 -0.106956 -0.123517 
vn 0.975215 -0.106159 -0.194129 
vn 0.958818 -0.104987 -0.263906 
vn 0.93741 -0.103417 -0.332516 
vn 0.911052 -0.101425 -0.399622 
vn 0.876015 -0.0986781 -0.472081 
vn 0.835184 -0.0953385 -0.541645 
vn 0.790824 -0.0915466 -0.605158 
vn 0.739681 -0.0869702 -0.667314 
vn 0.683688 -0.0817175 -0.725185 
vn 0.623261 -0.075775 -0.778334 
vn 0.558814 -0.0691356 -0.826406 
vn 0.490794 -0.0618034 -0.869081 
vn 0.419681 -0.0537945 -0.906076 
vn 0.345982 -0.0451377 -0.937155 
vn 0.270224 -0.0358741 -0.962129 
vn 0.192947 -0.0260569 -0.980863 
vn 0.1147 -0.0157501 -0.993275 
vn 0.0360262 -0.00502754 -0.999338 
vn -0.036002 0.0050965 -0.999339 
vn -0.113986 0.0163796 -0.993347 
vn -0.190886 0.0278253 -0.981218 
vn -0.266205 0.0393353 -0.963113 
vn -0.339488 0.0508122 -0.939237 
vn -0.410309 0.0621585 -0.909826 
vn -0.478273 0.0732782 -0.875149 
vn -0.54302 0.0840778 -0.8355 
vn -0.604221 0.0944681 -0.791197 
vn -0.661581 0.104364 -0.742576 
vn -0.714839 0.113688 -0.689986 
vn -0.763764 0.122366 -0.633791 
vn -0.80936 0.13055 -0.57262 
vn -0.848904 0.137722 -0.510289 
vn -0.883629 0.144076 -0.445469 
vn -0.913407 0.149567 -0.378573 
vn -0.938159 0.154161 -0.309989 
vn -0.963663 0.117126 -0.240075 
vn -0.978331 0.119223 -0.169275 
vn -0.972399 0.160558 -0.169295 
vn -0.957831 0.15783 -0.240101 
vn -0.98786 0.12059 -0.0979365 
vn -0.981862 0.162335 -0.0979482 
vn -0.992273 0.121225 -0.0264347 
vn -0.986245 0.163159 -0.0264379 
vn -0.986589 0.163224 -3.04285e-15 
vn -0.978741 0.205101 -2.49589e-15 
vn -0.976207 0.204509 0.0720821 
vn -0.96631 0.247079 0.0720834 
vn -0.968605 0.202737 0.143884 
vn -0.958794 0.244971 0.143886 
vn -0.955958 0.199794 0.215006 
vn -0.94629 0.241468 0.215009 
vn -0.938311 0.1957 0.285087 
vn -0.928842 0.236594 0.285091 
vn -0.915732 0.190481 0.353768 
vn -0.906516 0.230378 0.353772 
vn -0.888311 0.184175 0.420694 
vn -0.879401 0.222861 0.420697 
vn -0.895347 0.146233 0.420678 
vn -0.852303 0.175947 0.492567 
vn -0.843794 0.213044 0.49257 
vn -0.810728 0.166521 0.561241 
vn -0.802677 0.201785 0.561241 
vn -0.758072 0.189666 0.623982 
vn -0.707219 0.175971 0.684745 
vn -0.651832 0.161204 0.741032 
vn -0.592301 0.145508 0.792469 
vn -0.529002 0.129022 0.838755 
vn -0.462335 0.11189 0.879617 
vn -0.392723 0.0942591 0.914814 
vn -0.320609 0.0762776 0.944135 
vn -0.246459 0.0580956 0.96741 
vn -0.170755 0.0398618 0.984507 
vn -0.0939966 0.0217219 0.995336 
vn -0.0166915 0.00381702 0.999853 
vn 0.0500873 -0.0113477 0.99868 
vn 0.127013 -0.0284596 0.991493 
vn 0.203028 -0.0449816 0.978139 
vn 0.277606 -0.0608053 0.958769 
vn 0.350261 -0.0758398 0.933577 
vn 0.420525 -0.0900091 0.902805 
vn 0.487959 -0.103253 0.866738 
vn 0.55216 -0.115525 0.825695 
vn 0.612761 -0.126798 0.78003 
vn 0.669435 -0.137056 0.730118 
vn 0.721902 -0.146298 0.676354 
vn 0.769923 -0.154533 0.619143 
vn 0.811893 -0.161551 0.561009 
vn 0.850665 -0.16788 0.498183 
vn 0.884507 -0.173278 0.433153 
vn 0.913363 -0.177787 0.366278 
vn 0.937182 -0.181441 0.297941 
vn 0.955943 -0.184275 0.22851 
vn 0.969646 -0.18632 0.15834 
vn 0.978315 -0.187603 0.0877748 
vn 0.981992 -0.188145 0.0171455 
vn 0.98078 -0.187966 -0.0523298 
vn 0.974569 -0.18705 -0.123402 
vn 0.963336 -0.185381 -0.193955 
vn 0.947103 -0.182944 -0.263681 
vn 0.92591 -0.179719 -0.332251 
vn 0.906281 -0.138093 -0.399481 
vn 0.871391 -0.133998 -0.471934 
vn 0.865135 -0.170202 -0.471777 
vn 0.899817 -0.175681 -0.399331 
vn 0.82472 -0.163662 -0.541342 
vn 0.780819 -0.156372 -0.604871 
vn 0.730214 -0.147739 -0.667054 
vn 0.674822 -0.138016 -0.72496 
vn 0.615062 -0.12722 -0.778148 
vn 0.551347 -0.115372 -0.82626 
vn 0.484127 -0.102509 -0.868972 
vn 0.41388 -0.0886851 -0.906001 
vn 0.341114 -0.073968 -0.937107 
vn 0.266352 -0.0584424 -0.962102 
vn 0.190132 -0.0422064 -0.980851 
vn 0.112996 -0.0253705 -0.993272 
vn 0.0354815 -0.00805524 -0.999338 
vn -0.0354491 0.00812742 -0.999338 
vn -0.112207 0.0259932 -0.993345 
vn -0.187859 0.0439518 -0.981212 
vn -0.261921 0.0618609 -0.963105 
vn -0.333948 0.0795818 -0.939226 
vn -0.403527 0.0969781 -0.909814 
vn -0.470273 0.113918 -0.875138 
vn -0.533838 0.130274 -0.835491 
vn -0.593902 0.145928 -0.791192 
vn -0.650182 0.160766 -0.742575 
vn -0.702423 0.174686 -0.68999 
vn -0.750404 0.187593 -0.6338 
vn -0.795111 0.199723 -0.572633 
vn -0.833878 0.210321 -0.510306 
vn -0.867916 0.219688 -0.445487 
vn -0.906211 0.188288 -0.378589 
vn -0.930743 0.193948 -0.310003 
vn -0.921359 0.234508 -0.310007 
vn -0.897102 0.227764 -0.378592 
vn -0.95024 0.198466 -0.240113 
vn -0.940637 0.239888 -0.240117 
vn -0.964678 0.201822 -0.169303 
vn -0.954912 0.243883 -0.169306 
vn -0.974056 0.204008 -0.0979535 
vn -0.964184 0.246483 -0.0979553 
vn -0.9784 0.205021 -0.0264393 
vn -0.968479 0.247688 -0.0264398 
vn -0.968816 0.247783 0 
vn -0.944295 0.321106 0.0720943 
vn -0.936965 0.318414 0.143908 
vn -0.924769 0.313943 0.21504 
vn -0.907751 0.307716 0.285129 
vn -0.885975 0.299771 0.353816 
vn -0.859525 0.290155 0.420746 
vn -0.824787 0.277583 0.49262 
vn -0.78467 0.263146 0.56129 
vn -0.741143 0.247582 0.624028 
vn -0.691509 0.229963 0.684786 
vn -0.63744 0.210929 0.741066 
vn -0.579312 0.190652 0.792496 
vn -0.517488 0.169304 0.838774 
vn -0.452355 0.147059 0.87963 
vn -0.384322 0.124099 0.91482 
vn -0.313817 0.100609 0.944138 
vn -0.241293 0.0767749 0.967411 
vn -0.167216 0.0527853 0.984506 
vn -0.0920712 0.0288254 0.995335 
vn -0.0163538 0.00507642 0.999853 
vn 0.0490853 -0.0151214 0.99868 
vn 0.124506 -0.0380121 0.991491 
vn 0.199073 -0.0602226 0.978132 
vn 0.272273 -0.0816041 0.958753 
vn 0.343624 -0.102029 0.933549 
vn 0.412663 -0.121385 0.902759 
vn 0.478957 -0.139582 0.86667 
vn 0.542103 -0.156544 0.825602 
vn 0.601734 -0.172218 0.779908 
vn 0.657526 -0.186567 0.729968 
vn 0.709193 -0.199574 0.676177 
vn 0.756498 -0.211234 0.618944 
vn 0.797852 -0.221227 0.560795 
vn 0.836064 -0.230288 0.49796 
vn 0.869424 -0.238058 0.432933 
vn 0.897872 -0.244578 0.36607 
vn 0.921357 -0.249886 0.297756 
vn 0.939855 -0.254017 0.228358 
vn 0.953368 -0.257006 0.15823 
vn 0.961917 -0.258886 0.0877118 
vn 0.965543 -0.25968 0.0171331 
vn 0.964348 -0.259418 -0.0522919 
vn 0.958223 -0.258075 -0.123314 
vn 0.947146 -0.255633 -0.193823 
vn 0.931139 -0.252075 -0.263512 
vn 0.910243 -0.247383 -0.332054 
vn 0.884517 -0.24153 -0.399116 
vn 0.850327 -0.233626 -0.471554 
vn 0.810493 -0.224243 -0.541124 
vn 0.767233 -0.213846 -0.604667 
vn 0.71738 -0.201609 -0.666873 
vn 0.66283 -0.187915 -0.724807 
vn 0.603999 -0.172807 -0.778025 
vn 0.541303 -0.156332 -0.826166 
vn 0.475189 -0.138558 -0.868906 
vn 0.406133 -0.119572 -0.905957 
vn 0.334638 -0.0994797 -0.937081 
vn 0.261224 -0.0784041 -0.962089 
vn 0.186421 -0.056484 -0.980845 
vn 0.11076 -0.0338715 -0.99327 
vn 0.0347699 -0.0107294 -0.999338 
vn -0.0347297 0.0108032 -0.999338 
vn -0.109902 0.0344759 -0.993344 
vn -0.183955 0.0581745 -0.981212 
vn -0.256419 0.0817176 -0.963105 
vn -0.326861 0.104931 -0.939229 
vn -0.394882 0.127644 -0.909821 
vn -0.460112 0.149695 -0.87515 
vn -0.522212 0.170927 -0.835511 
vn -0.580876 0.191195 -0.791219 
vn -0.63583 0.210364 -0.742609 
vn -0.686828 0.228309 -0.69003 
vn -0.733659 0.244916 -0.633845 
vn -0.777287 0.260498 -0.572682 
vn -0.815113 0.274093 -0.510356 
vn -0.848321 0.286093 -0.445536 
vn -0.876792 0.296428 -0.378638 
vn -0.900452 0.30505 -0.310048 
vn -0.919256 0.311924 -0.24015 
vn -0.933178 0.317025 -0.169331 
vn -0.942222 0.320344 -0.09797 
vn -0.94641 0.321883 -0.0264438 
vn -0.946738 0.322004 -1.1246e-14 
vn -0.915983 0.394682 0.0721227 
vn -0.908886 0.391408 0.143963 
vn -0.89708 0.385967 0.21512 
vn -0.880605 0.378389 0.285231 
vn -0.859523 0.368715 0.353935 
vn -0.833914 0.357002 0.420876 
vn -0.800278 0.341679 0.492757 
vn -0.761431 0.324071 0.561428 
vn -0.719275 0.305072 0.62416 
vn -0.671197 0.283543 0.684907 
vn -0.618812 0.260259 0.741172 
vn -0.562482 0.235425 0.792584 
vn -0.502553 0.209241 0.838844 
vn -0.439395 0.181916 0.879681 
vn -0.3734 0.153665 0.914855 
vn -0.304978 0.124708 0.944159 
vn -0.234562 0.0952707 0.967421 
vn -0.1626 0.0655778 0.98451 
vn -0.0895576 0.0358545 0.995336 
vn -0.0159126 0.00632221 0.999853 
vn 0.0477749 -0.0188532 0.99868 
vn 0.121224 -0.0474549 0.99149 
vn 0.193895 -0.0752828 0.97813 
vn 0.265284 -0.102148 0.958744 
vn 0.33492 -0.127885 0.933528 
vn 0.402349 -0.152348 0.902721 
vn 0.467142 -0.175414 0.866608 
vn 0.528897 -0.19698 0.82551 
vn 0.587251 -0.216967 0.779783 
vn 0.641877 -0.235318 0.729808 
vn 0.69249 -0.251999 0.675983 
vn 0.738849 -0.266995 0.61872 
vn 0.779392 -0.279879 0.56055 
vn 0.816865 -0.29159 0.497702 
vn 0.849587 -0.301655 0.432674 
vn 0.877497 -0.310117 0.365824 
vn 0.90054 -0.317017 0.297536 
vn 0.918693 -0.322395 0.228176 
vn 0.931954 -0.326292 0.158097 
vn 0.940345 -0.328743 0.0876356 
vn 0.943903 -0.329779 0.017118 
vn 0.94273 -0.329438 -0.0522461 
vn 0.936719 -0.327685 -0.123209 
vn 0.925847 -0.324501 -0.193664 
vn 0.910139 -0.319867 -0.263309 
vn 0.889635 -0.313761 -0.331819 
vn 0.864394 -0.306158 -0.398862 
vn 0.830854 -0.295911 -0.471294 
vn 0.791788 -0.283774 -0.540874 
vn 0.749373 -0.270361 -0.604438 
vn 0.700512 -0.254614 -0.666674 
vn 0.647072 -0.237045 -0.724643 
vn 0.589468 -0.217719 -0.777898 
vn 0.528115 -0.196709 -0.826075 
vn 0.463457 -0.174114 -0.868845 
vn 0.395969 -0.150053 -0.905921 
vn 0.326148 -0.124669 -0.937062 
vn 0.254505 -0.0981221 -0.962081 
vn 0.18156 -0.0705932 -0.980843 
vn 0.107833 -0.0422757 -0.99327 
vn 0.0338395 -0.0133739 -0.999338 
vn -0.03379 0.0134502 -0.999338 
vn -0.106893 0.0428704 -0.993346 
vn -0.178865 0.0722539 -0.981217 
vn -0.249251 0.101381 -0.963118 
vn -0.317639 0.130041 -0.939252 
vn -0.383646 0.15803 -0.909858 
vn -0.446918 0.185156 -0.875204 
vn -0.507133 0.211233 -0.835582 
vn -0.563998 0.236091 -0.791308 
vn -0.617252 0.259568 -0.742714 
vn -0.666662 0.281521 -0.69015 
vn -0.712026 0.301816 -0.633976 
vn -0.754281 0.32084 -0.572819 
vn -0.790911 0.337425 -0.510494 
vn -0.823066 0.352052 -0.44567 
vn -0.850632 0.364644 -0.378762 
vn -0.873539 0.375143 -0.310156 
vn -0.891743 0.38351 -0.240239 
vn -0.905221 0.389718 -0.169396 
vn -0.913975 0.393756 -0.0980084 
vn -0.91803 0.395628 -0.0264543 
vn -0.918348 0.395774 -5.79566e-15 
vn -0.881618 0.466415 0.0721543 
vn -0.874805 0.462572 0.144025 
vn -0.86347 0.456185 0.21521 
vn -0.847651 0.447287 0.285344 
vn -0.827408 0.435927 0.354067 
vn -0.802817 0.422168 0.421021 
vn -0.770515 0.404162 0.49291 
vn -0.733202 0.38346 0.561582 
vn -0.692705 0.36111 0.624307 
vn -0.64651 0.33577 0.685043 
vn -0.596165 0.308344 0.741291 
vn -0.542011 0.279067 0.792683 
vn -0.484378 0.248171 0.838922 
vn -0.423616 0.215895 0.879738 
vn -0.360094 0.182488 0.914894 
vn -0.294202 0.148204 0.944183 
vn -0.22635 0.113305 0.967434 
vn -0.156964 0.0780525 0.984515 
vn -0.086486 0.0427098 0.995337 
vn -0.0153729 0.00753735 0.999853 
vn 0.046171 -0.0224936 0.99868 
vn 0.117203 -0.0566679 0.99149 
vn 0.187544 -0.0899782 0.978126 
vn 0.256706 -0.122196 0.958734 
vn 0.324229 -0.153119 0.933504 
vn 0.389669 -0.182569 0.902677 
vn 0.452604 -0.210388 0.866537 
vn 0.512637 -0.236447 0.825407 
vn 0.569408 -0.260641 0.779642 
vn 0.622589 -0.282893 0.729626 
vn 0.671895 -0.303154 0.675763 
vn 0.717081 -0.321395 0.618466 
vn 0.756616 -0.337089 0.56027 
vn 0.793173 -0.351372 0.497408 
vn 0.825106 -0.363661 0.432378 
vn 0.85235 -0.374004 0.365542 
vn 0.874848 -0.382444 0.297283 
vn 0.892574 -0.389028 0.227968 
vn 0.905525 -0.3938 0.157944 
vn 0.913719 -0.396803 0.0875482 
vn 0.917194 -0.398073 0.0171007 
vn 0.916049 -0.397655 -0.0521934 
vn 0.910178 -0.395507 -0.123088 
vn 0.899561 -0.391606 -0.193482 
vn 0.884221 -0.385933 -0.263076 
vn 0.8642 -0.378461 -0.33155 
vn 0.839559 -0.369165 -0.398571 
vn 0.806824 -0.356647 -0.470997 
vn 0.768707 -0.341838 -0.540588 
vn 0.727341 -0.325493 -0.604176 
vn 0.679712 -0.306332 -0.666448 
vn 0.627648 -0.284989 -0.724458 
vn 0.571566 -0.261551 -0.777755 
vn 0.511877 -0.236119 -0.825972 
vn 0.449023 -0.208819 -0.868776 
vn 0.383475 -0.179804 -0.905879 
vn 0.31572 -0.149252 -0.937041 
vn 0.246259 -0.117364 -0.962072 
vn 0.175601 -0.0843604 -0.98084 
vn 0.104249 -0.0504749 -0.99327 
vn 0.0327009 -0.0159537 -0.999338 
vn -0.0326408 0.016032 -0.999339 
vn -0.103218 0.0510572 -0.993348 
vn -0.17265 0.0859832 -0.981223 
vn -0.240508 0.120553 -0.963132 
vn -0.306398 0.154521 -0.939278 
vn -0.369958 0.187653 -0.9099 
vn -0.430854 0.219724 -0.875263 
vn -0.488783 0.250523 -0.835661 
vn -0.543468 0.279852 -0.791407 
vn -0.594664 0.307529 -0.742832 
vn -0.642152 0.333389 -0.690284 
vn -0.685741 0.35728 -0.634122 
vn -0.726334 0.37966 -0.572972 
vn -0.761518 0.399161 -0.510648 
vn -0.792399 0.416352 -0.445819 
vn -0.818871 0.431145 -0.3789 
vn -0.840867 0.443477 -0.310276 
vn -0.858345 0.4533 -0.240337 
vn -0.871286 0.460588 -0.169468 
vn -0.879691 0.465328 -0.0980511 
vn -0.883584 0.467525 -0.026466 
vn -0.883889 0.467697 -5.70178e-15 
vn -0.841505 0.535406 0.0721817 
vn -0.835022 0.531017 0.144079 
vn -0.824237 0.523722 0.215287 
vn -0.809185 0.513559 0.285442 
vn -0.789921 0.500581 0.354181 
vn -0.766517 0.484858 0.421147 
vn -0.735769 0.464277 0.493042 
vn -0.700246 0.440606 0.561713 
vn -0.661682 0.415042 0.624433 
vn -0.617681 0.386042 0.685158 
vn -0.569711 0.354638 0.741391 
vn -0.518093 0.321094 0.792766 
vn -0.463136 0.285669 0.838987 
vn -0.405165 0.248634 0.879785 
vn -0.344527 0.210268 0.914925 
vn -0.281588 0.170858 0.944201 
vn -0.216731 0.130699 0.967443 
vn -0.150357 0.0900888 0.984519 
vn -0.0828826 0.0493269 0.995338 
vn -0.0147393 0.00871075 0.999853 
vn 0.0442863 -0.0260102 0.99868 
vn 0.112475 -0.0655713 0.991489 
vn 0.180068 -0.104186 0.978121 
vn 0.246598 -0.141586 0.958719 
vn 0.31162 -0.177535 0.933474 
vn 0.374702 -0.211818 0.902625 
vn 0.43543 -0.244248 0.866454 
vn 0.493417 -0.274666 0.825287 
vn 0.548303 -0.302943 0.77948 
vn 0.599763 -0.328982 0.729421 
vn 0.647512 -0.352715 0.675515 
vn 0.691302 -0.374103 0.618181 
vn 0.72964 -0.392521 0.559958 
vn 0.765108 -0.409295 0.49708 
vn 0.796104 -0.423736 0.432049 
vn 0.822558 -0.435897 0.365229 
vn 0.844411 -0.445825 0.297003 
vn 0.861632 -0.453571 0.227736 
vn 0.874216 -0.459187 0.157775 
vn 0.882179 -0.462722 0.0874513 
vn 0.885557 -0.464217 0.0170815 
vn 0.884444 -0.463725 -0.0521352 
vn 0.878738 -0.461196 -0.122953 
vn 0.868421 -0.456605 -0.19328 
vn 0.853516 -0.449929 -0.262819 
vn 0.834068 -0.441139 -0.331251 
vn 0.810136 -0.430206 -0.398248 
vn 0.778356 -0.415493 -0.470667 
vn 0.741369 -0.398097 -0.540269 
vn 0.70125 -0.37891 -0.603884 
vn 0.655085 -0.35644 -0.666193 
vn 0.604661 -0.331435 -0.724248 
vn 0.55039 -0.304008 -0.777592 
vn 0.492682 -0.274284 -0.825853 
vn 0.431974 -0.242418 -0.868695 
vn 0.368728 -0.208597 -0.905829 
vn 0.303422 -0.173036 -0.937013 
vn 0.236544 -0.135974 -0.962059 
vn 0.168586 -0.0976695 -0.980836 
vn 0.100034 -0.0583982 -0.993269 
vn 0.0313632 -0.0184456 -0.999338 
vn -0.0312918 0.018525 -0.999339 
vn -0.0989065 0.0589587 -0.993349 
vn -0.165367 0.0992289 -0.981227 
vn -0.230268 0.139042 -0.963143 
vn -0.293241 0.178122 -0.939299 
vn -0.353946 0.216202 -0.909934 
vn -0.412073 0.253029 -0.875313 
vn -0.467337 0.288367 -0.835728 
vn -0.519483 0.321993 -0.791491 
vn -0.568282 0.353705 -0.742932 
vn -0.61353 0.383316 -0.690398 
vn -0.65505 0.410659 -0.634247 
vn -0.693706 0.436261 -0.573103 
vn -0.727205 0.45856 -0.51078 
vn -0.756601 0.478212 -0.445947 
vn -0.781796 0.495117 -0.379018 
vn -0.802729 0.509206 -0.31038 
vn -0.819361 0.520428 -0.240422 
vn -0.831674 0.528751 -0.16953 
vn -0.839671 0.534164 -0.098088 
vn -0.843375 0.536673 -0.0264761 
vn -0.843665 0.53687 7.64657e-16 
vn -0.820243 0.572016 1.62943e-15 
vn -0.818146 0.57046 0.0721929 
vn -0.792584 0.605473 0.072202 
vn -0.811857 0.565795 0.144101 
vn -0.786505 0.600533 0.144118 
vn -0.801391 0.558041 0.215319 
vn -0.776389 0.592323 0.215344 
vn -0.786785 0.547238 0.285482 
vn -0.762271 0.580883 0.285514 
vn -0.744199 0.566272 0.354265 
vn -0.745378 0.516725 0.421198 
vn -0.715534 0.494841 0.493096 
vn -0.693385 0.525386 0.493139 
vn -0.681051 0.469667 0.561767 
vn -0.660039 0.498716 0.56181 
vn -0.623828 0.4699 0.624525 
vn -0.582496 0.437199 0.685241 
vn -0.537416 0.401767 0.741463 
vn -0.488883 0.363899 0.792825 
vn -0.43718 0.323882 0.839031 
vn -0.382609 0.282016 0.879817 
vn -0.325485 0.23861 0.914945 
vn -0.266147 0.193984 0.944212 
vn -0.204946 0.148467 0.967447 
vn -0.142255 0.102393 0.98452 
vn -0.0784596 0.0560959 0.995338 
vn -0.0139607 0.00991198 0.999853 
vn 0.0419685 -0.0296125 0.99868 
vn 0.106653 -0.0746985 0.991486 
vn 0.170854 -0.118761 0.978113 
vn 0.234126 -0.161493 0.9587 
vn 0.296045 -0.202619 0.933436 
vn 0.356195 -0.241889 0.90256 
vn 0.414177 -0.279081 0.866355 
vn 0.46961 -0.314007 0.825146 
vn 0.522142 -0.34651 0.779293 
vn 0.571452 -0.376471 0.729186 
vn 0.617254 -0.403803 0.675233 
vn 0.6593 -0.428456 0.617859 
vn 0.696141 -0.449698 0.559606 
vn 0.730251 -0.469055 0.496711 
vn 0.760079 -0.485728 0.43168 
vn 0.785551 -0.499773 0.364878 
vn 0.806602 -0.511242 0.29669 
vn 0.823197 -0.520193 0.227478 
vn 0.835327 -0.526684 0.157586 
vn 0.843004 -0.530769 0.087343 
vn 0.84626 -0.532496 0.01706 
vn 0.845187 -0.531928 -0.05207 
vn 0.839686 -0.529006 -0.122803 
vn 0.82974 -0.5237 -0.193054 
vn 0.815376 -0.515985 -0.26253 
vn 0.796637 -0.505829 -0.330917 
vn 0.773589 -0.4932 -0.397886 
vn 0.742998 -0.47621 -0.470296 
vn 0.707418 -0.456131 -0.53991 
vn 0.668856 -0.433999 -0.603553 
vn 0.624523 -0.408096 -0.665904 
vn 0.576148 -0.379296 -0.724008 
vn 0.524141 -0.347735 -0.777403 
vn 0.468907 -0.313568 -0.825713 
vn 0.410875 -0.276981 -0.868599 
vn 0.350495 -0.238197 -0.905768 
vn 0.288233 -0.197469 -0.936978 
vn 0.224559 -0.155077 -0.962042 
vn 0.159942 -0.111322 -0.980829 
vn 0.0948453 -0.0665194 -0.993267 
vn 0.0297184 -0.0209978 -0.999338 
vn -0.0296348 0.0210765 -0.999339 
vn -0.0936161 0.0670402 -0.993349 
vn -0.156438 0.112767 -0.981229 
vn -0.217725 0.157928 -0.963148 
vn -0.277136 0.202212 -0.939311 
vn -0.334361 0.245325 -0.909955 
vn -0.389113 0.286986 -0.875346 
vn -0.441134 0.326931 -0.835773 
vn -0.49019 0.364915 -0.79155 
vn -0.536072 0.400714 -0.743004 
vn -0.578595 0.434124 -0.690481 
vn -0.617599 0.464959 -0.634338 
vn -0.653899 0.493819 -0.5732 
vn -0.685347 0.518945 -0.510878 
vn -0.712935 0.541082 -0.446042 
vn -0.736576 0.56012 -0.379106 
vn -0.78052 0.54261 -0.310423 
vn -0.79666 0.554539 -0.240457 
vn -0.771816 0.588615 -0.240485 
vn -0.756214 0.575982 -0.310458 
vn -0.808608 0.563387 -0.169556 
vn -0.783365 0.597983 -0.169576 
vn -0.816367 0.56914 -0.0981032 
vn -0.790864 0.604075 -0.0981155 
vn -0.819961 0.571807 -0.0264802 
vn -0.794338 0.606899 -0.0264836 
vn -0.79461 0.60712 2.59414e-15 
vn -0.742362 0.666095 0.0722143 
vn -0.736695 0.660684 0.144142 
vn -0.727264 0.65169 0.215379 
vn -0.714099 0.639155 0.285558 
vn -0.697245 0.623145 0.354316 
vn -0.72224 0.548568 0.421239 
vn -0.676763 0.60374 0.421295 
vn -0.649842 0.578327 0.493197 
vn -0.618721 0.54908 0.561868 
vn -0.584914 0.51747 0.62458 
vn -0.546309 0.481583 0.685291 
vn -0.504185 0.442682 0.741506 
vn -0.458809 0.401085 0.792859 
vn -0.410441 0.357102 0.839057 
vn -0.359353 0.311058 0.879834 
vn -0.305837 0.263287 0.914956 
vn -0.250199 0.214138 0.944217 
vn -0.192763 0.163966 0.967449 
vn -0.13387 0.113135 0.98452 
vn -0.0738768 0.0620115 0.995338 
vn -0.013153 0.0109628 0.999853 
vn 0.0395614 -0.0327666 0.99868 
vn 0.100599 -0.0826984 0.991484 
vn 0.16126 -0.13155 0.978105 
vn 0.221123 -0.178978 0.958682 
vn 0.279788 -0.224675 0.933402 
vn 0.336855 -0.268358 0.902504 
vn 0.391942 -0.309773 0.866269 
vn 0.444679 -0.348705 0.825024 
vn 0.494723 -0.384971 0.779132 
vn 0.541757 -0.41843 0.728983 
vn 0.585497 -0.448978 0.67499 
vn 0.625695 -0.476551 0.61758 
vn 0.660953 -0.500323 0.559302 
vn 0.693625 -0.521996 0.496391 
vn 0.72222 -0.540673 0.43136 
vn 0.746655 -0.556411 0.364574 
vn 0.76686 -0.569264 0.296417 
vn 0.782797 -0.579298 0.227252 
vn 0.794449 -0.586574 0.157422 
vn 0.801825 -0.591155 0.0872486 
vn 0.804955 -0.593091 0.0170413 
vn 0.803924 -0.592454 -0.0520131 
vn 0.798637 -0.589177 -0.122672 
vn 0.789082 -0.583229 -0.192857 
vn 0.775285 -0.57458 -0.262279 
vn 0.757295 -0.563197 -0.330626 
vn 0.735178 -0.549045 -0.397571 
vn 0.705843 -0.53001 -0.469974 
vn 0.671752 -0.507525 -0.5396 
vn 0.634838 -0.482753 -0.603267 
vn 0.592444 -0.453778 -0.665655 
vn 0.546239 -0.421586 -0.723801 
vn 0.496629 -0.386339 -0.77724 
vn 0.44401 -0.348215 -0.825592 
vn 0.388803 -0.307434 -0.868514 
vn 0.331445 -0.264249 -0.905713 
vn 0.272383 -0.218951 -0.936946 
vn 0.212067 -0.171854 -0.962026 
vn 0.150944 -0.123298 -0.980823 
vn 0.0894513 -0.0736362 -0.993265 
vn 0.0280106 -0.023232 -0.999338 
vn -0.0279162 0.0233081 -0.999338 
vn -0.088136 0.0741012 -0.993348 
vn -0.1472 0.124584 -0.981229 
vn -0.20476 0.174397 -0.963151 
vn -0.260507 0.223203 -0.939317 
vn -0.314155 0.27068 -0.909966 
vn -0.365445 0.316525 -0.875364 
vn -0.414141 0.360454 -0.835799 
vn -0.460032 0.402201 -0.791584 
vn -0.502929 0.441526 -0.743046 
vn -0.542666 0.478208 -0.69053 
vn -0.579097 0.512049 -0.634392 
vn -0.612989 0.54371 -0.573257 
vn -0.64234 0.571265 -0.510936 
vn -0.668083 0.595535 -0.446099 
vn -0.690135 0.616402 -0.379159 
vn -0.708451 0.633786 -0.310504 
vn -0.722999 0.647627 -0.240523 
vn -0.733767 0.657891 -0.169604 
vn -0.740759 0.664564 -0.0981321 
vn -0.743997 0.667657 -0.0264881 
vn -0.744251 0.6679 1.20679e-14 
vn -0.690574 0.719647 0.0722161 
vn -0.685328 0.713826 0.144146 
vn -0.676596 0.70415 0.215384 
vn -0.664406 0.690665 0.285564 
vn -0.648798 0.673436 0.354323 
vn -0.629825 0.652552 0.421303 
vn -0.60488 0.625194 0.493206 
vn -0.576035 0.5937 0.561876 
vn -0.544687 0.559648 0.624588 
vn -0.508875 0.520974 0.685297 
vn -0.469778 0.479031 0.741511 
vn -0.427639 0.434159 0.792862 
vn -0.382692 0.386686 0.839059 
vn -0.335187 0.336956 0.879835 
vn -0.285386 0.285325 0.914956 
vn -0.23357 0.232164 0.944217 
vn -0.180034 0.177851 0.967448 
vn -0.125091 0.122776 0.984519 
vn -0.0690663 0.067331 0.995337 
vn -0.012303 0.0119097 0.999853 
vn 0.0370216 -0.0356139 0.99868 
vn 0.0941925 -0.0899367 0.991483 
vn 0.151074 -0.143149 0.978103 
vn 0.207273 -0.194877 0.958677 
vn 0.262411 -0.244784 0.933392 
vn 0.316113 -0.292557 0.902487 
vn 0.368013 -0.337915 0.866245 
vn 0.417758 -0.380616 0.824991 
vn 0.465019 -0.420452 0.779088 
vn 0.509488 -0.457259 0.728928 
vn 0.550889 -0.490915 0.674925 
vn 0.588977 -0.521336 0.617506 
vn 0.622418 -0.547602 0.559221 
vn 0.653434 -0.57158 0.496307 
vn 0.680602 -0.592269 0.431276 
vn 0.703835 -0.609721 0.364494 
vn 0.723059 -0.623991 0.296346 
vn 0.738229 -0.635138 0.227194 
vn 0.749325 -0.643229 0.157379 
vn 0.756352 -0.648323 0.0872241 
vn 0.759334 -0.650478 0.0170365 
vn 0.758351 -0.649769 -0.0519984 
vn 0.753315 -0.646124 -0.122639 
vn 0.744214 -0.639509 -0.192806 
vn 0.731078 -0.629896 -0.262214 
vn 0.713957 -0.617254 -0.330551 
vn 0.692921 -0.60155 -0.39749 
vn 0.665039 -0.580454 -0.46989 
vn 0.632666 -0.555566 -0.539518 
vn 0.597646 -0.528185 -0.603191 
vn 0.557468 -0.496207 -0.665588 
vn 0.513729 -0.460734 -0.723745 
vn 0.46682 -0.421955 -0.777196 
vn 0.417127 -0.380078 -0.825558 
vn 0.365053 -0.335351 -0.86849 
vn 0.311019 -0.288061 -0.905698 
vn 0.255448 -0.238528 -0.936937 
vn 0.198767 -0.187103 -0.962021 
vn 0.141396 -0.134156 -0.980821 
vn 0.0837461 -0.0800727 -0.993265 
vn 0.0262097 -0.0252481 -0.999338 
vn -0.0261087 0.0253179 -0.999338 
vn -0.0823871 0.0804478 -0.993348 
vn -0.13753 0.135186 -0.981229 
vn -0.19122 0.189147 -0.96315 
vn -0.243173 0.241972 -0.939317 
vn -0.293129 0.293318 -0.909967 
vn -0.340853 0.342863 -0.875365 
vn -0.386132 0.390304 -0.835802 
vn -0.428774 0.435364 -0.791588 
vn -0.468611 0.477785 -0.743051 
vn -0.505494 0.517335 -0.690536 
vn -0.539292 0.553806 -0.634399 
vn -0.570721 0.587915 -0.573265 
vn -0.597928 0.61759 -0.510945 
vn -0.621783 0.643719 -0.446107 
vn -0.642212 0.66618 -0.379167 
vn -0.659176 0.684887 -0.310511 
vn -0.672647 0.699779 -0.240529 
vn -0.682617 0.710821 -0.169608 
vn -0.68909 0.718 -0.0981346 
vn -0.692088 0.721327 -0.0264888 
vn -0.692323 0.721588 6.16649e-15 
vn -0.633777 0.770139 0.0721968 
vn -0.628987 0.763943 0.144108 
vn -0.621015 0.753641 0.215329 
vn -0.609883 0.73928 0.285495 
vn -0.595627 0.720931 0.354242 
vn -0.578292 0.698683 0.421213 
vn -0.555494 0.669529 0.49311 
vn -0.52912 0.635953 0.561779 
vn -0.500444 0.599636 0.624494 
vn -0.467667 0.558368 0.68521 
vn -0.431862 0.513588 0.741433 
vn -0.393248 0.46565 0.792796 
vn -0.352034 0.414899 0.839006 
vn -0.308443 0.361695 0.879795 
vn -0.262712 0.306414 0.914928 
vn -0.215094 0.249445 0.944199 
vn -0.165858 0.191189 0.967439 
vn -0.115287 0.132056 0.984515 
vn -0.0636796 0.0724615 0.995336 
vn -0.0113481 0.0128249 0.999853 
vn 0.0341606 -0.0383714 0.998679 
vn 0.08695 -0.0969632 0.991483 
vn 0.139516 -0.154437 0.978102 
vn 0.191497 -0.210391 0.958679 
vn 0.24254 -0.26446 0.9334 
vn 0.292296 -0.316305 0.902505 
vn 0.340425 -0.365618 0.866276 
vn 0.386597 -0.412129 0.825041 
vn 0.430502 -0.455608 0.77916 
vn 0.47185 -0.495864 0.729024 
vn 0.51038 -0.532753 0.675045 
vn 0.545858 -0.566171 0.617649 
vn 0.577032 -0.595085 0.559382 
vn 0.60597 -0.621537 0.496479 
vn 0.631338 -0.644409 0.431451 
vn 0.653046 -0.66374 0.364663 
vn 0.67102 -0.679573 0.296499 
vn 0.685211 -0.691961 0.227321 
vn 0.695596 -0.700962 0.157473 
vn 0.702174 -0.706636 0.0872779 
vn 0.704966 -0.709036 0.0170471 
vn 0.704046 -0.708246 -0.0520308 
vn 0.699331 -0.704186 -0.122713 
vn 0.690812 -0.696822 -0.192917 
vn 0.678521 -0.686133 -0.262355 
vn 0.662508 -0.672095 -0.330713 
vn 0.668339 -0.628704 -0.397561 
vn 0.641352 -0.606469 -0.469961 
vn 0.616804 -0.631342 -0.470064 
vn 0.642846 -0.654685 -0.397663 
vn 0.586591 -0.603865 -0.539683 
vn 0.553936 -0.573705 -0.603339 
vn 0.516506 -0.538562 -0.665713 
vn 0.475795 -0.499669 -0.723844 
vn 0.432175 -0.45725 -0.777269 
vn 0.38601 -0.411543 -0.825608 
vn 0.337679 -0.362828 -0.868521 
vn 0.287574 -0.311422 -0.905714 
vn 0.236091 -0.257678 -0.936944 
vn 0.183626 -0.201976 -0.962022 
vn 0.13057 -0.144718 -0.98082 
vn 0.0773008 -0.0863182 -0.993264 
vn 0.0241823 -0.0271998 -0.999337 
vn -0.0240799 0.0272594 -0.999338 
vn -0.075954 0.0865658 -0.993347 
vn -0.126741 0.145385 -0.981224 
vn -0.176149 0.20331 -0.963139 
vn -0.223922 0.25996 -0.939297 
vn -0.269824 0.314976 -0.909937 
vn -0.313644 0.368017 -0.875323 
vn -0.355189 0.418768 -0.835748 
vn -0.394289 0.466937 -0.791521 
vn -0.430794 0.512257 -0.742974 
vn -0.464571 0.554484 -0.690449 
vn -0.495507 0.593404 -0.634306 
vn -0.52426 0.629785 -0.573168 
vn -0.549139 0.661423 -0.510848 
vn -0.570943 0.689271 -0.446014 
vn -0.589611 0.713202 -0.379081 
vn -0.605106 0.733127 -0.310437 
vn -0.617409 0.748986 -0.240469 
vn -0.626512 0.760743 -0.169564 
vn -0.632422 0.768386 -0.0981084 
vn -0.635159 0.771928 -0.0264816 
vn -0.635373 0.772205 2.58946e-15 
vn -0.577837 0.812954 0.0721737 
vn -0.573492 0.806445 0.144063 
vn -0.566259 0.795621 0.215264 
vn -0.556157 0.780531 0.285412 
vn -0.543218 0.761246 0.354145 
vn -0.52748 0.737858 0.421106 
vn -0.506774 0.707201 0.492997 
vn -0.48281 0.671882 0.561666 
vn -0.456743 0.633663 0.624385 
vn -0.426934 0.590214 0.68511 
vn -0.394352 0.543041 0.741345 
vn -0.359193 0.492515 0.792723 
vn -0.321643 0.43899 0.838948 
vn -0.281901 0.38284 0.879753 
vn -0.240182 0.324457 0.914899 
vn -0.196712 0.264246 0.944181 
vn -0.151734 0.202624 0.96743 
vn -0.105504 0.14002 0.984512 
vn -0.0582955 0.0768692 0.995336 
vn -0.0103921 0.013612 0.999853 
vn 0.0312919 -0.0407453 0.998679 
vn 0.0796748 -0.103019 0.991483 
vn 0.127885 -0.164178 0.978106 
vn 0.17559 -0.223795 0.958689 
vn 0.222466 -0.281482 0.933422 
vn 0.268191 -0.336878 0.902545 
vn 0.31245 -0.389651 0.866341 
vn 0.354939 -0.439509 0.825136 
vn 0.395371 -0.486198 0.77929 
vn 0.433475 -0.529508 0.729192 
vn 0.469008 -0.56927 0.67525 
vn 0.50175 -0.605362 0.617886 
vn 0.530542 -0.636651 0.559643 
vn 0.557286 -0.665331 0.496756 
vn 0.580746 -0.690176 0.43173 
vn 0.600835 -0.711212 0.36493 
vn 0.617478 -0.728469 0.296738 
vn 0.630624 -0.74199 0.227519 
vn 0.640247 -0.751825 0.157617 
vn 0.646345 -0.758028 0.087361 
vn 0.648933 -0.760654 0.0170636 
vn 0.64808 -0.759789 -0.0520809 
vn 0.643709 -0.755349 -0.122828 
vn 0.635813 -0.7473 -0.19309 
vn 0.624425 -0.735627 -0.262575 
vn 0.609595 -0.720315 -0.330967 
vn 0.591395 -0.701354 -0.397937 
vn 0.567304 -0.675976 -0.470343 
vn 0.539374 -0.646165 -0.53995 
vn 0.509209 -0.613509 -0.603583 
vn 0.47466 -0.575538 -0.665923 
vn 0.437112 -0.533605 -0.724016 
vn 0.396912 -0.487964 -0.777401 
vn 0.354399 -0.43888 -0.825703 
vn 0.309924 -0.386663 -0.868584 
vn 0.26385 -0.331657 -0.905752 
vn 0.216542 -0.274241 -0.936964 
vn 0.168365 -0.214824 -0.962031 
vn 0.119678 -0.15383 -0.980823 
vn 0.0708287 -0.0917 -0.993265 
vn 0.0221502 -0.0288795 -0.999337 
vn -0.0220496 0.0289287 -0.999338 
vn -0.0695266 0.0918206 -0.993345 
vn -0.115977 0.154136 -0.981219 
vn -0.161137 0.215449 -0.963129 
vn -0.204773 0.275363 -0.939278 
vn -0.246672 0.333502 -0.909906 
vn -0.286644 0.389514 -0.875279 
vn -0.324518 0.443072 -0.835689 
vn -0.360141 0.493872 -0.791448 
vn -0.393379 0.541639 -0.742886 
vn -0.424117 0.586123 -0.690351 
vn -0.452255 0.627103 -0.634198 
vn -0.478394 0.665392 -0.573056 
vn -0.501001 0.698676 -0.510735 
vn -0.520806 0.727963 -0.445905 
vn -0.537756 0.753121 -0.378981 
vn -0.551822 0.774065 -0.310349 
vn -0.562987 0.790731 -0.240397 
vn -0.571247 0.803083 -0.169512 
vn -0.576608 0.811113 -0.0980772 
vn -0.579091 0.814833 -0.0264731 
vn -0.579285 0.815125 0 
vn -0.521043 0.850475 0.0721537 
vn -0.517145 0.843693 0.144024 
vn -0.510654 0.832417 0.215208 
vn -0.501589 0.816694 0.285341 
vn -0.489974 0.796596 0.354062 
vn -0.475843 0.772217 0.421016 
vn -0.457245 0.740253 0.492903 
vn -0.43571 0.703416 0.561572 
vn -0.412275 0.663539 0.624295 
vn -0.385461 0.618187 0.685029 
vn -0.356137 0.568926 0.741276 
vn -0.324474 0.516136 0.792667 
vn -0.290637 0.460183 0.838905 
vn -0.254802 0.401452 0.879723 
vn -0.217159 0.340348 0.91488 
vn -0.17791 0.277288 0.944171 
vn -0.137274 0.212705 0.967426 
vn -0.0954796 0.147045 0.984511 
vn -0.0527727 0.0807602 0.995336 
vn -0.00941047 0.0143073 0.999853 
vn 0.0283435 -0.0428435 0.99868 
vn 0.072189 -0.108376 0.991485 
vn 0.115904 -0.172799 0.978114 
vn 0.159185 -0.235668 0.958708 
vn 0.201738 -0.296573 0.933459 
vn 0.243271 -0.355132 0.902607 
vn 0.283495 -0.410996 0.866437 
vn 0.322134 -0.46385 0.825271 
vn 0.358923 -0.513421 0.77947 
vn 0.393616 -0.559479 0.729417 
vn 0.425988 -0.601837 0.675519 
vn 0.455837 -0.640351 0.618193 
vn 0.482099 -0.673799 0.559978 
vn 0.50651 -0.704509 0.497106 
vn 0.527936 -0.731157 0.43208 
vn 0.546292 -0.753756 0.365262 
vn 0.561507 -0.772321 0.297035 
vn 0.573531 -0.786884 0.227764 
vn 0.582335 -0.797487 0.157796 
vn 0.587916 -0.80418 0.0874635 
vn 0.590284 -0.807015 0.0170839 
vn 0.589504 -0.806081 -0.0521425 
vn 0.585503 -0.801289 -0.12297 
vn 0.578279 -0.792608 -0.193304 
vn 0.567861 -0.780029 -0.262849 
vn 0.5543 -0.763546 -0.331284 
vn 0.537665 -0.743162 -0.39828 
vn 0.515657 -0.715921 -0.470696 
vn 0.49016 -0.68398 -0.540292 
vn 0.462639 -0.649055 -0.603898 
vn 0.431139 -0.608521 -0.666199 
vn 0.396929 -0.563841 -0.724245 
vn 0.360327 -0.515297 -0.777582 
vn 0.321643 -0.463183 -0.825837 
vn 0.2812 -0.40783 -0.868678 
vn 0.239327 -0.34961 -0.905812 
vn 0.196359 -0.288924 -0.936998 
vn 0.152628 -0.226203 -0.962048 
vn 0.10846 -0.161894 -0.98083 
vn 0.0641705 -0.0964593 -0.993266 
vn 0.0200619 -0.030364 -0.999338 
vn -0.0199653 0.0304031 -0.999338 
vn -0.0629352 0.0964586 -0.993345 
vn -0.10495 0.161855 -0.981218 
vn -0.145772 0.226151 -0.963123 
vn -0.18519 0.288934 -0.939267 
vn -0.223017 0.349817 -0.909886 
vn -0.25908 0.408435 -0.875248 
vn -0.293228 0.464451 -0.835645 
vn -0.325328 0.517554 -0.791391 
vn -0.355261 0.567461 -0.742817 
vn -0.382927 0.613916 -0.690271 
vn -0.408239 0.656693 -0.63411 
vn -0.431741 0.696645 -0.572962 
vn -0.452057 0.731363 -0.51064 
vn -0.469849 0.761901 -0.445812 
vn -0.485071 0.788128 -0.378895 
vn -0.497698 0.809955 -0.310273 
vn -0.507719 0.827322 -0.240335 
vn -0.51513 0.840192 -0.169466 
vn -0.519941 0.848556 -0.0980502 
vn -0.522168 0.852432 -0.0264657 
vn -0.522342 0.852736 0 
vn -0.463123 0.883353 0.0721356 
vn -0.459678 0.876335 0.143988 
vn -0.453942 0.864664 0.215156 
vn -0.445929 0.84839 0.285276 
vn -0.435659 0.827584 0.353987 
vn -0.42316 0.802341 0.420934 
vn -0.406703 0.769236 0.492817 
vn -0.387638 0.731074 0.561487 
vn -0.366879 0.68975 0.624215 
vn -0.343112 0.642735 0.684957 
vn -0.317103 0.591648 0.741214 
vn -0.289001 0.536876 0.792617 
vn -0.258947 0.478796 0.838868 
vn -0.227096 0.417804 0.879697 
vn -0.193612 0.354312 0.914865 
vn -0.158674 0.288752 0.944164 
vn -0.122473 0.22157 0.967423 
vn -0.0852147 0.153224 0.98451 
vn -0.0471151 0.084183 0.995336 
vn -0.00840441 0.0149191 0.999853 
vn 0.0253204 -0.04469 0.99868 
vn 0.0645101 -0.113091 0.991488 
vn 0.103607 -0.180391 0.978123 
vn 0.142339 -0.246126 0.958729 
vn 0.180442 -0.309869 0.9335 
vn 0.217652 -0.371222 0.902675 
vn 0.25371 -0.429816 0.866539 
vn 0.288366 -0.485321 0.825414 
vn 0.321382 -0.537446 0.779658 
vn 0.352534 -0.585942 0.729652 
vn 0.381618 -0.630606 0.675798 
vn 0.40845 -0.671277 0.618511 
vn 0.432072 -0.706648 0.560323 
vn 0.454039 -0.739172 0.497467 
vn 0.473331 -0.767433 0.43244 
vn 0.489867 -0.791432 0.365603 
vn 0.503579 -0.81117 0.297339 
vn 0.514419 -0.826669 0.228014 
vn 0.52236 -0.837964 0.157979 
vn 0.527393 -0.845097 0.0875681 
vn 0.52953 -0.848119 0.0171046 
vn 0.528826 -0.847123 -0.0522054 
vn 0.525217 -0.842015 -0.123115 
vn 0.518701 -0.832766 -0.193523 
vn 0.509307 -0.819372 -0.263128 
vn 0.497083 -0.801838 -0.331609 
vn 0.482094 -0.780178 -0.398633 
vn 0.462274 -0.75127 -0.471058 
vn 0.439324 -0.717425 -0.540644 
vn 0.414567 -0.680476 -0.604224 
vn 0.386247 -0.63766 -0.666485 
vn 0.355509 -0.590539 -0.724484 
vn 0.322641 -0.53942 -0.777772 
vn 0.287925 -0.48462 -0.82598 
vn 0.251651 -0.426494 -0.868778 
vn 0.214118 -0.365433 -0.905877 
vn 0.175624 -0.30186 -0.937036 
vn 0.13647 -0.236225 -0.962067 
vn 0.0969479 -0.168995 -0.980837 
vn 0.0573412 -0.100649 -0.993268 
vn 0.0179211 -0.0316704 -0.999338 
vn -0.0178294 0.0317003 -0.999338 
vn -0.0561837 0.100538 -0.993346 
vn -0.0936597 0.168644 -0.981217 
vn -0.130046 0.235559 -0.96312 
vn -0.165156 0.300862 -0.939258 
vn -0.198824 0.364153 -0.909869 
vn -0.230899 0.425057 -0.875221 
vn -0.26125 0.483228 -0.835607 
vn -0.289759 0.538348 -0.791341 
vn -0.316327 0.590128 -0.742756 
vn -0.340865 0.638307 -0.690199 
vn -0.363302 0.682654 -0.634031 
vn -0.384122 0.724059 -0.572878 
vn -0.402111 0.760027 -0.510554 
vn -0.417857 0.791658 -0.445729 
vn -0.431322 0.818816 -0.378817 
vn -0.442489 0.841414 -0.310204 
vn -0.451347 0.85939 -0.240278 
vn -0.457898 0.872711 -0.169425 
vn -0.462149 0.881368 -0.0980257 
vn -0.464117 0.885379 -0.026459 
vn -0.464271 0.885693 1.32251e-15 
vn -0.40458 0.911655 0.0721073 
vn -0.401589 0.904439 0.143933 
vn -0.396607 0.892438 0.215077 
vn -0.389645 0.8757 0.285176 
vn -0.380721 0.854299 0.353871 
vn -0.369856 0.828329 0.420806 
vn -0.355543 0.794262 0.492683 
vn -0.338954 0.754978 0.561354 
vn -0.32088 0.712425 0.624089 
vn -0.300174 0.663992 0.684843 
vn -0.277499 0.611344 0.741116 
vn -0.252981 0.554873 0.792538 
vn -0.226742 0.494964 0.838808 
vn -0.198913 0.43202 0.879655 
vn -0.169636 0.366463 0.914838 
vn -0.139067 0.298736 0.944149 
vn -0.107372 0.229295 0.967417 
vn -0.0747287 0.158613 0.984509 
vn -0.041329 0.0871703 0.995336 
vn -0.00737426 0.0154534 0.999853 
vn 0.0222218 -0.0463034 0.99868 
vn 0.0566293 -0.117213 0.991491 
vn 0.0909712 -0.187032 0.978133 
vn 0.125007 -0.255279 0.958752 
vn 0.158504 -0.321515 0.933544 
vn 0.191229 -0.385324 0.90275 
vn 0.222953 -0.446325 0.866652 
vn 0.253455 -0.50417 0.825574 
vn 0.282525 -0.558555 0.779869 
vn 0.309965 -0.609216 0.729917 
vn 0.335594 -0.655932 0.676114 
vn 0.359249 -0.698527 0.61887 
vn 0.380083 -0.735621 0.560713 
vn 0.399466 -0.769772 0.497873 
vn 0.416494 -0.799486 0.432844 
vn 0.431097 -0.824748 0.365986 
vn 0.44321 -0.845548 0.29768 
vn 0.452788 -0.861896 0.228295 
vn 0.459806 -0.873817 0.158184 
vn 0.464256 -0.88135 0.0876853 
vn 0.466145 -0.884542 0.0171278 
vn 0.465523 -0.883491 -0.052276 
vn 0.462332 -0.878095 -0.123278 
vn 0.456572 -0.868329 -0.193768 
vn 0.448271 -0.854197 -0.263442 
vn 0.437471 -0.835711 -0.331973 
vn 0.424232 -0.812898 -0.399029 
vn 0.406734 -0.782488 -0.471466 
vn 0.386481 -0.746933 -0.54104 
vn 0.364644 -0.70817 -0.604591 
vn 0.339675 -0.663316 -0.666808 
vn 0.312586 -0.61402 -0.724755 
vn 0.283634 -0.560616 -0.777986 
vn 0.253067 -0.503439 -0.826139 
vn 0.221141 -0.442864 -0.868889 
vn 0.18812 -0.379301 -0.905948 
vn 0.154268 -0.31319 -0.937077 
vn 0.119849 -0.244997 -0.962088 
vn 0.0851209 -0.175206 -0.980845 
vn 0.050334 -0.104311 -0.99327 
vn 0.0157272 -0.0328117 -0.999338 
vn -0.015643 0.032833 -0.999338 
vn -0.0492807 0.104098 -0.993345 
vn -0.0821293 0.174564 -0.981215 
vn -0.114003 0.243759 -0.963112 
vn -0.14474 0.311249 -0.939241 
vn -0.174195 0.376626 -0.90984 
vn -0.202237 0.439506 -0.875177 
vn -0.228753 0.499536 -0.835545 
vn -0.253643 0.556391 -0.791261 
vn -0.276821 0.609777 -0.742659 
vn -0.298215 0.65943 -0.690087 
vn -0.317764 0.705116 -0.633906 
vn -0.335894 0.747755 -0.572746 
vn -0.351549 0.784783 -0.51042 
vn -0.365245 0.817336 -0.445598 
vn -0.376952 0.84528 -0.378695 
vn -0.386656 0.868526 -0.310097 
vn -0.394353 0.887014 -0.240191 
vn -0.400043 0.900712 -0.16936 
vn -0.403734 0.909614 -0.0979875 
vn -0.405443 0.913738 -0.0264486 
vn -0.405577 0.914061 5.20754e-15 
vn -0.34573 0.935561 0.0720804 
vn -0.343192 0.92818 0.143881 
vn -0.338964 0.915903 0.215001 
vn -0.333055 0.898779 0.28508 
vn -0.325477 0.87688 0.35376 
vn -0.316247 0.850301 0.420685 
vn -0.304082 0.815427 0.492557 
vn -0.289972 0.775202 0.56123 
vn -0.274589 0.731615 0.623972 
vn -0.256952 0.68199 0.684737 
vn -0.237623 0.628025 0.741026 
vn -0.216705 0.57012 0.792465 
vn -0.194299 0.508665 0.838753 
vn -0.170515 0.44407 0.879617 
vn -0.145473 0.376765 0.914815 
vn -0.119302 0.307202 0.944137 
vn -0.0921452 0.235847 0.967412 
vn -0.0641544 0.163184 0.984508 
vn -0.0354932 0.0897037 0.995336 
vn -0.00633511 0.0159064 0.999853 
vn 0.0190957 -0.0476716 0.998681 
vn 0.0486781 -0.120709 0.991494 
vn 0.0782215 -0.192662 0.978142 
vn 0.107518 -0.26304 0.958775 
vn 0.136366 -0.331387 0.933588 
vn 0.164562 -0.397278 0.902823 
vn 0.19191 -0.460317 0.866763 
vn 0.218218 -0.520147 0.825729 
vn 0.243302 -0.576448 0.780072 
vn 0.266991 -0.628944 0.730168 
vn 0.289127 -0.677401 0.676412 
vn 0.309568 -0.72163 0.619207 
vn 0.327579 -0.760187 0.561078 
vn 0.344344 -0.795721 0.498252 
vn 0.359078 -0.82667 0.43322 
vn 0.371719 -0.853006 0.366341 
vn 0.382208 -0.874709 0.297996 
vn 0.390505 -0.891778 0.228555 
vn 0.396585 -0.904233 0.158373 
vn 0.400441 -0.912107 0.0877934 
vn 0.402078 -0.915445 0.0171492 
vn 0.401539 -0.914345 -0.052341 
vn 0.398774 -0.908705 -0.123428 
vn 0.393783 -0.898499 -0.193994 
vn 0.386591 -0.883738 -0.263732 
vn 0.377238 -0.864443 -0.332311 
vn 0.365776 -0.840649 -0.399397 
vn 0.350632 -0.808962 -0.471846 
vn 0.333112 -0.771952 -0.541411 
vn 0.314231 -0.73165 -0.604936 
vn 0.292653 -0.685065 -0.667113 
vn 0.269254 -0.633925 -0.725011 
vn 0.244259 -0.578582 -0.77819 
vn 0.217883 -0.51939 -0.826293 
vn 0.190348 -0.45674 -0.868997 
vn 0.161883 -0.391056 -0.906018 
vn 0.132717 -0.322794 -0.937118 
vn 0.103077 -0.252433 -0.962108 
vn 0.0731875 -0.180471 -0.980854 
vn 0.0432643 -0.107416 -0.993272 
vn 0.0135139 -0.0337796 -0.999338 
vn -0.0134376 0.0337936 -0.999338 
vn -0.0423186 0.107118 -0.993345 
vn -0.0705022 0.179584 -0.981213 
vn -0.0978292 0.250712 -0.963106 
vn -0.124161 0.320057 -0.939227 
vn -0.149373 0.387201 -0.909815 
vn -0.173357 0.451754 -0.875137 
vn -0.196017 0.513356 -0.835489 
vn -0.21727 0.571677 -0.791188 
vn -0.237045 0.626419 -0.742569 
vn -0.255284 0.677314 -0.689983 
vn -0.271936 0.724127 -0.63379 
vn -0.287368 0.767804 -0.572622 
vn -0.300685 0.805723 -0.510294 
vn -0.312328 0.839049 -0.445475 
vn -0.322275 0.867649 -0.37858 
vn -0.330517 0.891438 -0.309996 
vn -0.337051 0.910354 -0.240108 
vn -0.34188 0.924368 -0.169299 
vn -0.345012 0.933473 -0.0979512 
vn -0.346462 0.937691 -0.0264387 
vn -0.346576 0.938022 6.3313e-15 
vn -0.286167 0.955468 0.0720437 
vn -0.284085 0.947953 0.143809 
vn -0.280617 0.935453 0.214897 
vn -0.275768 0.918017 0.28495 
vn -0.269546 0.895716 0.353608 
vn -0.261964 0.868643 0.420518 
vn -0.251964 0.833111 0.492381 
vn -0.240356 0.792116 0.561054 
vn -0.227688 0.747681 0.623804 
vn -0.213151 0.697073 0.684584 
vn -0.197202 0.642019 0.740893 
vn -0.179924 0.582924 0.792355 
vn -0.161396 0.520181 0.838668 
vn -0.141707 0.454206 0.879555 
vn -0.120953 0.385436 0.914773 
vn -0.0992404 0.314331 0.944112 
vn -0.076686 0.241367 0.967399 
vn -0.0534157 0.167035 0.984503 
vn -0.0295652 0.091839 0.995335 
vn -0.00527932 0.0162883 0.999853 
vn 0.015919 -0.0488247 0.99868 
vn 0.0405963 -0.123654 0.991495 
vn 0.0652597 -0.197406 0.978147 
vn 0.0897343 -0.269577 0.958789 
vn 0.11385 -0.339701 0.933617 
vn 0.137436 -0.407343 0.902875 
vn 0.160326 -0.472096 0.866845 
vn 0.182358 -0.533593 0.825848 
vn 0.203377 -0.591503 0.780232 
vn 0.223239 -0.645541 0.73037 
vn 0.241808 -0.695462 0.676654 
vn 0.258964 -0.741065 0.619484 
vn 0.274088 -0.780851 0.56138 
vn 0.288173 -0.817549 0.498568 
vn 0.300557 -0.849536 0.433536 
vn 0.311186 -0.876777 0.36664 
vn 0.320008 -0.899241 0.298263 
vn 0.326989 -0.916919 0.228774 
vn 0.332107 -0.929824 0.158533 
vn 0.335353 -0.937984 0.0878852 
vn 0.336731 -0.941444 0.0171674 
vn 0.336277 -0.940305 -0.0523962 
vn 0.333949 -0.934458 -0.123555 
vn 0.329748 -0.923882 -0.194186 
vn 0.323696 -0.908591 -0.263977 
vn 0.315828 -0.888613 -0.332596 
vn 0.306188 -0.863993 -0.399706 
vn 0.293457 -0.831231 -0.472163 
vn 0.278736 -0.792998 -0.541719 
vn 0.262879 -0.7514 -0.605221 
vn 0.244766 -0.703361 -0.667362 
vn 0.225137 -0.650672 -0.725217 
vn 0.20418 -0.5937 -0.778351 
vn 0.182078 -0.532815 -0.826411 
vn 0.159018 -0.46842 -0.869077 
vn 0.135194 -0.400954 -0.906068 
vn 0.110798 -0.330883 -0.937145 
vn 0.0860231 -0.258698 -0.96212 
vn 0.0610559 -0.184909 -0.980857 
vn 0.0360788 -0.110033 -0.993273 
vn 0.0112649 -0.0345954 -0.999338 
vn -0.0111969 0.0346033 -0.999338 
vn -0.035247 0.109662 -0.993344 
vn -0.058695 0.183815 -0.981207 
vn -0.0814085 0.256569 -0.963091 
vn -0.103273 0.327473 -0.9392 
vn -0.124187 0.396101 -0.90977 
vn -0.144061 0.462056 -0.875072 
vn -0.162817 0.524971 -0.835402 
vn -0.180391 0.584513 -0.791078 
vn -0.196725 0.64038 -0.742437 
vn -0.211775 0.692304 -0.689831 
vn -0.225503 0.740046 -0.633625 
vn -0.238212 0.784575 -0.572448 
vn -0.24917 0.823222 -0.510117 
vn -0.258744 0.857179 -0.445304 
vn -0.266917 0.886314 -0.378422 
vn -0.273685 0.910541 -0.309857 
vn -0.279047 0.929804 -0.239994 
vn -0.283009 0.944072 -0.169216 
vn -0.285578 0.953342 -0.0979016 
vn -0.286767 0.957636 -0.0264252 
vn -0.28686 0.957972 3.546e-15 
vn -0.227627 0.971083 0.0719977 
vn -0.225989 0.96347 0.143719 
vn -0.223258 0.950805 0.214767 
vn -0.219438 0.933137 0.284785 
vn -0.214535 0.910534 0.353417 
vn -0.208555 0.883089 0.420308 
vn -0.200662 0.847061 0.492161 
vn -0.191492 0.805479 0.560834 
vn -0.181474 0.760393 0.623594 
vn -0.169964 0.709027 0.684393 
vn -0.157322 0.653127 0.740726 
vn -0.143609 0.593101 0.792217 
vn -0.128886 0.529346 0.838559 
vn -0.11322 0.462281 0.879475 
vn -0.0966876 0.392351 0.91472 
vn -0.0793713 0.320021 0.94408 
vn -0.061363 0.245774 0.967383 
vn -0.0427631 0.170112 0.984496 
vn -0.0236801 0.093545 0.995333 
vn -0.00423032 0.0165935 0.999853 
vn 0.0127606 -0.0497461 0.99868 
vn 0.0325551 -0.126008 0.991495 
vn 0.0523535 -0.201197 0.978151 
vn 0.0720142 -0.2748 0.958801 
vn 0.091399 -0.346345 0.933644 
vn 0.11037 -0.415386 0.902925 
vn 0.128792 -0.481511 0.866925 
vn 0.146533 -0.544344 0.825965 
vn 0.163468 -0.603547 0.78039 
vn 0.179479 -0.658827 0.730572 
vn 0.194455 -0.709928 0.676896 
vn 0.208299 -0.756642 0.619762 
vn 0.220509 -0.797426 0.561682 
vn 0.231884 -0.835071 0.498885 
vn 0.241891 -0.867906 0.433852 
vn 0.250482 -0.895887 0.366939 
vn 0.257616 -0.918975 0.29853 
vn 0.263262 -0.937152 0.228994 
vn 0.267402 -0.950428 0.158693 
vn 0.270028 -0.958825 0.0879768 
vn 0.271144 -0.962385 0.0171855 
vn 0.270776 -0.961212 -0.0524513 
vn 0.268893 -0.955196 -0.123682 
vn 0.265494 -0.944315 -0.194377 
vn 0.260599 -0.928588 -0.264222 
vn 0.254235 -0.90805 -0.332881 
vn 0.246442 -0.882754 -0.400015 
vn 0.236154 -0.849113 -0.472482 
vn 0.224262 -0.809884 -0.542028 
vn 0.211459 -0.767234 -0.605505 
vn 0.196842 -0.718018 -0.667611 
vn 0.18101 -0.664076 -0.725423 
vn 0.164115 -0.605794 -0.778511 
vn 0.146308 -0.543549 -0.826528 
vn 0.127739 -0.477756 -0.869156 
vn 0.108567 -0.408863 -0.906115 
vn 0.0889456 -0.337346 -0.937169 
vn 0.069032 -0.263703 -0.962131 
vn 0.0489779 -0.188454 -0.98086 
vn 0.0289303 -0.112125 -0.993273 
vn 0.0090292 -0.0352472 -0.999338 
vn -0.00897117 0.0352502 -0.999338 
vn -0.0282278 0.111695 -0.993341 
vn -0.0469844 0.187194 -0.981199 
vn -0.0651353 0.261246 -0.963072 
vn -0.0825891 0.333392 -0.939164 
vn -0.0992653 0.403198 -0.909713 
vn -0.115094 0.470262 -0.87499 
vn -0.130016 0.534214 -0.835291 
vn -0.143979 0.594715 -0.790938 
vn -0.156943 0.651463 -0.74227 
vn -0.168874 0.704185 -0.689641 
vn -0.179744 0.752646 -0.633417 
vn -0.189797 0.797829 -0.572229 
vn -0.198456 0.837031 -0.509896 
vn -0.206014 0.871467 -0.445089 
vn -0.212462 0.901004 -0.378223 
vn -0.217797 0.92556 -0.309682 
vn -0.222022 0.945081 -0.239851 
vn -0.225141 0.959538 -0.169111 
vn -0.227164 0.968929 -0.0978394 
vn -0.2281 0.97328 -0.0264082 
vn -0.228173 0.973621 1.29994e-15 
vn -0.169348 0.982925 0.071973 
vn -0.168143 0.975237 0.143671 
vn -0.166133 0.962447 0.214699 
vn -0.163322 0.944601 0.2847 
vn -0.15971 0.921769 0.35332 
vn -0.155302 0.894041 0.420205 
vn -0.149479 0.857633 0.492058 
vn -0.142706 0.815604 0.560737 
vn -0.135299 0.770021 0.623507 
vn -0.126779 0.718075 0.684321 
vn -0.117409 0.661529 0.740672 
vn -0.107231 0.600792 0.792181 
vn -0.0962896 0.536266 0.838539 
vn -0.0846323 0.468373 0.879468 
vn -0.0723137 0.397562 0.914722 
vn -0.0593949 0.324303 0.944087 
vn -0.0459436 0.249088 0.96739 
vn -0.0320342 0.172423 0.984502 
vn -0.017748 0.0948255 0.995336 
vn -0.00317215 0.0168224 0.999853 
vn 0.0095726 -0.0504373 0.998681 
vn 0.0244331 -0.127774 0.991502 
vn 0.0393093 -0.204042 0.978173 
vn 0.0540943 -0.278724 0.958847 
vn 0.0686834 -0.351342 0.933725 
vn 0.0829719 -0.421447 0.903049 
vn 0.0968569 -0.488621 0.867103 
vn 0.110238 -0.552484 0.826202 
vn 0.123021 -0.612692 0.780688 
vn 0.135113 -0.668944 0.73093 
vn 0.146432 -0.72098 0.677308 
vn 0.156902 -0.768579 0.620216 
vn 0.166141 -0.810167 0.562163 
vn 0.174754 -0.848579 0.499375 
vn 0.182335 -0.882106 0.434331 
vn 0.188846 -0.910695 0.367385 
vn 0.194256 -0.934297 0.298922 
vn 0.198539 -0.952889 0.229314 
vn 0.20168 -0.966472 0.158925 
vn 0.203673 -0.975066 0.0881087 
vn 0.204519 -0.978711 0.0172116 
vn 0.20424 -0.97751 -0.0525306 
vn 0.202811 -0.971352 -0.123865 
vn 0.200232 -0.960217 -0.194655 
vn 0.196518 -0.944128 -0.26458 
vn 0.191692 -0.923127 -0.333303 
vn 0.185784 -0.897274 -0.40048 
vn 0.177988 -0.862914 -0.47297 
vn 0.168982 -0.822876 -0.542513 
vn 0.159292 -0.779377 -0.605968 
vn 0.148237 -0.72922 -0.66803 
vn 0.13627 -0.674288 -0.725787 
vn 0.123509 -0.614977 -0.778812 
vn 0.110068 -0.551676 -0.826764 
vn 0.0960632 -0.484806 -0.86933 
vn 0.081613 -0.414822 -0.906235 
vn 0.0668363 -0.342206 -0.937245 
vn 0.051851 -0.267463 -0.962172 
vn 0.0367721 -0.191114 -0.980879 
vn 0.0217108 -0.113693 -0.993279 
vn 0.00677282 -0.0357361 -0.999338 
vn -0.00672633 0.0357356 -0.999339 
vn -0.021154 0.113222 -0.993345 
vn -0.0351924 0.189732 -0.981205 
vn -0.0487626 0.264763 -0.96308 
vn -0.0617967 0.337847 -0.93917 
vn -0.0742354 0.408546 -0.909714 
vn -0.0860276 0.476453 -0.874981 
vn -0.0971299 0.541193 -0.83527 
vn -0.107506 0.602426 -0.790902 
vn -0.117128 0.659845 -0.742217 
vn -0.125972 0.713178 -0.689571 
vn -0.13402 0.762187 -0.633332 
vn -0.141454 0.80787 -0.572133 
vn -0.147851 0.847497 -0.509793 
vn -0.153428 0.882297 -0.444985 
vn -0.158182 0.912141 -0.378123 
vn -0.162113 0.936948 -0.309592 
vn -0.165224 0.956665 -0.239776 
vn -0.16752 0.971266 -0.169055 
vn -0.169007 0.98075 -0.0978061 
vn -0.169696 0.985143 -0.026399 
vn -0.16975 0.985487 -2.32369e-15 
vn -0.100924 0.992287 0.0719737 
vn -0.100234 0.984536 0.143673 
vn -0.0990817 0.971641 0.214703 
vn -0.097467 0.953647 0.284707 
vn -0.0953891 0.930622 0.353332 
vn -0.0928476 0.902659 0.420222 
vn -0.0894805 0.865937 0.492083 
vn -0.0855506 0.82354 0.56077 
vn -0.0812368 0.777552 0.623549 
vn -0.0762547 0.725136 0.684371 
vn -0.0707515 0.66807 0.740727 
vn -0.064747 0.606767 0.792238 
vn -0.0582613 0.541629 0.838596 
vn -0.051318 0.473083 0.879522 
vn -0.0439451 0.401583 0.914768 
vn -0.0361752 0.327602 0.944123 
vn -0.0280458 0.251637 0.967415 
vn -0.0195993 0.174198 0.984516 
vn -0.0108832 0.0958082 0.99534 
vn -0.00194953 0.016998 0.999854 
vn 0.0058943 -0.0509671 0.998683 
vn 0.0150771 -0.129127 0.991513 
vn 0.0243082 -0.206224 0.978203 
vn 0.0335195 -0.281734 0.958907 
vn 0.0426438 -0.35518 0.933825 
vn 0.051613 -0.426107 0.903199 
vn 0.0603595 -0.494096 0.86731 
vn 0.0688167 -0.55876 0.826469 
vn 0.0769206 -0.619754 0.781017 
vn 0.0846098 -0.67677 0.731316 
vn 0.091827 -0.729541 0.677744 
vn 0.0985193 -0.777842 0.62069 
vn 0.104439 -0.820066 0.562658 
vn 0.109969 -0.859088 0.499874 
vn 0.114845 -0.893167 0.434814 
vn 0.11904 -0.922241 0.367832 
vn 0.12253 -0.946255 0.299312 
vn 0.125296 -0.965179 0.22963 
vn 0.127327 -0.979009 0.159153 
vn 0.128616 -0.987761 0.0882385 
vn 0.129164 -0.991473 0.0172372 
vn 0.128983 -0.99025 -0.0526085 
vn 0.128058 -0.983979 -0.124046 
vn 0.126391 -0.97264 -0.19493 
vn 0.123991 -0.956261 -0.264936 
vn 0.120875 -0.934889 -0.333723 
vn 0.117066 -0.908591 -0.400947 
vn 0.112048 -0.873657 -0.473465 
vn 0.106262 -0.832974 -0.543012 
vn 0.10005 -0.788803 -0.606448 
vn 0.0929793 -0.737901 -0.668474 
vn 0.0853463 -0.682188 -0.726178 
vn 0.0772307 -0.62207 -0.779143 
vn 0.0687089 -0.557942 -0.827031 
vn 0.0598587 -0.490234 -0.869533 
vn 0.0507586 -0.419404 -0.90638 
vn 0.0414867 -0.345939 -0.937339 
vn 0.0321195 -0.270347 -0.962227 
vn 0.0227311 -0.193154 -0.980905 
vn 0.013392 -0.114896 -0.993287 
vn 0.00416861 -0.036111 -0.999339 
vn -0.00413162 0.0361079 -0.999339 
vn -0.0129648 0.114393 -0.993351 
vn -0.0215206 0.191683 -0.981221 
vn -0.0297527 0.267469 -0.963107 
vn -0.0376226 0.34128 -0.939208 
vn -0.0450976 0.412675 -0.909761 
vn -0.0521508 0.481242 -0.875035 
vn -0.0587604 0.546603 -0.835327 
vn -0.0649098 0.608416 -0.790959 
vn -0.0705863 0.666371 -0.742272 
vn -0.0757814 0.720194 -0.689621 
vn -0.0804899 0.769647 -0.633375 
vn -0.0848226 0.815738 -0.572168 
vn -0.0885369 0.855713 -0.509821 
vn -0.0917652 0.890814 -0.445005 
vn -0.0945089 0.920913 -0.378137 
vn -0.096772 0.94593 -0.309601 
vn -0.0985595 0.965811 -0.239781 
vn -0.0998766 0.980533 -0.169058 
vn -0.100729 0.990095 -0.0978072 
vn -0.101123 0.994524 -0.0263993 
vn -0.101154 0.994871 -5.37978e-15 
vn -0.0310543 0.996926 0.0719272 
vn -0.0308925 0.989156 0.143582 
vn -0.0306204 0.976228 0.214571 
vn -0.0302348 0.958187 0.284542 
vn -0.0297316 0.935099 0.353138 
vn -0.0291055 0.907053 0.42001 
vn -0.0282583 0.870216 0.49186 
vn -0.0272449 0.827674 0.560547 
vn -0.0261029 0.781519 0.623335 
vn -0.0247472 0.728899 0.684174 
vn -0.0232055 0.671595 0.740555 
vn -0.0214728 0.61002 0.792095 
vn -0.0195449 0.544578 0.838483 
vn -0.0174191 0.475696 0.879437 
vn -0.0150955 0.40383 0.914709 
vn -0.0125765 0.329458 0.944087 
vn -0.00986782 0.253078 0.967396 
vn -0.0069784 0.175205 0.984507 
vn -0.00392063 0.0963669 0.995338 
vn -0.000710412 0.0170979 0.999854 
vn 0.00216873 -0.0512686 0.998683 
vn 0.005608 -0.129897 0.991512 
vn 0.00913664 -0.207461 0.978201 
vn 0.0127259 -0.283438 0.958906 
vn 0.0163455 -0.357344 0.93383 
vn 0.0199635 -0.428726 0.903214 
vn 0.0235468 -0.49716 0.867339 
vn 0.0270617 -0.562261 0.826517 
vn 0.0304746 -0.623678 0.781087 
vn 0.0337522 -0.681103 0.731409 
vn 0.0368627 -0.734267 0.677859 
vn 0.0397759 -0.78294 0.620824 
vn 0.0423754 -0.825501 0.562808 
vn 0.0448226 -0.864846 0.500032 
vn 0.0469955 -0.899216 0.434973 
vn 0.0488761 -0.928547 0.367984 
vn 0.0504483 -0.952778 0.299448 
vn 0.0516994 -0.971877 0.229743 
vn 0.0526207 -0.985837 0.159235 
vn 0.0532067 -0.994673 0.0882855 
vn 0.053456 -0.998421 0.0172465 
vn 0.0533738 -0.997186 -0.0526368 
vn 0.0529531 -0.990854 -0.124111 
vn 0.0521957 -0.979408 -0.195028 
vn 0.0511085 -0.962876 -0.265061 
vn 0.049702 -0.941308 -0.333868 
vn 0.04799 -0.914775 -0.401104 
vn 0.0457474 -0.879538 -0.473624 
vn 0.0431801 -0.838515 -0.543165 
vn 0.0404459 -0.793987 -0.606587 
vn 0.0373624 -0.74269 -0.668592 
vn 0.0340682 -0.686561 -0.726273 
vn 0.030606 -0.62601 -0.779214 
vn 0.0270166 -0.561437 -0.827078 
vn 0.0233402 -0.493273 -0.869562 
vn 0.0196163 -0.421979 -0.906393 
vn 0.015883 -0.348045 -0.937343 
vn 0.0121761 -0.27198 -0.962226 
vn 0.00852886 -0.194312 -0.980903 
vn 0.00497148 -0.115579 -0.993286 
vn 0.00153058 -0.0363243 -0.999339 
vn -0.00150143 0.0363197 -0.999339 
vn -0.00465773 0.115059 -0.993348 
vn -0.00764217 0.192789 -0.981211 
vn -0.0104426 0.268997 -0.963084 
vn -0.013051 0.343209 -0.939168 
vn -0.0154631 0.41498 -0.909699 
vn -0.0176774 0.483896 -0.874947 
vn -0.0196953 0.549576 -0.835211 
vn -0.0215205 0.611677 -0.790815 
vn -0.0231585 0.669888 -0.742101 
vn -0.0246164 0.723937 -0.689427 
vn -0.0259022 0.773585 -0.633164 
vn -0.0270543 0.819845 -0.571945 
vn -0.0280173 0.859957 -0.509596 
vn -0.0288353 0.895172 -0.444788 
vn -0.0295161 0.925361 -0.377935 
vn -0.0300674 0.950449 -0.309424 
vn -0.0304962 0.970384 -0.239636 
vn -0.0308084 0.985143 -0.168952 
vn -0.0310087 0.994728 -0.0977443 
vn -0.0311008 0.999168 -0.0263821 
vn -0.031108 0.999516 -2.66997e-15 
vn 0.0242859 0.997121 0.0718394 
vn 0.0240377 0.989371 0.14341 
vn 0.0236266 0.976477 0.214322 
vn 0.0230573 0.95848 0.284226 
vn 0.022336 0.935444 0.352768 
vn 0.0214708 0.907455 0.419601 
vn 0.0203528 0.870682 0.491425 
vn 0.0190874 0.8282 0.560107 
vn 0.0177458 0.782094 0.622908 
vn 0.016256 0.729511 0.683776 
vn 0.0146818 0.672227 0.740199 
vn 0.0130463 0.610654 0.79179 
vn 0.0113717 0.545192 0.838234 
vn 0.00967992 0.47627 0.879246 
vn 0.00799257 0.404344 0.914572 
vn 0.00633012 0.329895 0.943996 
vn 0.00471179 0.253424 0.967344 
vn 0.00315511 0.17545 0.984483 
vn 0.00167561 0.0965031 0.995331 
vn 0.000286576 0.0171222 0.999853 
vn -0.000831438 -0.0513412 0.998681 
vn -0.00202487 -0.130079 0.991502 
vn -0.00310434 -0.207749 0.978177 
vn -0.00406643 -0.283826 0.958867 
vn -0.00491066 -0.357827 0.933775 
vn -0.00563905 -0.429296 0.903146 
vn -0.00625591 -0.497813 0.867262 
vn -0.00676754 -0.562992 0.826435 
vn -0.00718194 -0.624483 0.781005 
vn -0.00750844 -0.68198 0.731332 
vn -0.00775731 -0.735213 0.677792 
vn -0.0079394 -0.783954 0.620768 
vn -0.00806221 -0.826578 0.562764 
vn -0.00814505 -0.865986 0.500001 
vn -0.00819296 -0.900415 0.434954 
vn -0.00821556 -0.9298 0.367974 
vn -0.0082214 -0.954078 0.299446 
vn -0.00821773 -0.973216 0.229744 
vn -0.0082104 -0.987206 0.159238 
vn -0.00820372 -0.996061 0.0882878 
vn -0.0082004 -0.999818 0.017247 
vn -0.00820153 -0.99858 -0.0526383 
vn -0.0082068 -0.992234 -0.124114 
vn -0.00821426 -0.980763 -0.19503 
vn -0.00822037 -0.964197 -0.265061 
vn -0.00822009 -0.942586 -0.333863 
vn -0.00820706 -0.916002 -0.40109 
vn -0.00816834 -0.880703 -0.473599 
vn -0.00809289 -0.839613 -0.543125 
vn -0.00797457 -0.795017 -0.606534 
vn -0.00779197 -0.743648 -0.668526 
vn -0.00753637 -0.687445 -0.726197 
vn -0.00719635 -0.626818 -0.779132 
vn -0.00676152 -0.562167 -0.826996 
vn -0.00622302 -0.493921 -0.869485 
vn -0.0055739 -0.422541 -0.906326 
vn -0.00480945 -0.348516 -0.937291 
vn -0.00392743 -0.272354 -0.962189 
vn -0.00292823 -0.194583 -0.980882 
vn -0.00181496 -0.115742 -0.993278 
vn -0.000593407 -0.0363758 -0.999338 
vn 0.000614285 0.0363712 -0.999338 
vn 0.00201758 0.115221 -0.993338 
vn 0.00349836 0.193057 -0.981181 
vn 0.00504163 0.269363 -0.963026 
vn 0.00663107 0.343661 -0.93907 
vn 0.00824914 0.415504 -0.909554 
vn 0.00987748 0.484475 -0.874749 
vn 0.0114972 0.550192 -0.834959 
vn 0.0130895 0.61231 -0.790509 
vn 0.0146357 0.670521 -0.741746 
vn 0.0161177 0.724551 -0.689032 
vn 0.0175184 0.774166 -0.63274 
vn 0.0188575 0.82038 -0.571507 
vn 0.0200451 0.860439 -0.509159 
vn 0.021108 0.895596 -0.444368 
vn 0.0220343 0.925727 -0.377549 
vn 0.0228147 0.95076 -0.309087 
vn 0.0234417 0.970647 -0.239362 
vn 0.0239098 0.985369 -0.168752 
vn 0.0242156 0.994929 -0.0976257 
vn 0.0243577 0.999356 -0.0263498 
vn 0.0243689 0.999703 -5.79958e-15 
vn 0.0733079 0.994721 0.0718101 
vn 0.0726975 0.986998 0.143353 
vn 0.0716832 0.974147 0.214241 
vn 0.0702705 0.956209 0.284123 
vn 0.0684672 0.933247 0.35265 
vn 0.0662839 0.905345 0.419473 
vn 0.0634281 0.868681 0.491294 
vn 0.0601468 0.826321 0.559979 
vn 0.0566073 0.78034 0.622789 
vn 0.052598 0.727892 0.683671 
vn 0.0482638 0.67075 0.740112 
vn 0.0436436 0.609321 0.791721 
vn 0.0387757 0.544008 0.838184 
vn 0.0336996 0.475237 0.879212 
vn 0.0284558 0.403467 0.914552 
vn 0.0230857 0.329177 0.943986 
vn 0.017631 0.252869 0.96734 
vn 0.0121332 0.175062 0.984483 
vn 0.00663281 0.096288 0.995331 
vn 0.00116953 0.0170836 0.999853 
vn -0.00348789 -0.0512247 0.998681 
vn -0.00878153 -0.129781 0.991504 
vn -0.0139372 -0.20727 0.978184 
vn -0.0189228 -0.283168 0.958884 
vn -0.0237109 -0.356994 0.933806 
vn -0.028277 -0.428297 0.903195 
vn -0.0326004 -0.496659 0.867334 
vn -0.0366632 -0.561694 0.826532 
vn -0.0404513 -0.623057 0.78113 
vn -0.0439533 -0.680442 0.731483 
vn -0.0471607 -0.733579 0.677966 
vn -0.0500677 -0.782241 0.620961 
vn -0.0525864 -0.824804 0.562968 
vn -0.0548952 -0.864162 0.50021 
vn -0.0568966 -0.898554 0.435158 
vn -0.058593 -0.927913 0.368165 
vn -0.0599864 -0.952173 0.299613 
vn -0.0610796 -0.9713 0.22988 
vn -0.0618758 -0.985283 0.159337 
vn -0.0623784 -0.994135 0.088344 
vn -0.0625913 -0.99789 0.0172581 
vn -0.0625212 -0.996653 -0.0526721 
vn -0.0621613 -0.990309 -0.124192 
vn -0.0615094 -0.978843 -0.195149 
vn -0.060565 -0.962285 -0.265214 
vn -0.0593278 -0.940689 -0.334042 
vn -0.0577978 -0.914126 -0.401288 
vn -0.0557525 -0.878862 -0.473807 
vn -0.0533521 -0.837821 -0.543332 
vn -0.0507236 -0.793288 -0.60673 
vn -0.0476658 -0.741999 -0.668704 
vn -0.0442841 -0.685896 -0.726351 
vn -0.0405943 -0.625387 -0.779258 
vn -0.0366121 -0.560871 -0.827094 
vn -0.0323562 -0.492775 -0.869555 
vn -0.0278479 -0.421558 -0.906374 
vn -0.0231118 -0.347705 -0.937319 
vn -0.0181751 -0.271722 -0.962204 
vn -0.0130678 -0.194134 -0.980888 
vn -0.00782264 -0.115477 -0.993279 
vn -0.00247415 -0.0362933 -0.999338 
vn 0.0024881 0.0362895 -0.999338 
vn 0.0079309 0.114965 -0.993338 
vn 0.013369 0.192632 -0.98118 
vn 0.0187628 0.268774 -0.963021 
vn 0.0240743 0.342914 -0.939058 
vn 0.0292658 0.414603 -0.909532 
vn 0.0343012 0.483425 -0.874714 
vn 0.039146 0.548997 -0.834907 
vn 0.0437674 0.610974 -0.79044 
vn 0.0481352 0.669048 -0.741659 
vn 0.0522214 0.722945 -0.688929 
vn 0.0560009 0.772433 -0.632623 
vn 0.0595449 0.818523 -0.57138 
vn 0.0626352 0.858468 -0.509028 
vn 0.0653613 0.893521 -0.444238 
vn 0.0677083 0.923561 -0.377427 
vn 0.0696655 0.948514 -0.308978 
vn 0.0712252 0.968337 -0.239273 
vn 0.0723824 0.983009 -0.168685 
vn 0.0731351 0.992536 -0.0975862 
vn 0.0734841 0.996949 -0.0263389 
vn 0.0735115 0.997294 -3.14104e-16 
vn 0.0748926 0.997192 -2.30723e-15 
vn 0.0748648 0.996795 -0.0281956 
vn 0.0748686 0.996846 -0.0263388 
vn 0.0743498 0.989455 -0.124301 
vn 0.0745688 0.99243 -0.0975855 
vn 0.0739023 0.982896 -0.168684 
vn 0.0731747 0.972745 -0.220027 
vn 0.0725052 0.963248 -0.258643 
vn 0.0728578 0.968215 -0.239271 
vn 0.0714676 0.948381 -0.308976 
vn 0.0704201 0.933777 -0.350858 
vn 0.067673 0.895185 -0.440526 
vn 0.0650373 0.858292 -0.509023 
vn 0.0642221 0.847066 -0.527593 
vn 0.0628429 0.827943 -0.55728 
vn 0.0586017 0.769492 -0.635962 
vn 0.0551874 0.722729 -0.688925 
vn 0.0537326 0.703014 -0.709143 
vn 0.0481975 0.628184 -0.776571 
vn 0.0512164 0.668823 -0.741655 
vn 0.0462848 0.602494 -0.79678 
vn 0.0401897 0.521164 -0.85251 
vn 0.0422681 0.548769 -0.834905 
vn 0.0336026 0.4341 -0.900238 
vn 0.0373274 0.483203 -0.874712 
vn 0.026957 0.347037 -0.937464 
vn 0.0321042 0.414394 -0.909531 
vn 0.0238835 0.307006 -0.951408 
vn 0.0265057 0.341149 -0.939635 
vn 0.0165728 0.212325 -0.977059 
vn 0.0209259 0.268613 -0.963021 
vn 0.00900704 0.115041 -0.99332 
vn 0.00284545 0.0362624 -0.999338 
vn 0.00118842 0.0151364 -0.999885 
vn -0.00224507 -0.0285625 -0.999589 
vn -0.00989324 -0.125583 -0.992034 
vn -0.0153004 -0.193962 -0.98089 
vn -0.0175114 -0.221864 -0.97492 
vn -0.0250863 -0.317335 -0.947982 
vn -0.0214434 -0.271469 -0.962208 
vn -0.0274636 -0.347262 -0.937366 
vn -0.0333345 -0.421133 -0.906386 
vn -0.0274718 -0.347367 -0.937327 
vn -0.0287581 -0.363546 -0.931132 
vn -0.0358012 -0.452111 -0.891243 
vn -0.0425339 -0.536736 -0.842677 
vn -0.038992 -0.492262 -0.869573 
vn -0.0489402 -0.617287 -0.785215 
vn -0.0543258 -0.685132 -0.72639 
vn -0.0519154 -0.654721 -0.754085 
vn -0.0574909 -0.724944 -0.686405 
vn -0.0625252 -0.788457 -0.611904 
vn -0.0663511 -0.836856 -0.543387 
vn -0.0687898 -0.867683 -0.492336 
vn -0.0670053 -0.845089 -0.530409 
vn -0.0722479 -0.911528 -0.404842 
vn -0.074453 -0.939596 -0.334091 
vn -0.0750194 -0.946736 -0.31315 
vn -0.0761471 -0.961167 -0.265255 
vn -0.0770913 -0.973101 -0.217097 
vn -0.0776984 -0.980833 -0.178687 
vn -0.0774518 -0.977704 -0.195181 
vn -0.0783457 -0.989158 -0.124213 
vn -0.0786966 -0.993555 -0.0815761 
vn -0.078844 -0.995494 -0.0526812 
vn -0.0789579 -0.996878 3.06294e-07 
vn -0.0789462 -0.996738 0.0167876 
vn -0.0786466 -0.992979 0.0883591 
vn -0.0784245 -0.990086 0.116529 
vn -0.0780639 -0.985491 0.150712 
vn -0.0768575 -0.970171 0.229917 
vn -0.076537 -0.966044 0.246783 
vn -0.0753533 -0.951066 0.299658 
vn -0.0742605 -0.93709 0.341099 
vn -0.0734476 -0.926835 0.368215 
vn -0.0712024 -0.898262 0.433653 
vn -0.070085 -0.884094 0.462024 
vn -0.0684266 -0.863164 0.500266 
vn -0.0661837 -0.834694 0.546722 
vn -0.0653225 -0.823856 0.563023 
vn -0.0616017 -0.776797 0.626731 
vn -0.0581049 -0.732751 0.678011 
vn -0.0563109 -0.710072 0.701874 
vn -0.054412 -0.686152 0.725421 
vn -0.0493425 -0.622376 0.781162 
vn -0.0485307 -0.612136 0.789262 
vn -0.0444675 -0.561093 0.826558 
vn -0.0421298 -0.531657 0.845912 
vn -0.0393005 -0.496141 0.867352 
vn -0.0351963 -0.444506 0.895084 
vn -0.0322942 -0.40802 0.912402 
vn -0.0282074 -0.356646 0.933814 
vn -0.033872 -0.427864 0.903208 
vn -0.0250963 -0.317461 0.947939 
vn -0.0223508 -0.282903 0.958888 
vn -0.0273166 -0.345421 0.93805 
vn -0.0176214 -0.223252 0.974602 
vn -0.0163399 -0.207085 0.978187 
vn -0.00987206 -0.125315 0.992068 
vn -0.00615271 -0.0781839 0.99692 
vn -0.00402521 -0.0511837 0.998681 
vn 0.00149688 0.019067 0.999817 
vn 0.0075375 0.0962197 0.995332 
vn 0.00913816 0.116721 0.993123 
vn 0.0136718 0.174947 0.984483 
vn 0.0167592 0.214731 0.976529 
vn 0.0203798 0.26154 0.964977 
vn 0.0255734 0.328993 0.943986 
vn 0.0275408 0.354655 0.934592 
vn 0.0312563 0.403261 0.914551 
vn 0.026942 0.346843 0.937536 
vn 0.034412 0.444756 0.894991 
vn 0.036708 0.475017 0.879211 
vn 0.0409826 0.531701 0.84594 
vn 0.041891 0.54378 0.838182 
vn 0.0436936 0.567822 0.821991 
vn 0.0467811 0.609093 0.791718 
vn 0.0495026 0.64576 0.761934 
vn 0.0513416 0.670526 0.740108 
vn 0.0548047 0.717597 0.694299 
vn 0.0555483 0.727677 0.683667 
vn 0.0595984 0.78318 0.618932 
vn 0.061337 0.807127 0.587183 
vn 0.062721 0.826132 0.559975 
vn 0.0651888 0.860508 0.50525 
vn 0.0657695 0.868509 0.49129 
vn 0.0684243 0.905713 0.418332 
vn 0.0703832 0.933105 0.352648 
vn 0.0710456 0.942601 0.326276 
vn 0.0719163 0.954908 0.288059 
vn 0.0732741 0.974029 0.214239 
vn 0.0735581 0.97819 0.194249 
vn 0.0741827 0.986888 0.143352 
vn 0.0745538 0.992362 0.0982867 
vn 0.0747222 0.994615 0.0718096 
vn 0.0824866 -0.996192 0.0282294 
vn 0.082517 -0.99659 5.58826e-16 
vn 0.0823202 -0.994015 0.0718226 
vn 0.0819262 -0.98887 0.124196 
vn 0.0817283 -0.986288 0.143377 
vn 0.0806475 -0.972208 0.219788 
vn 0.0799069 -0.962586 0.258926 
vn 0.0793591 -0.955485 0.284167 
vn 0.0776314 -0.933142 0.351025 
vn 0.0754121 -0.904604 0.419529 
vn 0.074632 -0.8946 0.440592 
vn 0.072542 -0.867935 0.491353 
vn 0.0708606 -0.846551 0.527569 
vn 0.0693306 -0.827182 0.55764 
vn 0.0655474 -0.779595 0.622844 
vn 0.0646816 -0.768744 0.636277 
vn 0.0613425 -0.72716 0.683722 
vn 0.0593372 -0.702283 0.709421 
vn 0.056721 -0.67004 0.740155 
vn 0.053253 -0.627473 0.776815 
vn 0.0511447 -0.601744 0.79705 
vn 0.0463307 -0.543373 0.838212 
vn 0.0444267 -0.52038 0.852778 
vn 0.0406172 -0.474659 0.879232 
vn 0.0371555 -0.43328 0.900493 
vn 0.0346039 -0.402955 0.914565 
vn 0.0298537 -0.34671 0.937497 
vn 0.0293097 -0.340291 0.939863 
vn 0.026439 -0.3065 0.951503 
vn 0.0218321 -0.252525 0.967344 
vn 0.0183409 -0.211776 0.977146 
vn 0.0151612 -0.174817 0.984484 
vn 0.00994922 -0.114454 0.993379 
vn 0.00836324 -0.0961491 0.995332 
vn 0.00126617 -0.0145157 0.999894 
vn -0.00250677 0.0286989 0.999585 
vn -0.0044705 0.0511475 0.998681 
vn -0.0110114 0.125709 0.992006 
vn -0.0181651 0.206945 0.978184 
vn -0.0194914 0.221972 0.974858 
vn -0.0248592 0.282716 0.958881 
vn -0.0279313 0.317416 0.947875 
vn -0.0305555 0.347038 0.937353 
vn -0.0320121 0.363464 0.931058 
vn -0.0377026 0.427593 0.903185 
vn -0.0398657 0.451949 0.891153 
vn -0.0437651 0.49583 0.867316 
vn -0.0473791 0.536493 0.842574 
vn -0.0495361 0.560743 0.826507 
vn -0.0545333 0.616962 0.785101 
vn -0.0578745 0.654548 0.753802 
vn -0.0600731 0.679257 0.731438 
vn -0.0641037 0.72466 0.686119 
vn -0.0647824 0.732284 0.677911 
vn -0.0697313 0.788071 0.611622 
vn -0.0728609 0.823307 0.5629 
vn -0.0747417 0.84461 0.530139 
vn -0.076749 0.867288 0.491854 
vn -0.0793734 0.896883 0.435087 
vn -0.0806172 0.911045 0.40435 
vn -0.0819613 0.926168 0.368097 
vn -0.0837175 0.946172 0.31265 
vn -0.0840922 0.950367 0.299553 
vn -0.0857737 0.969444 0.229831 
vn -0.0860348 0.972463 0.216595 
vn -0.0867119 0.980153 0.178274 
vn -0.0870032 0.983389 0.1593 
vn -0.0878274 0.992826 0.0811345 
vn -0.0881033 0.995962 -0.0172545 
vn -0.0881121 0.995961 0.017254 
vn -0.088117 0.99611 -3.08979e-07 
vn -0.0875142 0.989266 -0.117019 
vn -0.0871124 0.984702 -0.150911 
vn -0.0853989 0.965245 -0.247002 
vn -0.0864414 0.976966 -0.195105 
vn -0.0828453 0.936284 -0.341333 
vn -0.0807468 0.912417 -0.401218 
vn -0.0794165 0.897455 -0.433899 
vn -0.0781684 0.883336 -0.462176 
vn -0.0737993 0.833968 -0.546855 
vn -0.0700719 0.791862 -0.606666 
vn -0.0655311 0.740686 -0.668648 
vn -0.0686706 0.776112 -0.626845 
vn -0.062752 0.70944 -0.701966 
vn -0.0551881 0.624313 -0.779222 
vn -0.0494631 0.559922 -0.827068 
vn -0.0540355 0.611363 -0.789503 
vn -0.0434205 0.491954 -0.869538 
vn -0.0468868 0.530956 -0.846102 
vn -0.0391498 0.443889 -0.895226 
vn -0.0305649 0.347143 -0.937314 
vn -0.0371054 0.420866 -0.906364 
vn -0.0358698 0.406947 -0.912747 
vn -0.0303881 0.34516 -0.938052 
vn -0.0278446 0.316437 -0.948205 
vn -0.0170082 0.193831 -0.980887 
vn -0.0238485 0.27129 -0.962202 
vn -0.019519 0.222284 -0.974787 
vn -0.0108972 0.12441 -0.992171 
vn -0.00316595 0.0362389 -0.999338 
vn -0.00673767 0.0770248 -0.997006 
vn 0.00315843 -0.0362362 -0.999338 
vn 0.00176302 -0.0202155 -0.999794 
vn 0.0102433 -0.117852 -0.992978 
vn 0.0166717 -0.192363 -0.981182 
vn 0.0226729 -0.262342 -0.964709 
vn 0.0186892 -0.215834 -0.976251 
vn 0.0294932 -0.342465 -0.939068 
vn 0.0355403 -0.41408 -0.909546 
vn 0.0298314 -0.346448 -0.937595 
vn 0.030595 -0.355459 -0.934191 
vn 0.0413 -0.482839 -0.874735 
vn 0.0381841 -0.445546 -0.894445 
vn 0.0454286 -0.532458 -0.845237 
vn 0.0467448 -0.548359 -0.834936 
vn 0.0518437 -0.610295 -0.790476 
vn 0.0483703 -0.568032 -0.821584 
vn 0.0547609 -0.645934 -0.761426 
vn 0.0565832 -0.668338 -0.741702 
vn 0.0605836 -0.717717 -0.693694 
vn 0.0649157 -0.77169 -0.632678 
vn 0.0677224 -0.806898 -0.586796 
vn 0.0685844 -0.817774 -0.571438 
vn 0.0658386 -0.783231 -0.618235 
vn 0.0719352 -0.860197 -0.504862 
vn 0.0744886 -0.892778 -0.444295 
vn 0.075469 -0.905326 -0.417959 
vn 0.0768301 -0.922825 -0.37748 
vn 0.0783285 -0.942143 -0.325932 
vn 0.0787649 -0.947787 -0.309025 
vn 0.0792778 -0.954428 -0.287719 
vn 0.0802941 -0.967617 -0.239311 
vn 0.0810651 -0.977644 -0.194013 
vn 0.0814223 -0.982296 -0.168714 
vn 0.0821485 -0.991774 -0.0981646 
vn 0.0824907 -0.996244 -0.0263435 
vn -0.0606091 0.685319 -0.725717 
vn -0.0776327 0.877239 -0.473735 
vn -0.0849828 0.960452 -0.265158 
vn -0.0880042 0.994727 -0.0526595 
vn -0.0695876 -0.877845 -0.473862 
vn -0.0587729 -0.74116 -0.66875 
vn -0.0444025 -0.560271 -0.827119 
vn -0.00285097 -0.0362646 -0.999338 
vn 0.0150356 0.192507 -0.98118 
vn 0.0621537 0.818332 -0.571376 
vn 0.0696947 0.923414 -0.377424 
vn 0 1 0 
vn 0.994138 0 -0.108119 
vn 1 0 -2.44929e-16 
vn 0.976621 0 -0.21497 
vn 0.994138 0 -0.108119 
vn 0.947653 0 -0.319302 
vn 0.976621 0 -0.21497 
vn 0.907575 0 -0.419889 
vn 0.947653 0 -0.319302 
vn 0.856857 0 -0.515554 
vn 0.907575 0 -0.419889 
vn 0.796093 0 -0.605174 
vn 0.856857 0 -0.515554 
vn 0.725995 0 -0.687699 
vn 0.796093 0 -0.605174 
vn 0.647386 0 -0.762162 
vn 0.725995 0 -0.687699 
vn 0.561187 0 -0.827689 
vn 0.647386 0 -0.762162 
vn 0.468408 0 -0.883512 
vn 0.561187 0 -0.827689 
vn 0.370138 0 -0.928977 
vn 0.468408 0 -0.883512 
vn 0.267528 0 -0.96355 
vn 0.370138 0 -0.928977 
vn 0.161782 0 -0.986827 
vn 0.267528 0 -0.96355 
vn 0.0541389 0 -0.998533 
vn 0.161782 0 -0.986827 
vn -0.0541389 0 -0.998533 
vn 0.0541389 0 -0.998533 
vn -0.161782 0 -0.986827 
vn -0.0541389 0 -0.998533 
vn -0.267528 0 -0.96355 
vn -0.161782 0 -0.986827 
vn -0.370138 0 -0.928977 
vn -0.267528 0 -0.96355 
vn -0.468408 0 -0.883512 
vn -0.370138 0 -0.928977 
vn -0.561187 0 -0.827689 
vn -0.468408 0 -0.883512 
vn -0.647386 0 -0.762162 
vn -0.561187 0 -0.827689 
vn -0.725995 0 -0.687699 
vn -0.647386 0 -0.762162 
vn -0.796093 0 -0.605174 
vn -0.725995 0 -0.687699 
vn -0.856857 0 -0.515554 
vn -0.796093 0 -0.605174 
vn -0.907575 0 -0.419889 
vn -0.856857 0 -0.515554 
vn -0.947653 0 -0.319302 
vn -0.907575 0 -0.419889 
vn -0.976621 0 -0.21497 
vn -0.947653 0 -0.319302 
vn -0.994138 0 -0.108119 
vn -0.976621 0 -0.21497 
vn -1 0 1.22465e-16 
vn -0.994138 0 -0.108119 
vn -0.994138 0 0.108119 
vn -1 0 1.22465e-16 
vn -0.976621 0 0.21497 
vn -0.994138 0 0.108119 
vn -0.947653 0 0.319302 
vn -0.976621 0 0.21497 
vn -0.907575 0 0.419889 
vn -0.947653 0 0.319302 
vn -0.856857 0 0.515554 
vn -0.907575 0 0.419889 
vn -0.796093 0 0.605174 
vn -0.856857 0 0.515554 
vn -0.725995 0 0.687699 
vn -0.796093 0 0.605174 
vn -0.647386 0 0.762162 
vn -0.725995 0 0.687699 
vn -0.561187 0 0.827689 
vn -0.647386 0 0.762162 
vn -0.468408 0 0.883512 
vn -0.561187 0 0.827689 
vn -0.370138 0 0.928977 
vn -0.468408 0 0.883512 
vn -0.267528 0 0.96355 
vn -0.370138 0 0.928977 
vn -0.161782 0 0.986827 
vn -0.267528 0 0.96355 
vn -0.0541389 0 0.998533 
vn -0.161782 0 0.986827 
vn 0.0541389 0 0.998533 
vn -0.0541389 0 0.998533 
vn 0.161782 0 0.986827 
vn 0.0541389 0 0.998533 
vn 0.267528 0 0.96355 
vn 0.161782 0 0.986827 
vn 0.370138 0 0.928977 
vn 0.267528 0 0.96355 
vn 0.468408 0 0.883512 
vn 0.370138 0 0.928977 
vn 0.561187 0 0.827689 
vn 0.468408 0 0.883512 
vn 0.647386 0 0.762162 
vn 0.561187 0 0.827689 
vn 0.725995 0 0.687699 
vn 0.647386 0 0.762162 
vn 0.796093 0 0.605174 
vn 0.725995 0 0.687699 
vn 0.856857 0 0.515554 
vn 0.796093 0 0.605174 
vn 0.907575 0 0.419889 
vn 0.856857 0 0.515554 
vn 0.947653 0 0.319302 
vn 0.907575 0 0.419889 
vn 0.976621 0 0.21497 
vn 0.947653 0 0.319302 
vn 0.994138 0 0.108119 
vn 0.976621 0 0.21497 
vn 0 1 0 
usemtl 0.615686_0.811765_0.929412_0.000000_0.000000
o mesh0
f 59//1 1//1 2//1 
f 2//1 3//1 59//1 
f 3//1 4//1 59//1 
f 4//1 5//1 59//1 
f 5//1 6//1 59//1 
f 6//1 7//1 59//1 
f 7//1 8//1 59//1 
f 8//1 9//1 59//1 
f 9//1 10//1 59//1 
f 10//1 11//1 59//1 
f 11//1 12//1 59//1 
f 12//1 13//1 59//1 
f 13//1 14//1 59//1 
f 14//1 15//1 59//1 
f 15//1 16//1 59//1 
f 16//1 17//1 59//1 
f 17//1 18//1 59//1 
f 18//1 19//1 59//1 
f 19//1 20//1 59//1 
f 20//1 21//1 59//1 
f 21//1 22//1 59//1 
f 22//1 23//1 59//1 
f 23//1 24//1 59//1 
f 24//1 25//1 59//1 
f 25//1 26//1 59//1 
f 26//1 27//1 59//1 
f 27//1 28//1 59//1 
f 28//1 29//1 59//1 
f 29//1 30//1 59//1 
f 30//1 31//1 59//1 
f 31//1 32//1 59//1 
f 32//1 33//1 59//1 
f 33//1 34//1 59//1 
f 34//1 35//1 59//1 
f 35//1 36//1 59//1 
f 36//1 37//1 59//1 
f 37//1 38//1 59//1 
f 38//1 39//1 59//1 
f 39//1 40//1 59//1 
f 40//1 41//1 59//1 
f 41//1 42//1 59//1 
f 42//1 43//1 59//1 
f 43//1 44//1 59//1 
f 44//1 45//1 59//1 
f 45//1 46//1 59//1 
f 46//1 47//1 59//1 
f 47//1 48//1 59//1 
f 48//1 49//1 59//1 
f 49//1 50//1 59//1 
f 50//1 51//1 59//1 
f 51//1 52//1 59//1 
f 52//1 53//1 59//1 
f 53//1 54//1 59//1 
f 54//1 55//1 59//1 
f 55//1 56//1 59//1 
f 56//1 57//1 59//1 
f 57//1 58//1 59//1 
f 58//1 1//1 59//1 
o mesh1
f 31//2 60//2 61//3 
f 32//3 61//3 62//4 
f 33//4 62//4 63//5 
f 34//5 63//5 64//6 
f 35//6 64//6 65//7 
f 36//7 65//7 66//8 
f 37//8 66//8 67//9 
f 38//9 67//9 68//10 
f 39//10 68//10 69//11 
f 40//11 69//11 70//12 
f 41//12 70//12 71//13 
f 42//13 71//13 72//14 
f 43//14 72//14 73//15 
f 44//15 73//15 74//16 
f 45//16 74//16 75//17 
f 46//17 75//17 76//18 
f 47//18 76//18 77//19 
f 48//19 77//19 78//20 
f 49//20 78//20 79//21 
f 50//21 79//21 80//22 
f 51//22 80//22 81//23 
f 52//23 81//23 82//24 
f 53//24 82//24 83//25 
f 54//25 83//25 84//26 
f 55//26 84//26 85//27 
f 56//27 85//27 86//28 
f 57//28 86//28 87//29 
f 58//29 87//29 88//30 
f 1//30 88//30 89//31 
f 2//31 89//31 90//32 
f 3//32 90//32 91//33 
f 4//33 91//33 92//34 
f 5//34 92//34 93//35 
f 6//35 93//35 94//36 
f 7//36 94//36 95//37 
f 8//37 95//37 96//38 
f 9//38 96//38 97//39 
f 10//39 97//39 98//40 
f 11//40 98//40 99//41 
f 12//41 99//41 100//42 
f 13//42 100//42 101//43 
f 14//43 101//43 102//44 
f 15//44 102//44 103//45 
f 16//45 103//45 104//46 
f 17//46 104//46 105//47 
f 18//47 105//47 106//48 
f 19//48 106//48 107//49 
f 20//49 107//49 108//50 
f 21//50 108//50 109//51 
f 22//51 109//51 110//52 
f 23//52 110//52 111//53 
f 24//53 111//53 112//54 
f 25//54 112//54 113//55 
f 26//55 113//55 114//56 
f 30//57 115//58 116//59 
f 116//59 117//60 30//57 
f 30//57 118//61 119//62 
f 30//57 120//63 121//64 
f 30//57 122//65 123//66 
f 123//66 120//63 30//57 
f 121//64 118//61 30//57 
f 30//57 124//67 125//68 
f 125//68 122//65 30//57 
f 119//62 115//58 30//57 
f 30//57 126//69 127//70 
f 30//57 128//71 129//72 
f 129//72 130//73 30//57 
f 130//73 126//69 30//57 
f 30//57 131//74 132//75 
f 132//75 128//71 30//57 
f 30//57 133//76 134//77 
f 30//57 135//78 136//79 
f 30//57 29//80 137//81 
f 29//80 138//82 137//81 
f 137//81 135//78 30//57 
f 136//79 133//76 30//57 
f 29//80 139//83 140//84 
f 140//84 138//82 29//80 
f 29//80 141//85 142//86 
f 142//86 139//83 29//80 
f 134//77 131//74 30//57 
f 127//70 124//67 30//57 
f 29//80 143//87 144//88 
f 144//88 145//89 29//80 
f 29//80 146//90 147//91 
f 29//80 28//92 148//93 
f 28//92 149//94 150//95 
f 150//95 148//93 28//92 
f 148//93 146//90 29//80 
f 28//92 151//96 152//97 
f 152//97 149//94 28//92 
f 147//91 143//87 29//80 
f 28//92 153//98 154//99 
f 28//92 155//100 156//101 
f 156//101 157//102 28//92 
f 157//102 153//98 28//92 
f 28//92 158//103 159//104 
f 159//104 155//100 28//92 
f 154//99 151//96 28//92 
f 28//92 160//105 161//106 
f 28//92 162//107 163//108 
f 163//108 164//109 28//92 
f 164//109 160//105 28//92 
f 28//92 165//110 166//111 
f 166//111 162//107 28//92 
f 161//106 158//103 28//92 
f 28//92 167//112 168//113 
f 168//113 165//110 28//92 
f 169//114 170//115 171//116 
f 171//116 172//117 169//114 
f 169//114 173//118 174//119 
f 169//114 175//120 176//121 
f 169//114 177//122 178//123 
f 178//123 175//120 169//114 
f 176//121 173//118 169//114 
f 169//114 179//124 180//125 
f 180//125 177//122 169//114 
f 174//119 170//115 169//114 
f 169//114 181//126 182//127 
f 169//114 183//128 184//129 
f 184//129 185//130 169//114 
f 185//130 181//126 169//114 
f 169//114 186//131 187//132 
f 187//132 183//128 169//114 
f 169//114 188//133 189//134 
f 169//114 190//135 191//136 
f 191//136 192//137 169//114 
f 192//137 193//138 169//114 
f 193//138 188//133 169//114 
f 190//135 194//139 195//140 
f 195//140 191//136 190//135 
f 190//135 196//141 197//142 
f 197//142 194//139 190//135 
f 189//134 186//131 169//114 
f 182//127 179//124 169//114 
f 27//143 198//144 167//112 
f 27//143 199//145 200//146 
f 200//146 201//147 27//143 
f 201//147 198//144 27//143 
f 27//143 202//148 203//149 
f 203//149 199//145 27//143 
f 27//143 204//150 205//151 
f 27//143 206//152 207//153 
f 207//153 208//154 27//143 
f 208//154 204//150 27//143 
f 27//143 209//155 210//156 
f 210//156 206//152 27//143 
f 211//157 212//158 213//159 
f 213//159 27//143 211//157 
f 212//158 211//157 214//160 
f 214//160 215//161 212//158 
f 214//160 216//162 215//161 
f 213//159 209//155 27//143 
f 216//162 217//163 215//161 
f 27//143 114//56 218//164 
f 218//164 219//165 27//143 
f 114//56 220//166 221//167 
f 221//167 222//168 114//56 
f 222//168 218//164 114//56 
f 114//56 223//169 224//170 
f 224//170 220//166 114//56 
f 114//56 225//171 226//172 
f 114//56 169//114 227//173 
f 227//173 228//174 114//56 
f 228//174 229//175 114//56 
f 229//175 225//171 114//56 
f 226//172 223//169 114//56 
f 219//165 211//157 27//143 
f 205//151 202//148 27//143 
f 230//176 231//177 232//178 
f 230//176 233//179 234//180 
f 234//180 231//177 230//176 
f 232//178 235//181 230//176 
f 236//182 237//183 238//184 
f 239//185 240//186 236//182 
f 236//182 241//187 239//185 
f 240//186 237//183 236//182 
f 230//176 242//188 243//189 
f 230//176 244//190 245//191 
f 245//191 246//192 230//176 
f 246//192 242//188 230//176 
f 230//176 247//193 248//194 
f 248//194 244//190 230//176 
f 230//176 249//195 250//196 
f 230//176 251//197 252//198 
f 252//198 253//199 230//176 
f 253//199 249//195 230//176 
f 230//176 254//200 255//201 
f 255//201 251//197 230//176 
f 256//202 257//203 258//204 
f 258//204 259//205 256//202 
f 260//206 261//207 262//208 
f 262//208 257//203 260//206 
f 257//203 256//202 263//209 
f 263//209 264//210 257//203 
f 264//210 260//206 257//203 
f 261//207 236//182 262//208 
f 254//200 230//176 265//211 
f 265//211 256//202 254//200 
f 259//205 254//200 256//202 
f 250//196 247//193 230//176 
f 243//189 233//179 230//176 
f 238//184 262//208 236//182 
f 215//161 266//212 267//213 
f 215//161 268//214 269//215 
f 269//215 270//216 215//161 
f 270//216 266//212 215//161 
f 215//161 271//217 272//218 
f 272//218 268//214 215//161 
f 267//213 230//176 215//161 
f 215//161 273//219 274//220 
f 215//161 275//221 276//222 
f 276//222 273//219 215//161 
f 215//161 277//223 278//224 
f 278//224 279//225 215//161 
f 279//225 275//221 215//161 
f 274//220 271//217 215//161 
f 215//161 280//226 281//227 
f 215//161 217//163 282//228 
f 282//228 280//226 215//161 
f 281//227 283//229 215//161 
f 283//229 284//230 215//161 
f 284//230 277//223 215//161 
f 285//231 286//232 287//233 
f 285//231 288//234 286//232 
f 285//231 289//235 290//236 
f 290//236 291//237 285//231 
f 291//237 288//234 285//231 
f 292//238 293//239 294//240 
f 294//240 295//241 292//238 
f 241//187 296//242 292//238 
f 292//238 239//185 241//187 
f 296//242 293//239 292//238 
f 285//231 297//243 298//244 
f 285//231 299//245 300//246 
f 300//246 301//247 285//231 
f 301//247 297//243 285//231 
f 285//231 302//248 303//249 
f 303//249 299//245 285//231 
f 285//231 304//250 305//251 
f 285//231 306//252 307//253 
f 307//253 308//254 285//231 
f 308//254 304//250 285//231 
f 285//231 309//255 310//256 
f 310//256 306//252 285//231 
f 311//257 312//258 313//259 
f 314//260 292//238 315//261 
f 312//258 316//262 314//260 
f 312//258 311//257 317//263 
f 317//263 318//264 312//258 
f 318//264 316//262 312//258 
f 315//261 312//258 314//260 
f 309//255 285//231 319//265 
f 319//265 311//257 309//255 
f 313//259 309//255 311//257 
f 305//251 302//248 285//231 
f 298//244 289//235 285//231 
f 295//241 315//261 292//238 
f 320//266 321//267 322//268 
f 320//266 323//269 324//270 
f 324//270 325//271 320//266 
f 325//271 321//267 320//266 
f 320//266 326//272 327//273 
f 327//273 323//269 320//266 
f 322//268 285//231 320//266 
f 320//266 328//274 329//275 
f 320//266 330//276 331//277 
f 331//277 328//274 320//266 
f 320//266 332//278 333//279 
f 333//279 334//280 320//266 
f 334//280 330//276 320//266 
f 329//275 326//272 320//266 
f 320//266 335//281 336//282 
f 320//266 337//283 338//284 
f 338//284 335//281 320//266 
f 336//282 339//285 320//266 
f 339//285 340//286 320//266 
f 340//286 332//278 320//266 
f 60//2 341//287 342//288 
f 60//2 343//289 344//290 
f 344//290 345//291 60//2 
f 345//291 341//287 60//2 
f 60//2 346//292 347//293 
f 347//293 343//289 60//2 
f 60//2 348//294 349//295 
f 60//2 350//296 351//297 
f 351//297 352//298 60//2 
f 352//298 348//294 60//2 
f 31//2 353//299 354//300 
f 354//300 60//2 31//2 
f 354//300 350//296 60//2 
f 355//301 356//302 357//303 
f 355//301 337//283 320//266 
f 320//266 356//302 355//301 
f 353//299 31//2 358//304 
f 358//304 359//305 353//299 
f 359//305 355//301 353//299 
f 357//303 353//299 355//301 
f 31//2 360//306 361//307 
f 31//2 362//308 363//309 
f 363//309 364//310 31//2 
f 364//310 360//306 31//2 
f 31//2 365//311 366//312 
f 366//312 362//308 31//2 
f 31//2 367//313 368//314 
f 31//2 30//57 369//315 
f 369//315 370//316 31//2 
f 370//316 371//317 31//2 
f 371//317 367//313 31//2 
f 368//314 365//311 31//2 
f 361//307 358//304 31//2 
f 349//295 346//292 60//2 
f 190//135 372//318 373//319 
f 190//135 374//320 375//321 
f 375//321 372//318 190//135 
f 190//135 376//322 377//323 
f 377//323 378//324 190//135 
f 376//322 379//325 380//326 
f 376//322 381//327 382//328 
f 382//328 379//325 376//322 
f 380//326 377//323 376//322 
f 378//324 374//320 190//135 
f 376//322 383//329 384//330 
f 384//330 381//327 376//322 
f 376//322 385//331 386//332 
f 376//322 387//333 388//334 
f 388//334 389//335 376//322 
f 389//335 385//331 376//322 
f 376//322 390//336 391//337 
f 391//337 387//333 376//322 
f 386//332 383//329 376//322 
f 376//322 392//338 393//339 
f 376//322 394//340 395//341 
f 395//341 396//342 376//322 
f 396//342 392//338 376//322 
f 376//322 397//343 398//344 
f 398//344 394//340 376//322 
f 393//339 390//336 376//322 
f 376//322 342//288 399//345 
f 399//345 397//343 376//322 
f 373//319 196//141 190//135 
f 342//288 376//322 60//2 
f 287//233 320//266 285//231 
f 235//181 215//161 230//176 
f 167//112 28//92 27//143 
f 172//117 227//173 169//114 
f 145//89 141//85 29//80 
f 117//60 369//315 30//57 
f 114//56 27//143 26//55 
f 113//55 26//55 25//54 
f 112//54 25//54 24//53 
f 111//53 24//53 23//52 
f 110//52 23//52 22//51 
f 109//51 22//51 21//50 
f 108//50 21//50 20//49 
f 107//49 20//49 19//48 
f 106//48 19//48 18//47 
f 105//47 18//47 17//46 
f 104//46 17//46 16//45 
f 103//45 16//45 15//44 
f 102//44 15//44 14//43 
f 101//43 14//43 13//42 
f 100//42 13//42 12//41 
f 99//41 12//41 11//40 
f 98//40 11//40 10//39 
f 97//39 10//39 9//38 
f 96//38 9//38 8//37 
f 95//37 8//37 7//36 
f 94//36 7//36 6//35 
f 93//35 6//35 5//34 
f 92//34 5//34 4//33 
f 91//33 4//33 3//32 
f 90//32 3//32 2//31 
f 89//31 2//31 1//30 
f 88//30 1//30 58//29 
f 87//29 58//29 57//28 
f 86//28 57//28 56//27 
f 85//27 56//27 55//26 
f 84//26 55//26 54//25 
f 83//25 54//25 53//24 
f 82//24 53//24 52//23 
f 81//23 52//23 51//22 
f 80//22 51//22 50//21 
f 79//21 50//21 49//20 
f 78//20 49//20 48//19 
f 77//19 48//19 47//18 
f 76//18 47//18 46//17 
f 75//17 46//17 45//16 
f 74//16 45//16 44//15 
f 73//15 44//15 43//14 
f 72//14 43//14 42//13 
f 71//13 42//13 41//12 
f 70//12 41//12 40//11 
f 69//11 40//11 39//10 
f 68//10 39//10 38//9 
f 67//9 38//9 37//8 
f 66//8 37//8 36//7 
f 65//7 36//7 35//6 
f 64//6 35//6 34//5 
f 63//5 34//5 33//4 
f 62//4 33//4 32//3 
f 61//3 32//3 31//2 
o mesh2
f 400//346 401//347 402//348 
f 401//347 403//349 404//350 
f 403//349 405//351 406//352 
f 405//351 407//353 408//354 
f 407//353 409//355 410//356 
f 409//355 411//357 412//358 
f 411//357 413//359 414//360 
f 413//359 415//361 416//362 
f 415//361 417//363 418//364 
f 417//363 419//365 420//366 
f 419//365 421//367 422//368 
f 421//367 423//369 424//370 
f 423//369 425//371 426//372 
f 425//371 427//373 428//374 
f 427//373 429//375 430//376 
f 429//375 431//377 432//378 
f 431//377 433//379 434//380 
f 433//379 435//381 436//382 
f 435//381 437//383 438//384 
f 437//383 439//385 440//386 
f 439//385 441//387 442//388 
f 441//387 443//389 444//390 
f 443//389 445//391 446//392 
f 445//391 447//393 448//394 
f 447//393 449//395 450//396 
f 449//395 451//397 452//398 
f 451//397 453//399 454//400 
f 453//399 455//401 456//402 
f 455//401 457//403 458//404 
f 457//403 459//405 460//406 
f 459//405 461//407 462//408 
f 461//407 463//409 464//410 
f 463//409 465//411 466//412 
f 465//411 467//413 468//414 
f 467//413 469//415 470//416 
f 469//415 471//417 472//418 
f 471//417 473//419 474//420 
f 473//419 475//421 476//422 
f 475//421 477//423 478//424 
f 477//423 479//425 480//426 
f 479//425 481//427 482//428 
f 483//429 484//430 482//428 
f 485//431 486//432 484//430 
f 487//433 488//434 486//432 
f 489//435 490//436 488//434 
f 491//437 492//438 490//436 
f 493//439 494//440 492//438 
f 495//441 496//442 494//440 
f 497//443 498//444 496//442 
f 499//445 500//446 498//444 
f 501//447 502//448 500//446 
f 503//449 504//450 502//448 
f 505//451 506//452 504//450 
f 507//453 508//454 506//452 
f 509//455 510//456 508//454 
f 511//457 512//458 510//456 
f 513//459 514//460 512//458 
f 515//461 516//462 514//460 
f 517//463 518//464 516//462 
f 519//465 520//466 518//464 
f 521//467 522//468 520//466 
f 523//469 524//470 522//468 
f 525//471 526//472 524//470 
f 527//473 528//474 526//472 
f 529//475 530//476 528//474 
f 531//477 532//478 530//476 
f 533//479 534//480 532//478 
f 535//481 536//482 534//480 
f 537//483 538//484 536//482 
f 539//485 540//486 538//484 
f 541//487 542//488 540//486 
f 543//489 544//490 542//488 
f 545//491 546//492 544//490 
f 547//493 548//494 546//492 
f 549//495 550//496 548//494 
f 551//497 552//498 550//496 
f 553//499 554//500 552//498 
f 555//501 556//502 554//500 
f 557//503 558//504 556//502 
f 559//505 560//506 558//504 
f 561//507 562//508 560//506 
f 563//509 564//510 562//508 
f 400//346 565//511 564//510 
f 566//512 567//513 568//514 
f 567//513 569//515 570//516 
f 569//515 571//517 572//518 
f 571//517 573//519 574//520 
f 573//519 575//521 576//522 
f 575//521 577//523 578//524 
f 577//523 579//525 580//526 
f 579//525 581//527 582//528 
f 581//527 583//529 584//530 
f 583//529 585//531 586//532 
f 585//531 587//533 588//534 
f 587//533 589//535 590//536 
f 589//535 591//537 592//538 
f 591//537 593//539 594//540 
f 593//539 595//541 596//542 
f 595//541 597//543 598//544 
f 597//543 599//545 600//546 
f 599//545 601//547 602//548 
f 601//547 603//549 604//550 
f 603//549 605//551 606//552 
f 605//551 607//553 608//554 
f 607//553 609//555 610//556 
f 609//555 611//557 612//558 
f 611//557 613//559 614//560 
f 613//559 615//561 616//562 
f 615//561 617//563 618//564 
f 454//400 619//565 617//563 
f 619//565 618//564 617//563 
f 454//400 456//402 620//566 
f 456//402 458//404 621//567 
f 458//404 460//406 622//568 
f 460//406 462//408 623//569 
f 462//408 464//410 624//570 
f 464//410 466//412 625//571 
f 466//412 468//414 626//572 
f 468//414 470//416 627//573 
f 470//416 472//418 628//574 
f 472//418 474//420 629//575 
f 474//420 476//422 630//576 
f 476//422 478//424 631//577 
f 478//424 480//426 632//578 
f 480//426 482//428 633//579 
f 484//430 634//580 633//579 
f 486//432 635//581 634//580 
f 488//434 636//582 635//581 
f 490//436 637//583 636//582 
f 492//438 638//584 637//583 
f 494//440 639//585 638//584 
f 496//442 640//586 639//585 
f 498//444 641//587 640//586 
f 500//446 642//588 641//587 
f 502//448 643//589 642//588 
f 504//450 644//590 643//589 
f 506//452 645//591 644//590 
f 508//454 646//592 645//591 
f 510//456 647//593 646//592 
f 510//456 512//458 648//594 
f 648//594 647//593 510//456 
f 649//595 650//596 651//597 
f 652//598 653//599 650//596 
f 654//600 655//601 653//599 
f 656//602 657//603 655//601 
f 658//604 659//605 657//603 
f 660//606 661//607 659//605 
f 662//608 663//609 661//607 
f 664//610 665//611 663//609 
f 666//612 667//613 665//611 
f 668//614 669//615 667//613 
f 670//616 671//617 669//615 
f 672//618 673//619 671//617 
f 674//620 675//621 673//619 
f 676//622 677//623 675//621 
f 678//624 679//625 677//623 
f 680//626 681//627 679//625 
f 682//628 683//629 681//627 
f 684//630 685//631 683//629 
f 686//632 687//633 685//631 
f 688//634 689//635 687//633 
f 690//636 691//637 689//635 
f 692//638 693//639 691//637 
f 694//640 695//641 693//639 
f 696//642 697//643 695//641 
f 698//644 699//645 697//643 
f 700//646 701//647 699//645 
f 566//512 702//648 701//647 
f 703//649 704//650 705//651 
f 704//650 706//652 707//653 
f 706//652 708//654 709//655 
f 708//654 710//656 711//657 
f 710//656 712//658 713//659 
f 578//524 714//660 712//658 
f 714//660 713//659 712//658 
f 578//524 580//526 715//661 
f 580//526 582//528 716//662 
f 582//528 584//530 717//663 
f 584//530 586//532 718//664 
f 586//532 588//534 719//665 
f 588//534 590//536 720//666 
f 590//536 592//538 721//667 
f 592//538 594//540 722//668 
f 594//540 596//542 723//669 
f 596//542 598//544 724//670 
f 598//544 600//546 725//671 
f 600//546 602//548 726//672 
f 602//548 604//550 727//673 
f 604//550 606//552 728//674 
f 606//552 608//554 729//675 
f 608//554 610//556 730//676 
f 610//556 612//558 731//677 
f 612//558 614//560 732//678 
f 614//560 616//562 733//679 
f 616//562 618//564 734//680 
f 618//564 619//565 735//681 
f 619//565 620//566 736//682 
f 620//566 621//567 737//683 
f 621//567 622//568 738//684 
f 622//568 623//569 739//685 
f 623//569 624//570 740//686 
f 624//570 625//571 741//687 
f 625//571 626//572 742//688 
f 626//572 627//573 743//689 
f 627//573 628//574 744//690 
f 628//574 629//575 745//691 
f 629//575 630//576 746//692 
f 630//576 631//577 747//693 
f 631//577 632//578 748//694 
f 632//578 633//579 749//695 
f 634//580 750//696 749//695 
f 635//581 751//697 750//696 
f 636//582 752//698 751//697 
f 637//583 753//699 752//698 
f 638//584 754//700 753//699 
f 639//585 755//701 754//700 
f 640//586 756//702 755//701 
f 641//587 757//703 756//702 
f 642//588 758//704 757//703 
f 643//589 759//705 758//704 
f 644//590 760//706 759//705 
f 645//591 761//707 760//706 
f 646//592 762//708 761//707 
f 647//593 763//709 762//708 
f 651//597 764//710 763//709 
f 650//596 765//711 764//710 
f 653//599 766//712 765//711 
f 655//601 767//713 766//712 
f 657//603 768//714 767//713 
f 659//605 769//715 768//714 
f 661//607 770//716 769//715 
f 663//609 771//717 770//716 
f 665//611 772//718 771//717 
f 667//613 773//719 772//718 
f 669//615 774//720 773//719 
f 671//617 775//721 774//720 
f 673//619 776//722 775//721 
f 675//621 777//723 776//722 
f 677//623 778//724 777//723 
f 679//625 779//725 778//724 
f 681//627 780//726 779//725 
f 683//629 781//727 780//726 
f 685//631 782//728 781//727 
f 687//633 783//729 782//728 
f 689//635 784//730 783//729 
f 689//635 691//637 785//731 
f 785//731 784//730 689//635 
f 786//732 787//733 788//734 
f 789//735 790//736 787//733 
f 791//737 792//738 790//736 
f 793//739 794//740 792//738 
f 795//741 796//742 794//740 
f 703//649 797//743 796//742 
f 797//743 705//651 798//744 
f 705//651 707//653 799//745 
f 707//653 709//655 800//746 
f 709//655 711//657 801//747 
f 711//657 713//659 802//748 
f 713//659 714//660 803//749 
f 714//660 715//661 804//750 
f 715//661 716//662 805//751 
f 716//662 717//663 806//752 
f 717//663 718//664 807//753 
f 718//664 719//665 808//754 
f 719//665 720//666 809//755 
f 720//666 721//667 810//756 
f 721//667 722//668 811//757 
f 722//668 723//669 812//758 
f 723//669 724//670 813//759 
f 724//670 725//671 814//760 
f 725//671 726//672 815//761 
f 726//672 727//673 816//762 
f 727//673 728//674 817//763 
f 728//674 729//675 818//764 
f 729//675 730//676 819//765 
f 730//676 731//677 820//766 
f 731//677 732//678 821//767 
f 732//678 733//679 822//768 
f 733//679 734//680 823//769 
f 734//680 735//681 824//770 
f 735//681 736//682 825//771 
f 736//682 737//683 826//772 
f 737//683 738//684 827//773 
f 738//684 739//685 828//774 
f 739//685 740//686 829//775 
f 740//686 741//687 830//776 
f 741//687 742//688 831//777 
f 742//688 743//689 832//778 
f 743//689 744//690 833//779 
f 744//690 745//691 834//780 
f 745//691 746//692 835//781 
f 746//692 747//693 836//782 
f 747//693 748//694 837//783 
f 748//694 749//695 838//784 
f 750//696 839//785 838//784 
f 751//697 840//786 839//785 
f 752//698 841//787 840//786 
f 753//699 842//788 841//787 
f 754//700 843//789 842//788 
f 755//701 844//790 843//789 
f 756//702 845//791 844//790 
f 757//703 846//792 845//791 
f 758//704 847//793 846//792 
f 759//705 848//794 847//793 
f 760//706 849//795 848//794 
f 761//707 850//796 849//795 
f 762//708 851//797 850//796 
f 763//709 852//798 851//797 
f 764//710 853//799 852//798 
f 765//711 854//800 853//799 
f 766//712 855//801 854//800 
f 767//713 856//802 855//801 
f 768//714 857//803 856//802 
f 769//715 858//804 857//803 
f 770//716 859//805 858//804 
f 771//717 860//806 859//805 
f 772//718 861//807 860//806 
f 773//719 862//808 861//807 
f 774//720 863//809 862//808 
f 775//721 864//810 863//809 
f 776//722 865//811 864//810 
f 777//723 866//812 865//811 
f 778//724 867//813 866//812 
f 779//725 868//814 867//813 
f 780//726 869//815 868//814 
f 781//727 870//816 869//815 
f 782//728 871//817 870//816 
f 783//729 872//818 871//817 
f 784//730 873//819 872//818 
f 788//734 874//820 873//819 
f 787//733 875//821 874//820 
f 790//736 876//822 875//821 
f 792//738 877//823 876//822 
f 794//740 878//824 877//823 
f 796//742 879//825 878//824 
f 797//743 880//826 879//825 
f 880//826 798//744 881//827 
f 798//744 799//745 882//828 
f 799//745 800//746 883//829 
f 800//746 801//747 884//830 
f 801//747 802//748 885//831 
f 802//748 803//749 886//832 
f 803//749 804//750 887//833 
f 804//750 805//751 888//834 
f 805//751 806//752 889//835 
f 806//752 807//753 890//836 
f 807//753 808//754 891//837 
f 808//754 809//755 892//838 
f 809//755 810//756 893//839 
f 810//756 811//757 894//840 
f 811//757 812//758 895//841 
f 812//758 813//759 896//842 
f 813//759 814//760 897//843 
f 814//760 815//761 898//844 
f 815//761 816//762 899//845 
f 816//762 817//763 900//846 
f 817//763 818//764 901//847 
f 818//764 819//765 902//848 
f 819//765 820//766 903//849 
f 820//766 821//767 904//850 
f 821//767 822//768 905//851 
f 822//768 823//769 906//852 
f 823//769 824//770 907//853 
f 824//770 825//771 908//854 
f 825//771 826//772 909//855 
f 826//772 827//773 910//856 
f 827//773 828//774 911//857 
f 828//774 829//775 912//858 
f 829//775 830//776 913//859 
f 830//776 831//777 914//860 
f 831//777 832//778 915//861 
f 832//778 833//779 916//862 
f 833//779 834//780 917//863 
f 834//780 835//781 918//864 
f 835//781 836//782 919//865 
f 836//782 837//783 920//866 
f 837//783 838//784 921//867 
f 839//785 922//868 921//867 
f 840//786 923//869 922//868 
f 841//787 924//870 923//869 
f 842//788 925//871 924//870 
f 843//789 926//872 925//871 
f 844//790 927//873 926//872 
f 845//791 928//874 927//873 
f 846//792 929//875 928//874 
f 847//793 930//876 929//875 
f 848//794 931//877 930//876 
f 849//795 932//878 931//877 
f 850//796 933//879 932//878 
f 851//797 934//880 933//879 
f 852//798 935//881 934//880 
f 853//799 936//882 935//881 
f 854//800 937//883 936//882 
f 855//801 938//884 937//883 
f 856//802 939//885 938//884 
f 857//803 940//886 939//885 
f 858//804 941//887 940//886 
f 859//805 942//888 941//887 
f 860//806 943//889 942//888 
f 861//807 944//890 943//889 
f 862//808 945//891 944//890 
f 863//809 946//892 945//891 
f 864//810 947//893 946//892 
f 865//811 948//894 947//893 
f 866//812 949//895 948//894 
f 867//813 950//896 949//895 
f 868//814 951//897 950//896 
f 869//815 952//898 951//897 
f 870//816 953//899 952//898 
f 871//817 954//900 953//899 
f 872//818 955//901 954//900 
f 873//819 956//902 955//901 
f 874//820 957//903 956//902 
f 875//821 958//904 957//903 
f 876//822 959//905 958//904 
f 877//823 960//906 959//905 
f 878//824 961//907 960//906 
f 879//825 962//908 961//907 
f 880//826 963//909 962//908 
f 964//910 965//911 966//912 
f 965//911 967//913 968//914 
f 967//913 969//915 970//916 
f 969//915 971//917 972//918 
f 971//917 973//919 974//920 
f 973//919 975//921 976//922 
f 885//831 886//832 975//921 
f 975//921 973//919 885//831 
f 975//921 977//923 978//924 
f 977//923 979//925 980//926 
f 889//835 981//927 979//925 
f 981//927 980//926 979//925 
f 889//835 890//836 982//928 
f 890//836 891//837 983//929 
f 891//837 892//838 984//930 
f 892//838 893//839 985//931 
f 893//839 894//840 986//932 
f 894//840 895//841 987//933 
f 895//841 896//842 988//934 
f 896//842 897//843 989//935 
f 897//843 898//844 990//936 
f 898//844 899//845 991//937 
f 899//845 900//846 992//938 
f 900//846 901//847 993//939 
f 901//847 902//848 994//940 
f 902//848 903//849 995//941 
f 903//849 904//850 996//942 
f 904//850 905//851 997//943 
f 905//851 906//852 998//944 
f 906//852 907//853 999//945 
f 907//853 908//854 1000//946 
f 908//854 909//855 1001//947 
f 909//855 910//856 1002//948 
f 910//856 911//857 1003//949 
f 911//857 912//858 1004//950 
f 912//858 913//859 1005//951 
f 913//859 914//860 1006//952 
f 914//860 915//861 1007//953 
f 915//861 916//862 1008//954 
f 916//862 917//863 1009//955 
f 917//863 918//864 1010//956 
f 918//864 919//865 1011//957 
f 919//865 920//866 1012//958 
f 920//866 921//867 1013//959 
f 922//868 1014//960 1013//959 
f 923//869 1015//961 1014//960 
f 924//870 1016//962 1015//961 
f 925//871 1017//963 1016//962 
f 926//872 1018//964 1017//963 
f 927//873 1019//965 1018//964 
f 928//874 1020//966 1019//965 
f 929//875 1021//967 1020//966 
f 930//876 1022//968 1021//967 
f 931//877 1023//969 1022//968 
f 932//878 1024//970 1023//969 
f 933//879 1025//971 1024//970 
f 934//880 1026//972 1025//971 
f 935//881 1027//973 1026//972 
f 936//882 1028//974 1027//973 
f 937//883 1029//975 1028//974 
f 938//884 1030//976 1029//975 
f 939//885 1031//977 1030//976 
f 940//886 1032//978 1031//977 
f 941//887 1033//979 1032//978 
f 942//888 1034//980 1033//979 
f 943//889 1035//981 1034//980 
f 944//890 1036//982 1035//981 
f 945//891 1037//983 1036//982 
f 946//892 1038//984 1037//983 
f 947//893 1039//985 1038//984 
f 948//894 1040//986 1039//985 
f 949//895 1041//987 1040//986 
f 950//896 1042//988 1041//987 
f 951//897 1043//989 1042//988 
f 952//898 1044//990 1043//989 
f 953//899 1045//991 1044//990 
f 954//900 1046//992 1045//991 
f 955//901 1047//993 1046//992 
f 956//902 1048//994 1047//993 
f 956//902 957//903 1049//995 
f 1049//995 1048//994 956//902 
f 1050//996 1051//997 1052//998 
f 1053//999 1054//1000 1051//997 
f 1055//1001 1056//1002 1054//1000 
f 1057//1003 1058//1004 1056//1002 
f 1059//1005 1060//1006 1058//1004 
f 963//909 964//910 1059//1005 
f 964//910 1061//1007 1060//1006 
f 1060//1006 1059//1005 964//910 
f 1061//1007 966//912 1062//1008 
f 966//912 968//914 1063//1009 
f 968//914 970//916 1064//1010 
f 970//916 972//918 1065//1011 
f 972//918 974//920 1066//1012 
f 974//920 976//922 1067//1013 
f 976//922 978//924 1068//1014 
f 978//924 980//926 1069//1015 
f 980//926 981//927 1070//1016 
f 981//927 982//928 1071//1017 
f 982//928 983//929 1072//1018 
f 983//929 984//930 1073//1019 
f 984//930 985//931 1074//1020 
f 985//931 986//932 1075//1021 
f 986//932 987//933 1076//1022 
f 987//933 988//934 1077//1023 
f 988//934 989//935 1078//1024 
f 989//935 990//936 1079//1025 
f 990//936 991//937 1080//1026 
f 991//937 992//938 1081//1027 
f 992//938 993//939 1082//1028 
f 993//939 994//940 1083//1029 
f 994//940 995//941 1084//1030 
f 995//941 996//942 1085//1031 
f 996//942 997//943 1086//1032 
f 997//943 998//944 1087//1033 
f 998//944 999//945 1088//1034 
f 999//945 1000//946 1089//1035 
f 1000//946 1001//947 1090//1036 
f 1001//947 1002//948 1091//1037 
f 1002//948 1003//949 1092//1038 
f 1003//949 1004//950 1093//1039 
f 1004//950 1005//951 1094//1040 
f 1005//951 1006//952 1095//1041 
f 1006//952 1007//953 1096//1042 
f 1007//953 1008//954 1097//1043 
f 1008//954 1009//955 1098//1044 
f 1009//955 1010//956 1099//1045 
f 1010//956 1011//957 1100//1046 
f 1011//957 1012//958 1101//1047 
f 1012//958 1013//959 1102//1048 
f 1014//960 1103//1049 1102//1048 
f 1015//961 1104//1050 1103//1049 
f 1016//962 1105//1051 1104//1050 
f 1017//963 1106//1052 1105//1051 
f 1018//964 1107//1053 1106//1052 
f 1019//965 1108//1054 1107//1053 
f 1020//966 1109//1055 1108//1054 
f 1021//967 1110//1056 1109//1055 
f 1022//968 1111//1057 1110//1056 
f 1023//969 1112//1058 1111//1057 
f 1024//970 1113//1059 1112//1058 
f 1025//971 1114//1060 1113//1059 
f 1026//972 1115//1061 1114//1060 
f 1027//973 1116//1062 1115//1061 
f 1028//974 1117//1063 1116//1062 
f 1029//975 1118//1064 1117//1063 
f 1030//976 1119//1065 1118//1064 
f 1031//977 1120//1066 1119//1065 
f 1032//978 1121//1067 1120//1066 
f 1033//979 1122//1068 1121//1067 
f 1034//980 1123//1069 1122//1068 
f 1035//981 1124//1070 1123//1069 
f 1036//982 1125//1071 1124//1070 
f 1037//983 1126//1072 1125//1071 
f 1038//984 1127//1073 1126//1072 
f 1039//985 1128//1074 1127//1073 
f 1040//986 1129//1075 1128//1074 
f 1041//987 1130//1076 1129//1075 
f 1042//988 1131//1077 1130//1076 
f 1043//989 1132//1078 1131//1077 
f 1044//990 1133//1079 1132//1078 
f 1045//991 1134//1080 1133//1079 
f 1046//992 1135//1081 1134//1080 
f 1047//993 1136//1082 1135//1081 
f 1048//994 1137//1083 1136//1082 
f 1052//998 1138//1084 1137//1083 
f 1051//997 1139//1085 1138//1084 
f 1054//1000 1140//1086 1139//1085 
f 1056//1002 1141//1087 1140//1086 
f 1058//1004 1142//1088 1141//1087 
f 1060//1006 1143//1089 1142//1088 
f 1061//1007 1144//1090 1143//1089 
f 1144//1090 1062//1008 1145//1091 
f 1062//1008 1063//1009 1146//1092 
f 1063//1009 1064//1010 1147//1093 
f 1064//1010 1065//1011 1148//1094 
f 1065//1011 1066//1012 1149//1095 
f 1066//1012 1067//1013 1150//1096 
f 1067//1013 1068//1014 1151//1097 
f 1068//1014 1069//1015 1152//1098 
f 1069//1015 1070//1016 1153//1099 
f 1070//1016 1071//1017 1154//1100 
f 1071//1017 1072//1018 1155//1101 
f 1072//1018 1073//1019 1156//1102 
f 1073//1019 1074//1020 1157//1103 
f 1074//1020 1075//1021 1158//1104 
f 1075//1021 1076//1022 1159//1105 
f 1076//1022 1077//1023 1160//1106 
f 1077//1023 1078//1024 1161//1107 
f 1078//1024 1079//1025 1162//1108 
f 1079//1025 1080//1026 1163//1109 
f 1080//1026 1081//1027 1164//1110 
f 1081//1027 1082//1028 1165//1111 
f 1082//1028 1083//1029 1166//1112 
f 1083//1029 1084//1030 1167//1113 
f 1084//1030 1085//1031 1168//1114 
f 1085//1031 1086//1032 1169//1115 
f 1086//1032 1087//1033 1170//1116 
f 1087//1033 1088//1034 1171//1117 
f 1088//1034 1089//1035 1172//1118 
f 1089//1035 1090//1036 1173//1119 
f 1090//1036 1091//1037 1174//1120 
f 1091//1037 1092//1038 1175//1121 
f 1092//1038 1093//1039 1176//1122 
f 1093//1039 1094//1040 1177//1123 
f 1094//1040 1095//1041 1178//1124 
f 1095//1041 1096//1042 1179//1125 
f 1096//1042 1097//1043 1180//1126 
f 1097//1043 1098//1044 1181//1127 
f 1098//1044 1099//1045 1182//1128 
f 1099//1045 1100//1046 1183//1129 
f 1100//1046 1101//1047 1184//1130 
f 1101//1047 1102//1048 1185//1131 
f 1103//1049 1186//1132 1185//1131 
f 1104//1050 1187//1133 1186//1132 
f 1105//1051 1188//1134 1187//1133 
f 1106//1052 1189//1135 1188//1134 
f 1107//1053 1190//1136 1189//1135 
f 1108//1054 1191//1137 1190//1136 
f 1109//1055 1192//1138 1191//1137 
f 1110//1056 1193//1139 1192//1138 
f 1111//1057 1194//1140 1193//1139 
f 1112//1058 1195//1141 1194//1140 
f 1113//1059 1196//1142 1195//1141 
f 1114//1060 1197//1143 1196//1142 
f 1115//1061 1198//1144 1197//1143 
f 1116//1062 1199//1145 1198//1144 
f 1117//1063 1200//1146 1199//1145 
f 1118//1064 1201//1147 1200//1146 
f 1119//1065 1202//1148 1201//1147 
f 1120//1066 1203//1149 1202//1148 
f 1121//1067 1204//1150 1203//1149 
f 1122//1068 1205//1151 1204//1150 
f 1123//1069 1206//1152 1205//1151 
f 1124//1070 1207//1153 1206//1152 
f 1125//1071 1208//1154 1207//1153 
f 1126//1072 1209//1155 1208//1154 
f 1127//1073 1210//1156 1209//1155 
f 1128//1074 1211//1157 1210//1156 
f 1129//1075 1212//1158 1211//1157 
f 1130//1076 1213//1159 1212//1158 
f 1131//1077 1214//1160 1213//1159 
f 1132//1078 1215//1161 1214//1160 
f 1133//1079 1216//1162 1215//1161 
f 1134//1080 1217//1163 1216//1162 
f 1135//1081 1218//1164 1217//1163 
f 1136//1082 1219//1165 1218//1164 
f 1137//1083 1220//1166 1219//1165 
f 1138//1084 1221//1167 1220//1166 
f 1139//1085 1222//1168 1221//1167 
f 1140//1086 1223//1169 1222//1168 
f 1141//1087 1224//1170 1223//1169 
f 1142//1088 1225//1171 1224//1170 
f 1143//1089 1226//1172 1225//1171 
f 1144//1090 1227//1173 1226//1172 
f 1227//1173 1145//1091 1228//1174 
f 1145//1091 1146//1092 1229//1175 
f 1146//1092 1147//1093 1230//1176 
f 1147//1093 1148//1094 1231//1177 
f 1148//1094 1149//1095 1232//1178 
f 1149//1095 1150//1096 1233//1179 
f 1150//1096 1151//1097 1234//1180 
f 1151//1097 1152//1098 1235//1181 
f 1152//1098 1153//1099 1236//1182 
f 1153//1099 1154//1100 1237//1183 
f 1154//1100 1155//1101 1238//1184 
f 1155//1101 1156//1102 1239//1185 
f 1156//1102 1157//1103 1240//1186 
f 1157//1103 1158//1104 1241//1187 
f 1158//1104 1159//1105 1242//1188 
f 1159//1105 1160//1106 1243//1189 
f 1160//1106 1161//1107 1244//1190 
f 1161//1107 1162//1108 1245//1191 
f 1162//1108 1163//1109 1246//1192 
f 1163//1109 1164//1110 1247//1193 
f 1164//1110 1165//1111 1248//1194 
f 1165//1111 1166//1112 1249//1195 
f 1166//1112 1167//1113 1250//1196 
f 1167//1113 1168//1114 1251//1197 
f 1168//1114 1169//1115 1252//1198 
f 1169//1115 1170//1116 1253//1199 
f 1170//1116 1171//1117 1254//1200 
f 1171//1117 1172//1118 1255//1201 
f 1172//1118 1173//1119 1256//1202 
f 1173//1119 1174//1120 1257//1203 
f 1174//1120 1175//1121 1258//1204 
f 1175//1121 1176//1122 1259//1205 
f 1176//1122 1177//1123 1260//1206 
f 1177//1123 1178//1124 1261//1207 
f 1178//1124 1179//1125 1262//1208 
f 1179//1125 1180//1126 1263//1209 
f 1180//1126 1181//1127 1264//1210 
f 1181//1127 1182//1128 1265//1211 
f 1182//1128 1183//1129 1266//1212 
f 1183//1129 1184//1130 1267//1213 
f 1184//1130 1185//1131 1268//1214 
f 1186//1132 1269//1215 1268//1214 
f 1187//1133 1270//1216 1269//1215 
f 1188//1134 1271//1217 1270//1216 
f 1189//1135 1272//1218 1271//1217 
f 1190//1136 1273//1219 1272//1218 
f 1191//1137 1274//1220 1273//1219 
f 1192//1138 1275//1221 1274//1220 
f 1193//1139 1276//1222 1275//1221 
f 1194//1140 1277//1223 1276//1222 
f 1195//1141 1278//1224 1277//1223 
f 1196//1142 1279//1225 1278//1224 
f 1197//1143 1280//1226 1279//1225 
f 1198//1144 1281//1227 1280//1226 
f 1199//1145 1282//1228 1281//1227 
f 1200//1146 1283//1229 1282//1228 
f 1201//1147 1284//1230 1283//1229 
f 1202//1148 1285//1231 1284//1230 
f 1203//1149 1286//1232 1285//1231 
f 1204//1150 1287//1233 1286//1232 
f 1205//1151 1288//1234 1287//1233 
f 1206//1152 1289//1235 1288//1234 
f 1207//1153 1290//1236 1289//1235 
f 1208//1154 1291//1237 1290//1236 
f 1209//1155 1292//1238 1291//1237 
f 1210//1156 1293//1239 1292//1238 
f 1211//1157 1294//1240 1293//1239 
f 1212//1158 1295//1241 1294//1240 
f 1213//1159 1296//1242 1295//1241 
f 1214//1160 1297//1243 1296//1242 
f 1215//1161 1298//1244 1297//1243 
f 1216//1162 1299//1245 1298//1244 
f 1217//1163 1300//1246 1299//1245 
f 1218//1164 1301//1247 1300//1246 
f 1219//1165 1302//1248 1301//1247 
f 1220//1166 1303//1249 1302//1248 
f 1221//1167 1304//1250 1303//1249 
f 1222//1168 1305//1251 1304//1250 
f 1223//1169 1306//1252 1305//1251 
f 1224//1170 1307//1253 1306//1252 
f 1225//1171 1308//1254 1307//1253 
f 1226//1172 1309//1255 1308//1254 
f 1227//1173 1310//1256 1309//1255 
f 1310//1256 1228//1174 1311//1257 
f 1228//1174 1229//1175 1312//1258 
f 1229//1175 1230//1176 1313//1259 
f 1230//1176 1231//1177 1314//1260 
f 1231//1177 1232//1178 1315//1261 
f 1232//1178 1233//1179 1316//1262 
f 1233//1179 1234//1180 1317//1263 
f 1234//1180 1235//1181 1318//1264 
f 1235//1181 1236//1182 1319//1265 
f 1236//1182 1237//1183 1320//1266 
f 1237//1183 1238//1184 1321//1267 
f 1238//1184 1239//1185 1322//1268 
f 1239//1185 1240//1186 1323//1269 
f 1240//1186 1241//1187 1324//1270 
f 1241//1187 1242//1188 1325//1271 
f 1242//1188 1243//1189 1326//1272 
f 1243//1189 1244//1190 1327//1273 
f 1244//1190 1245//1191 1328//1274 
f 1245//1191 1246//1192 1329//1275 
f 1246//1192 1247//1193 1330//1276 
f 1247//1193 1248//1194 1331//1277 
f 1248//1194 1249//1195 1332//1278 
f 1249//1195 1250//1196 1333//1279 
f 1250//1196 1251//1197 1334//1280 
f 1251//1197 1252//1198 1335//1281 
f 1252//1198 1253//1199 1336//1282 
f 1253//1199 1254//1200 1337//1283 
f 1254//1200 1255//1201 1338//1284 
f 1255//1201 1256//1202 1339//1285 
f 1256//1202 1257//1203 1340//1286 
f 1257//1203 1258//1204 1341//1287 
f 1258//1204 1259//1205 1342//1288 
f 1259//1205 1260//1206 1343//1289 
f 1260//1206 1261//1207 1344//1290 
f 1261//1207 1262//1208 1345//1291 
f 1262//1208 1263//1209 1346//1292 
f 1263//1209 1264//1210 1347//1293 
f 1264//1210 1265//1211 1348//1294 
f 1265//1211 1266//1212 1349//1295 
f 1266//1212 1267//1213 1350//1296 
f 1267//1213 1268//1214 1351//1297 
f 1269//1215 1352//1298 1351//1297 
f 1270//1216 1353//1299 1352//1298 
f 1271//1217 1354//1300 1353//1299 
f 1272//1218 1355//1301 1354//1300 
f 1273//1219 1356//1302 1355//1301 
f 1274//1220 1357//1303 1356//1302 
f 1275//1221 1358//1304 1357//1303 
f 1276//1222 1359//1305 1358//1304 
f 1277//1223 1360//1306 1359//1305 
f 1278//1224 1361//1307 1360//1306 
f 1279//1225 1362//1308 1361//1307 
f 1280//1226 1363//1309 1362//1308 
f 1281//1227 1364//1310 1363//1309 
f 1282//1228 1365//1311 1364//1310 
f 1283//1229 1366//1312 1365//1311 
f 1284//1230 1367//1313 1366//1312 
f 1285//1231 1368//1314 1367//1313 
f 1286//1232 1369//1315 1368//1314 
f 1287//1233 1370//1316 1369//1315 
f 1288//1234 1371//1317 1370//1316 
f 1289//1235 1372//1318 1371//1317 
f 1290//1236 1373//1319 1372//1318 
f 1291//1237 1374//1320 1373//1319 
f 1292//1238 1375//1321 1374//1320 
f 1293//1239 1376//1322 1375//1321 
f 1294//1240 1377//1323 1376//1322 
f 1295//1241 1378//1324 1377//1323 
f 1296//1242 1379//1325 1378//1324 
f 1297//1243 1380//1326 1379//1325 
f 1298//1244 1381//1327 1380//1326 
f 1299//1245 1382//1328 1381//1327 
f 1300//1246 1383//1329 1382//1328 
f 1301//1247 1384//1330 1383//1329 
f 1302//1248 1385//1331 1384//1330 
f 1303//1249 1386//1332 1385//1331 
f 1304//1250 1387//1333 1386//1332 
f 1305//1251 1388//1334 1387//1333 
f 1306//1252 1389//1335 1388//1334 
f 1307//1253 1390//1336 1389//1335 
f 1308//1254 1391//1337 1390//1336 
f 1309//1255 1392//1338 1391//1337 
f 1310//1256 1393//1339 1392//1338 
f 1394//1340 1395//1341 1396//1342 
f 1395//1341 1397//1343 1398//1344 
f 1397//1343 1399//1345 1400//1346 
f 1399//1345 1401//1347 1402//1348 
f 1315//1261 1403//1349 1401//1347 
f 1403//1349 1402//1348 1401//1347 
f 1403//1349 1315//1261 1404//1350 
f 1315//1261 1316//1262 1404//1350 
f 1404//1350 1405//1351 1406//1352 
f 1318//1264 1407//1353 1405//1351 
f 1407//1353 1406//1352 1405//1351 
f 1318//1264 1319//1265 1408//1354 
f 1319//1265 1320//1266 1409//1355 
f 1320//1266 1321//1267 1410//1356 
f 1321//1267 1322//1268 1411//1357 
f 1322//1268 1323//1269 1412//1358 
f 1323//1269 1324//1270 1413//1359 
f 1324//1270 1325//1271 1414//1360 
f 1325//1271 1326//1272 1415//1361 
f 1326//1272 1327//1273 1416//1362 
f 1327//1273 1328//1274 1417//1363 
f 1328//1274 1329//1275 1418//1364 
f 1329//1275 1330//1276 1419//1365 
f 1330//1276 1331//1277 1420//1366 
f 1331//1277 1332//1278 1421//1367 
f 1332//1278 1333//1279 1422//1368 
f 1333//1279 1334//1280 1423//1369 
f 1334//1280 1335//1281 1424//1370 
f 1335//1281 1336//1282 1425//1371 
f 1336//1282 1337//1283 1426//1372 
f 1337//1283 1338//1284 1427//1373 
f 1338//1284 1339//1285 1428//1374 
f 1339//1285 1340//1286 1429//1375 
f 1340//1286 1341//1287 1430//1376 
f 1341//1287 1342//1288 1431//1377 
f 1342//1288 1343//1289 1432//1378 
f 1343//1289 1344//1290 1433//1379 
f 1344//1290 1345//1291 1434//1380 
f 1345//1291 1346//1292 1435//1381 
f 1346//1292 1347//1293 1436//1382 
f 1347//1293 1348//1294 1437//1383 
f 1348//1294 1349//1295 1438//1384 
f 1349//1295 1350//1296 1439//1385 
f 1350//1296 1351//1297 1440//1386 
f 1352//1298 1441//1387 1440//1386 
f 1353//1299 1442//1388 1441//1387 
f 1354//1300 1443//1389 1442//1388 
f 1355//1301 1444//1390 1443//1389 
f 1356//1302 1445//1391 1444//1390 
f 1356//1302 1357//1303 1446//1392 
f 1446//1392 1445//1391 1356//1302 
f 1447//1393 1448//1394 1449//1395 
f 1450//1396 1448//1394 1447//1393 
f 1447//1393 1359//1305 1450//1396 
f 1360//1306 1451//1397 1450//1396 
f 1361//1307 1452//1398 1451//1397 
f 1362//1308 1453//1399 1452//1398 
f 1363//1309 1454//1400 1453//1399 
f 1364//1310 1455//1401 1454//1400 
f 1365//1311 1456//1402 1455//1401 
f 1366//1312 1457//1403 1456//1402 
f 1367//1313 1458//1404 1457//1403 
f 1368//1314 1459//1405 1458//1404 
f 1369//1315 1460//1406 1459//1405 
f 1370//1316 1461//1407 1460//1406 
f 1371//1317 1462//1408 1461//1407 
f 1372//1318 1463//1409 1462//1408 
f 1373//1319 1464//1410 1463//1409 
f 1374//1320 1465//1411 1464//1410 
f 1375//1321 1466//1412 1465//1411 
f 1376//1322 1467//1413 1466//1412 
f 1377//1323 1468//1414 1467//1413 
f 1378//1324 1469//1415 1468//1414 
f 1379//1325 1470//1416 1469//1415 
f 1380//1326 1471//1417 1470//1416 
f 1381//1327 1472//1418 1471//1417 
f 1382//1328 1473//1419 1472//1418 
f 1383//1329 1474//1420 1473//1419 
f 1384//1330 1475//1421 1474//1420 
f 1385//1331 1476//1422 1475//1421 
f 1386//1332 1477//1423 1476//1422 
f 1387//1333 1478//1424 1477//1423 
f 1388//1334 1479//1425 1478//1424 
f 1388//1334 1389//1335 1480//1426 
f 1480//1426 1479//1425 1388//1334 
f 1481//1427 1482//1428 1483//1429 
f 1484//1430 1485//1431 1482//1428 
f 1486//1432 1487//1433 1485//1431 
f 1393//1339 1394//1340 1486//1432 
f 1394//1340 1488//1434 1487//1433 
f 1487//1433 1486//1432 1394//1340 
f 1488//1434 1396//1342 1489//1435 
f 1396//1342 1398//1344 1490//1436 
f 1398//1344 1400//1346 1491//1437 
f 1400//1346 1402//1348 1492//1438 
f 1402//1348 1403//1349 1493//1439 
f 1403//1349 1494//1440 1495//1441 
f 1494//1440 1406//1352 1496//1442 
f 1406//1352 1407//1353 1497//1443 
f 1407//1353 1408//1354 1498//1444 
f 1408//1354 1409//1355 1499//1445 
f 1409//1355 1410//1356 1500//1446 
f 1410//1356 1411//1357 1501//1447 
f 1411//1357 1412//1358 1502//1448 
f 1412//1358 1413//1359 1503//1449 
f 1413//1359 1414//1360 1504//1450 
f 1414//1360 1415//1361 1505//1451 
f 1415//1361 1416//1362 1506//1452 
f 1416//1362 1417//1363 1507//1453 
f 1417//1363 1418//1364 1508//1454 
f 1418//1364 1419//1365 1509//1455 
f 1419//1365 1420//1366 1510//1456 
f 1420//1366 1421//1367 1511//1457 
f 1421//1367 1422//1368 1512//1458 
f 1422//1368 1423//1369 1513//1459 
f 1423//1369 1424//1370 1514//1460 
f 1424//1370 1425//1371 1515//1461 
f 1425//1371 1426//1372 1516//1462 
f 1426//1372 1427//1373 1517//1463 
f 1427//1373 1428//1374 1518//1464 
f 1428//1374 1429//1375 1519//1465 
f 1429//1375 1430//1376 1520//1466 
f 1430//1376 1431//1377 1521//1467 
f 1431//1377 1432//1378 1522//1468 
f 1432//1378 1433//1379 1523//1469 
f 1433//1379 1434//1380 1524//1470 
f 1434//1380 1435//1381 1525//1471 
f 1435//1381 1436//1382 1526//1472 
f 1436//1382 1437//1383 1527//1473 
f 1437//1383 1438//1384 1528//1474 
f 1438//1384 1439//1385 1529//1475 
f 1439//1385 1440//1386 1530//1476 
f 1441//1387 1531//1477 1530//1476 
f 1442//1388 1532//1478 1531//1477 
f 1443//1389 1533//1479 1532//1478 
f 1444//1390 1534//1480 1533//1479 
f 1445//1391 1535//1481 1534//1480 
f 1449//1395 1536//1482 1535//1481 
f 1448//1394 1537//1483 1536//1482 
f 1450//1396 1538//1484 1537//1483 
f 1451//1397 1539//1485 1538//1484 
f 1452//1398 1540//1486 1539//1485 
f 1453//1399 1541//1487 1540//1486 
f 1454//1400 1542//1488 1541//1487 
f 1455//1401 1543//1489 1542//1488 
f 1456//1402 1544//1490 1543//1489 
f 1457//1403 1545//1491 1544//1490 
f 1458//1404 1546//1492 1545//1491 
f 1459//1405 1547//1493 1546//1492 
f 1460//1406 1548//1494 1547//1493 
f 1461//1407 1549//1495 1548//1494 
f 1462//1408 1550//1496 1549//1495 
f 1463//1409 1551//1497 1550//1496 
f 1464//1410 1552//1498 1551//1497 
f 1465//1411 1553//1499 1552//1498 
f 1466//1412 1554//1500 1553//1499 
f 1467//1413 1555//1501 1554//1500 
f 1468//1414 1556//1502 1555//1501 
f 1469//1415 1557//1503 1556//1502 
f 1470//1416 1558//1504 1557//1503 
f 1471//1417 1559//1505 1558//1504 
f 1472//1418 1560//1506 1559//1505 
f 1473//1419 1561//1507 1560//1506 
f 1474//1420 1562//1508 1561//1507 
f 1475//1421 1563//1509 1562//1508 
f 1476//1422 1564//1510 1563//1509 
f 1477//1423 1565//1511 1564//1510 
f 1478//1424 1566//1512 1565//1511 
f 1479//1425 1567//1513 1566//1512 
f 1483//1429 1568//1514 1567//1513 
f 1482//1428 1569//1515 1568//1514 
f 1485//1431 1570//1516 1569//1515 
f 1487//1433 1571//1517 1570//1516 
f 1488//1434 1572//1518 1571//1517 
f 1572//1518 1489//1435 1573//1519 
f 1489//1435 1490//1436 1574//1520 
f 1490//1436 1491//1437 1575//1521 
f 1491//1437 1492//1438 1576//1522 
f 1492//1438 1493//1439 1577//1523 
f 1493//1439 1495//1441 1578//1524 
f 1495//1441 1496//1442 1579//1525 
f 1496//1442 1497//1443 1580//1526 
f 1497//1443 1498//1444 1581//1527 
f 1498//1444 1499//1445 1582//1528 
f 1499//1445 1500//1446 1583//1529 
f 1500//1446 1501//1447 1584//1530 
f 1501//1447 1502//1448 1585//1531 
f 1502//1448 1503//1449 1586//1532 
f 1503//1449 1504//1450 1587//1533 
f 1504//1450 1505//1451 1588//1534 
f 1505//1451 1506//1452 1589//1535 
f 1506//1452 1507//1453 1590//1536 
f 1507//1453 1508//1454 1591//1537 
f 1508//1454 1509//1455 1592//1538 
f 1509//1455 1510//1456 1593//1539 
f 1510//1456 1511//1457 1594//1540 
f 1511//1457 1512//1458 1595//1541 
f 1512//1458 1513//1459 1596//1542 
f 1513//1459 1514//1460 1597//1543 
f 1514//1460 1515//1461 1598//1544 
f 1515//1461 1516//1462 1599//1545 
f 1516//1462 1517//1463 1600//1546 
f 1517//1463 1518//1464 1601//1547 
f 1518//1464 1519//1465 1602//1548 
f 1519//1465 1520//1466 1603//1549 
f 1520//1466 1521//1467 1604//1550 
f 1521//1467 1522//1468 1605//1551 
f 1522//1468 1523//1469 1606//1552 
f 1523//1469 1524//1470 1607//1553 
f 1524//1470 1525//1471 1608//1554 
f 1525//1471 1526//1472 1609//1555 
f 1526//1472 1527//1473 1610//1556 
f 1527//1473 1528//1474 1611//1557 
f 1528//1474 1529//1475 1612//1558 
f 1529//1475 1530//1476 1613//1559 
f 1531//1477 1614//1560 1613//1559 
f 1532//1478 1615//1561 1614//1560 
f 1533//1479 1616//1562 1615//1561 
f 1534//1480 1617//1563 1616//1562 
f 1535//1481 1618//1564 1617//1563 
f 1536//1482 1619//1565 1618//1564 
f 1537//1483 1620//1566 1619//1565 
f 1538//1484 1621//1567 1620//1566 
f 1539//1485 1622//1568 1621//1567 
f 1540//1486 1623//1569 1622//1568 
f 1541//1487 1624//1570 1623//1569 
f 1542//1488 1625//1571 1624//1570 
f 1543//1489 1626//1572 1625//1571 
f 1544//1490 1627//1573 1626//1572 
f 1545//1491 1628//1574 1627//1573 
f 1546//1492 1629//1575 1628//1574 
f 1547//1493 1630//1576 1629//1575 
f 1548//1494 1631//1577 1630//1576 
f 1549//1495 1632//1578 1631//1577 
f 1550//1496 1633//1579 1632//1578 
f 1551//1497 1634//1580 1633//1579 
f 1552//1498 1635//1581 1634//1580 
f 1553//1499 1636//1582 1635//1581 
f 1554//1500 1637//1583 1636//1582 
f 1555//1501 1638//1584 1637//1583 
f 1556//1502 1639//1585 1638//1584 
f 1557//1503 1640//1586 1639//1585 
f 1558//1504 1641//1587 1640//1586 
f 1559//1505 1642//1588 1641//1587 
f 1560//1506 1643//1589 1642//1588 
f 1561//1507 1644//1590 1643//1589 
f 1562//1508 1645//1591 1644//1590 
f 1563//1509 1646//1592 1645//1591 
f 1564//1510 1647//1593 1646//1592 
f 1565//1511 1648//1594 1647//1593 
f 1566//1512 1649//1595 1648//1594 
f 1567//1513 1650//1596 1649//1595 
f 1568//1514 1651//1597 1650//1596 
f 1569//1515 1652//1598 1651//1597 
f 1570//1516 1653//1599 1652//1598 
f 1571//1517 1654//1600 1653//1599 
f 1572//1518 1655//1601 1654//1600 
f 1655//1601 1573//1519 1656//1602 
f 1573//1519 1574//1520 1657//1603 
f 1574//1520 1575//1521 1658//1604 
f 1575//1521 1576//1522 1659//1605 
f 1576//1522 1577//1523 1660//1606 
f 1577//1523 1578//1524 1661//1607 
f 1578//1524 1579//1525 1662//1608 
f 1579//1525 1580//1526 1663//1609 
f 1580//1526 1581//1527 1664//1610 
f 1581//1527 1582//1528 1665//1611 
f 1582//1528 1583//1529 1666//1612 
f 1583//1529 1584//1530 1667//1613 
f 1584//1530 1585//1531 1668//1614 
f 1585//1531 1586//1532 1669//1615 
f 1586//1532 1587//1533 1670//1616 
f 1587//1533 1588//1534 1671//1617 
f 1588//1534 1589//1535 1672//1618 
f 1589//1535 1590//1536 1673//1619 
f 1590//1536 1591//1537 1674//1620 
f 1591//1537 1592//1538 1675//1621 
f 1592//1538 1593//1539 1676//1622 
f 1593//1539 1594//1540 1677//1623 
f 1594//1540 1595//1541 1678//1624 
f 1595//1541 1596//1542 1679//1625 
f 1596//1542 1597//1543 1680//1626 
f 1597//1543 1598//1544 1681//1627 
f 1598//1544 1599//1545 1682//1628 
f 1599//1545 1600//1546 1683//1629 
f 1600//1546 1601//1547 1684//1630 
f 1601//1547 1602//1548 1685//1631 
f 1602//1548 1603//1549 1686//1632 
f 1603//1549 1604//1550 1687//1633 
f 1604//1550 1605//1551 1688//1634 
f 1605//1551 1606//1552 1689//1635 
f 1606//1552 1607//1553 1690//1636 
f 1607//1553 1608//1554 1691//1637 
f 1608//1554 1609//1555 1692//1638 
f 1609//1555 1610//1556 1693//1639 
f 1610//1556 1611//1557 1694//1640 
f 1611//1557 1612//1558 1695//1641 
f 1612//1558 1613//1559 1696//1642 
f 1614//1560 1697//1643 1696//1642 
f 1615//1561 1698//1644 1697//1643 
f 1616//1562 1699//1645 1698//1644 
f 1617//1563 1700//1646 1699//1645 
f 1618//1564 1701//1647 1700//1646 
f 1619//1565 1702//1648 1701//1647 
f 1620//1566 1703//1649 1702//1648 
f 1621//1567 1704//1650 1703//1649 
f 1622//1568 1705//1651 1704//1650 
f 1623//1569 1706//1652 1705//1651 
f 1624//1570 1707//1653 1706//1652 
f 1625//1571 1708//1654 1707//1653 
f 1626//1572 1709//1655 1708//1654 
f 1627//1573 1710//1656 1709//1655 
f 1628//1574 1711//1657 1710//1656 
f 1629//1575 1712//1658 1711//1657 
f 1630//1576 1713//1659 1712//1658 
f 1631//1577 1714//1660 1713//1659 
f 1632//1578 1715//1661 1714//1660 
f 1633//1579 1716//1662 1715//1661 
f 1634//1580 1717//1663 1716//1662 
f 1635//1581 1718//1664 1717//1663 
f 1636//1582 1719//1665 1718//1664 
f 1637//1583 1720//1666 1719//1665 
f 1638//1584 1721//1667 1720//1666 
f 1639//1585 1722//1668 1721//1667 
f 1640//1586 1723//1669 1722//1668 
f 1641//1587 1724//1670 1723//1669 
f 1642//1588 1725//1671 1724//1670 
f 1643//1589 1726//1672 1725//1671 
f 1644//1590 1727//1673 1726//1672 
f 1645//1591 1728//1674 1727//1673 
f 1646//1592 1729//1675 1728//1674 
f 1647//1593 1730//1676 1729//1675 
f 1648//1594 1731//1677 1730//1676 
f 1649//1595 1732//1678 1731//1677 
f 1650//1596 1733//1679 1732//1678 
f 1651//1597 1734//1680 1733//1679 
f 1652//1598 1735//1681 1734//1680 
f 1653//1599 1736//1682 1735//1681 
f 1654//1600 1737//1683 1736//1682 
f 1655//1601 1738//1684 1737//1683 
f 1738//1684 1656//1602 1739//1685 
f 1656//1602 1657//1603 1740//1686 
f 1657//1603 1658//1604 1741//1687 
f 1658//1604 1659//1605 1742//1688 
f 1659//1605 1660//1606 1743//1689 
f 1660//1606 1661//1607 1744//1690 
f 1661//1607 1662//1608 1745//1691 
f 1662//1608 1663//1609 1746//1692 
f 1663//1609 1664//1610 1747//1693 
f 1664//1610 1665//1611 1748//1694 
f 1665//1611 1666//1612 1749//1695 
f 1666//1612 1667//1613 1750//1696 
f 1667//1613 1668//1614 1751//1697 
f 1668//1614 1669//1615 1752//1698 
f 1669//1615 1670//1616 1753//1699 
f 1670//1616 1671//1617 1754//1700 
f 1671//1617 1672//1618 1755//1701 
f 1672//1618 1673//1619 1756//1702 
f 1673//1619 1674//1620 1757//1703 
f 1674//1620 1675//1621 1758//1704 
f 1675//1621 1676//1622 1759//1705 
f 1676//1622 1677//1623 1760//1706 
f 1677//1623 1678//1624 1761//1707 
f 1678//1624 1679//1625 1762//1708 
f 1679//1625 1680//1626 1763//1709 
f 1680//1626 1681//1627 1764//1710 
f 1681//1627 1682//1628 1765//1711 
f 1682//1628 1683//1629 1766//1712 
f 1683//1629 1684//1630 1767//1713 
f 1684//1630 1685//1631 1768//1714 
f 1685//1631 1686//1632 1769//1715 
f 1686//1632 1687//1633 1770//1716 
f 1687//1633 1688//1634 1771//1717 
f 1688//1634 1689//1635 1772//1718 
f 1689//1635 1690//1636 1773//1719 
f 1690//1636 1691//1637 1774//1720 
f 1691//1637 1692//1638 1775//1721 
f 1692//1638 1693//1639 1776//1722 
f 1693//1639 1694//1640 1777//1723 
f 1694//1640 1695//1641 1778//1724 
f 1695//1641 1696//1642 1779//1725 
f 1697//1643 1780//1726 1779//1725 
f 1698//1644 1781//1727 1780//1726 
f 1699//1645 1782//1728 1781//1727 
f 1700//1646 1783//1729 1782//1728 
f 1701//1647 1784//1730 1783//1729 
f 1702//1648 1785//1731 1784//1730 
f 1703//1649 1786//1732 1785//1731 
f 1704//1650 1787//1733 1786//1732 
f 1705//1651 1788//1734 1787//1733 
f 1706//1652 1789//1735 1788//1734 
f 1707//1653 1790//1736 1789//1735 
f 1708//1654 1791//1737 1790//1736 
f 1709//1655 1792//1738 1791//1737 
f 1710//1656 1793//1739 1792//1738 
f 1711//1657 1794//1740 1793//1739 
f 1712//1658 1795//1741 1794//1740 
f 1713//1659 1796//1742 1795//1741 
f 1714//1660 1797//1743 1796//1742 
f 1715//1661 1798//1744 1797//1743 
f 1716//1662 1799//1745 1798//1744 
f 1717//1663 1800//1746 1799//1745 
f 1718//1664 1801//1747 1800//1746 
f 1719//1665 1802//1748 1801//1747 
f 1720//1666 1803//1749 1802//1748 
f 1721//1667 1804//1750 1803//1749 
f 1722//1668 1805//1751 1804//1750 
f 1723//1669 1806//1752 1805//1751 
f 1724//1670 1807//1753 1806//1752 
f 1725//1671 1808//1754 1807//1753 
f 1726//1672 1809//1755 1808//1754 
f 1727//1673 1810//1756 1809//1755 
f 1728//1674 1811//1757 1810//1756 
f 1729//1675 1812//1758 1811//1757 
f 1730//1676 1813//1759 1812//1758 
f 1731//1677 1814//1760 1813//1759 
f 1732//1678 1815//1761 1814//1760 
f 1733//1679 1816//1762 1815//1761 
f 1734//1680 1817//1763 1816//1762 
f 1735//1681 1818//1764 1817//1763 
f 1736//1682 1819//1765 1818//1764 
f 1737//1683 1820//1766 1819//1765 
f 1738//1684 1821//1767 1820//1766 
f 1821//1767 1739//1685 1822//1768 
f 1739//1685 1740//1686 1823//1769 
f 1740//1686 1741//1687 1824//1770 
f 1741//1687 1742//1688 1825//1771 
f 1742//1688 1743//1689 1826//1772 
f 1743//1689 1744//1690 1827//1773 
f 1744//1690 1745//1691 1828//1774 
f 1745//1691 1746//1692 1829//1775 
f 1746//1692 1747//1693 1830//1776 
f 1747//1693 1748//1694 1831//1777 
f 1748//1694 1749//1695 1832//1778 
f 1749//1695 1750//1696 1833//1779 
f 1750//1696 1751//1697 1834//1780 
f 1751//1697 1752//1698 1835//1781 
f 1752//1698 1753//1699 1836//1782 
f 1753//1699 1754//1700 1837//1783 
f 1754//1700 1755//1701 1838//1784 
f 1755//1701 1756//1702 1839//1785 
f 1756//1702 1757//1703 1840//1786 
f 1757//1703 1758//1704 1841//1787 
f 1758//1704 1759//1705 1842//1788 
f 1759//1705 1760//1706 1843//1789 
f 1760//1706 1761//1707 1844//1790 
f 1761//1707 1762//1708 1845//1791 
f 1762//1708 1763//1709 1846//1792 
f 1763//1709 1764//1710 1847//1793 
f 1764//1710 1765//1711 1848//1794 
f 1765//1711 1766//1712 1849//1795 
f 1766//1712 1767//1713 1850//1796 
f 1767//1713 1768//1714 1851//1797 
f 1768//1714 1769//1715 1852//1798 
f 1769//1715 1770//1716 1853//1799 
f 1770//1716 1771//1717 1854//1800 
f 1771//1717 1772//1718 1855//1801 
f 1772//1718 1773//1719 1856//1802 
f 1773//1719 1774//1720 1857//1803 
f 1774//1720 1775//1721 1858//1804 
f 1775//1721 1776//1722 1859//1805 
f 1776//1722 1777//1723 1860//1806 
f 1777//1723 1778//1724 1861//1807 
f 1778//1724 1779//1725 1862//1808 
f 1780//1726 1863//1809 1862//1808 
f 1781//1727 1864//1810 1863//1809 
f 1782//1728 1865//1811 1864//1810 
f 1783//1729 1866//1812 1865//1811 
f 1784//1730 1867//1813 1866//1812 
f 1785//1731 1868//1814 1867//1813 
f 1786//1732 1869//1815 1868//1814 
f 1787//1733 1870//1816 1869//1815 
f 1788//1734 1871//1817 1870//1816 
f 1789//1735 1872//1818 1871//1817 
f 1790//1736 1873//1819 1872//1818 
f 1791//1737 1874//1820 1873//1819 
f 1792//1738 1875//1821 1874//1820 
f 1793//1739 1876//1822 1875//1821 
f 1794//1740 1877//1823 1876//1822 
f 1795//1741 1878//1824 1877//1823 
f 1796//1742 1879//1825 1878//1824 
f 1797//1743 1880//1826 1879//1825 
f 1798//1744 1881//1827 1880//1826 
f 1799//1745 1882//1828 1881//1827 
f 1800//1746 1883//1829 1882//1828 
f 1801//1747 1884//1830 1883//1829 
f 1802//1748 1885//1831 1884//1830 
f 1803//1749 1886//1832 1885//1831 
f 1804//1750 1887//1833 1886//1832 
f 1805//1751 1888//1834 1887//1833 
f 1806//1752 1889//1835 1888//1834 
f 1807//1753 1890//1836 1889//1835 
f 1808//1754 1891//1837 1890//1836 
f 1809//1755 1892//1838 1891//1837 
f 1810//1756 1893//1839 1892//1838 
f 1811//1757 1894//1840 1893//1839 
f 1812//1758 1895//1841 1894//1840 
f 1813//1759 1896//1842 1895//1841 
f 1814//1760 1897//1843 1896//1842 
f 1815//1761 1898//1844 1897//1843 
f 1816//1762 1899//1845 1898//1844 
f 1817//1763 1900//1846 1899//1845 
f 1818//1764 1901//1847 1900//1846 
f 1819//1765 1902//1848 1901//1847 
f 1820//1766 1903//1849 1902//1848 
f 1821//1767 1904//1850 1903//1849 
f 1904//1850 1822//1768 1905//1851 
f 1822//1768 1823//1769 1906//1852 
f 1823//1769 1824//1770 1907//1853 
f 1824//1770 1825//1771 1908//1854 
f 1825//1771 1826//1772 1909//1855 
f 1826//1772 1827//1773 1910//1856 
f 1827//1773 1828//1774 1911//1857 
f 1828//1774 1829//1775 1912//1858 
f 1829//1775 1830//1776 1913//1859 
f 1830//1776 1831//1777 1914//1860 
f 1831//1777 1832//1778 1915//1861 
f 1832//1778 1833//1779 1916//1862 
f 1833//1779 1834//1780 1917//1863 
f 1834//1780 1835//1781 1918//1864 
f 1835//1781 1836//1782 1919//1865 
f 1836//1782 1837//1783 1920//1866 
f 1837//1783 1838//1784 1921//1867 
f 1838//1784 1839//1785 1922//1868 
f 1839//1785 1840//1786 1923//1869 
f 1840//1786 1841//1787 1924//1870 
f 1841//1787 1842//1788 1925//1871 
f 1842//1788 1843//1789 1926//1872 
f 1843//1789 1844//1790 1927//1873 
f 1844//1790 1845//1791 1928//1874 
f 1845//1791 1846//1792 1929//1875 
f 1846//1792 1847//1793 1930//1876 
f 1847//1793 1848//1794 1931//1877 
f 1848//1794 1849//1795 1932//1878 
f 1849//1795 1850//1796 1933//1879 
f 1850//1796 1851//1797 1934//1880 
f 1851//1797 1852//1798 1935//1881 
f 1852//1798 1853//1799 1936//1882 
f 1853//1799 1854//1800 1937//1883 
f 1854//1800 1855//1801 1938//1884 
f 1855//1801 1856//1802 1939//1885 
f 1856//1802 1857//1803 1940//1886 
f 1857//1803 1858//1804 1941//1887 
f 1858//1804 1859//1805 1942//1888 
f 1859//1805 1860//1806 1943//1889 
f 1860//1806 1861//1807 1944//1890 
f 1861//1807 1862//1808 1945//1891 
f 1863//1809 1946//1892 1945//1891 
f 1864//1810 1947//1893 1946//1892 
f 1865//1811 1948//1894 1947//1893 
f 1866//1812 1949//1895 1948//1894 
f 1867//1813 1950//1896 1949//1895 
f 1868//1814 1951//1897 1950//1896 
f 1869//1815 1952//1898 1951//1897 
f 1870//1816 1953//1899 1952//1898 
f 1871//1817 1954//1900 1953//1899 
f 1872//1818 1955//1901 1954//1900 
f 1873//1819 1956//1902 1955//1901 
f 1874//1820 1957//1903 1956//1902 
f 1875//1821 1958//1904 1957//1903 
f 1876//1822 1959//1905 1958//1904 
f 1877//1823 1960//1906 1959//1905 
f 1878//1824 1961//1907 1960//1906 
f 1879//1825 1962//1908 1961//1907 
f 1880//1826 1963//1909 1962//1908 
f 1881//1827 1964//1910 1963//1909 
f 1882//1828 1965//1911 1964//1910 
f 1883//1829 1966//1912 1965//1911 
f 1884//1830 1967//1913 1966//1912 
f 1885//1831 1968//1914 1967//1913 
f 1886//1832 1969//1915 1968//1914 
f 1887//1833 1970//1916 1969//1915 
f 1888//1834 1971//1917 1970//1916 
f 1889//1835 1972//1918 1971//1917 
f 1890//1836 1973//1919 1972//1918 
f 1891//1837 1974//1920 1973//1919 
f 1892//1838 1975//1921 1974//1920 
f 1893//1839 1976//1922 1975//1921 
f 1894//1840 1977//1923 1976//1922 
f 1895//1841 1978//1924 1977//1923 
f 1896//1842 1979//1925 1978//1924 
f 1897//1843 1980//1926 1979//1925 
f 1898//1844 1981//1927 1980//1926 
f 1899//1845 1982//1928 1981//1927 
f 1900//1846 1983//1929 1982//1928 
f 1901//1847 1984//1930 1983//1929 
f 1902//1848 1985//1931 1984//1930 
f 1903//1849 1986//1932 1985//1931 
f 1904//1850 1987//1933 1986//1932 
f 1987//1933 1905//1851 1988//1934 
f 1905//1851 1906//1852 1989//1935 
f 1906//1852 1907//1853 1990//1936 
f 1907//1853 1908//1854 1991//1937 
f 1908//1854 1909//1855 1992//1938 
f 1909//1855 1910//1856 1993//1939 
f 1910//1856 1911//1857 1994//1940 
f 1911//1857 1912//1858 1995//1941 
f 1912//1858 1913//1859 1996//1942 
f 1913//1859 1914//1860 1997//1943 
f 1914//1860 1915//1861 1998//1944 
f 1915//1861 1916//1862 1999//1945 
f 1916//1862 1917//1863 2000//1946 
f 1917//1863 1918//1864 2001//1947 
f 1918//1864 1919//1865 2002//1948 
f 1919//1865 1920//1866 2003//1949 
f 1920//1866 1921//1867 2004//1950 
f 1921//1867 1922//1868 2005//1951 
f 1922//1868 1923//1869 2006//1952 
f 1923//1869 1924//1870 2007//1953 
f 1924//1870 1925//1871 2008//1954 
f 1925//1871 1926//1872 2009//1955 
f 1926//1872 1927//1873 2010//1956 
f 1927//1873 1928//1874 2011//1957 
f 1928//1874 1929//1875 2012//1958 
f 1929//1875 1930//1876 2013//1959 
f 1930//1876 1931//1877 2014//1960 
f 1931//1877 1932//1878 2015//1961 
f 1932//1878 1933//1879 2016//1962 
f 1933//1879 1934//1880 2017//1963 
f 1934//1880 1935//1881 2018//1964 
f 1935//1881 1936//1882 2019//1965 
f 1936//1882 1937//1883 2020//1966 
f 1937//1883 1938//1884 2021//1967 
f 1938//1884 1939//1885 2022//1968 
f 1939//1885 1940//1886 2023//1969 
f 1940//1886 1941//1887 2024//1970 
f 1941//1887 1942//1888 2025//1971 
f 1942//1888 1943//1889 2026//1972 
f 1943//1889 1944//1890 2027//1973 
f 1944//1890 1945//1891 2028//1974 
f 1946//1892 2029//1975 2028//1974 
f 1947//1893 2030//1976 2029//1975 
f 1948//1894 2031//1977 2030//1976 
f 1949//1895 2032//1978 2031//1977 
f 1950//1896 2033//1979 2032//1978 
f 1951//1897 2034//1980 2033//1979 
f 1952//1898 2035//1981 2034//1980 
f 1953//1899 2036//1982 2035//1981 
f 1954//1900 2037//1983 2036//1982 
f 1955//1901 2038//1984 2037//1983 
f 1956//1902 2039//1985 2038//1984 
f 1957//1903 2040//1986 2039//1985 
f 1958//1904 2041//1987 2040//1986 
f 1959//1905 2042//1988 2041//1987 
f 1960//1906 2043//1989 2042//1988 
f 1961//1907 2044//1990 2043//1989 
f 1962//1908 2045//1991 2044//1990 
f 1963//1909 2046//1992 2045//1991 
f 1964//1910 2047//1993 2046//1992 
f 1965//1911 2048//1994 2047//1993 
f 1966//1912 2049//1995 2048//1994 
f 1967//1913 2050//1996 2049//1995 
f 1968//1914 2051//1997 2050//1996 
f 1969//1915 2052//1998 2051//1997 
f 1970//1916 2053//1999 2052//1998 
f 1971//1917 2054//2000 2053//1999 
f 1972//1918 2055//2001 2054//2000 
f 1973//1919 2056//2002 2055//2001 
f 1974//1920 2057//2003 2056//2002 
f 1975//1921 2058//2004 2057//2003 
f 1976//1922 2059//2005 2058//2004 
f 1977//1923 2060//2006 2059//2005 
f 1978//1924 2061//2007 2060//2006 
f 1979//1925 2062//2008 2061//2007 
f 1980//1926 2063//2009 2062//2008 
f 1981//1927 2064//2010 2063//2009 
f 1982//1928 2065//2011 2064//2010 
f 1983//1929 2066//2012 2065//2011 
f 1984//1930 2067//2013 2066//2012 
f 1985//1931 2068//2014 2067//2013 
f 1986//1932 2069//2015 2068//2014 
f 1987//1933 2070//2016 2069//2015 
f 2070//2016 1988//1934 2071//2017 
f 1988//1934 1989//1935 2072//2018 
f 1989//1935 1990//1936 2073//2019 
f 1990//1936 1991//1937 2074//2020 
f 1991//1937 1992//1938 2075//2021 
f 1992//1938 1993//1939 2076//2022 
f 1993//1939 1994//1940 2077//2023 
f 1994//1940 1995//1941 2078//2024 
f 1995//1941 1996//1942 2079//2025 
f 1996//1942 1997//1943 2080//2026 
f 1997//1943 1998//1944 2081//2027 
f 1998//1944 1999//1945 2082//2028 
f 1999//1945 2000//1946 2083//2029 
f 2000//1946 2001//1947 2084//2030 
f 2001//1947 2002//1948 2085//2031 
f 2002//1948 2003//1949 2086//2032 
f 2003//1949 2004//1950 2087//2033 
f 2004//1950 2005//1951 2088//2034 
f 2005//1951 2006//1952 2089//2035 
f 2006//1952 2007//1953 2090//2036 
f 2007//1953 2008//1954 2091//2037 
f 2008//1954 2009//1955 2092//2038 
f 2009//1955 2010//1956 2093//2039 
f 2010//1956 2011//1957 2094//2040 
f 2011//1957 2012//1958 2095//2041 
f 2012//1958 2013//1959 2096//2042 
f 2013//1959 2014//1960 2097//2043 
f 2014//1960 2015//1961 2098//2044 
f 2015//1961 2016//1962 2099//2045 
f 2016//1962 2017//1963 2100//2046 
f 2017//1963 2018//1964 2101//2047 
f 2018//1964 2019//1965 2102//2048 
f 2019//1965 2020//1966 2103//2049 
f 2020//1966 2021//1967 2104//2050 
f 2021//1967 2022//1968 2105//2051 
f 2022//1968 2023//1969 2106//2052 
f 2023//1969 2024//1970 2107//2053 
f 2024//1970 2025//1971 2108//2054 
f 2025//1971 2026//1972 2109//2055 
f 2026//1972 2027//1973 2110//2056 
f 2027//1973 2028//1974 2111//2057 
f 2029//1975 2112//2058 2111//2057 
f 2030//1976 2113//2059 2112//2058 
f 2031//1977 2114//2060 2113//2059 
f 2032//1978 2115//2061 2114//2060 
f 2033//1979 2116//2062 2115//2061 
f 2034//1980 2117//2063 2116//2062 
f 2035//1981 2118//2064 2117//2063 
f 2036//1982 2119//2065 2118//2064 
f 2037//1983 2120//2066 2119//2065 
f 2038//1984 2121//2067 2120//2066 
f 2039//1985 2122//2068 2121//2067 
f 2040//1986 2123//2069 2122//2068 
f 2041//1987 2124//2070 2123//2069 
f 2042//1988 2125//2071 2124//2070 
f 2043//1989 2126//2072 2125//2071 
f 2044//1990 2127//2073 2126//2072 
f 2045//1991 2128//2074 2127//2073 
f 2046//1992 2129//2075 2128//2074 
f 2047//1993 2130//2076 2129//2075 
f 2048//1994 2131//2077 2130//2076 
f 2049//1995 2132//2078 2131//2077 
f 2050//1996 2133//2079 2132//2078 
f 2051//1997 2134//2080 2133//2079 
f 2052//1998 2135//2081 2134//2080 
f 2053//1999 2136//2082 2135//2081 
f 2054//2000 2137//2083 2136//2082 
f 2055//2001 2138//2084 2137//2083 
f 2056//2002 2139//2085 2138//2084 
f 2057//2003 2140//2086 2139//2085 
f 2058//2004 2141//2087 2140//2086 
f 2059//2005 2142//2088 2141//2087 
f 2060//2006 2143//2089 2142//2088 
f 2061//2007 2144//2090 2143//2089 
f 2062//2008 2145//2091 2144//2090 
f 2063//2009 2146//2092 2145//2091 
f 2064//2010 2147//2093 2146//2092 
f 2065//2011 2148//2094 2147//2093 
f 2066//2012 2149//2095 2148//2094 
f 2067//2013 2150//2096 2149//2095 
f 2068//2014 2151//2097 2150//2096 
f 2069//2015 2152//2098 2151//2097 
f 2070//2016 2153//2099 2152//2098 
f 2153//2099 2071//2017 2154//2100 
f 2071//2017 2072//2018 2155//2101 
f 2072//2018 2073//2019 2156//2102 
f 2073//2019 2074//2020 2157//2103 
f 2074//2020 2075//2021 2158//2104 
f 2075//2021 2076//2022 2159//2105 
f 2076//2022 2077//2023 2160//2106 
f 2077//2023 2078//2024 2161//2107 
f 2078//2024 2079//2025 2162//2108 
f 2079//2025 2080//2026 2163//2109 
f 2080//2026 2081//2027 2164//2110 
f 2081//2027 2082//2028 2165//2111 
f 2082//2028 2083//2029 2166//2112 
f 2083//2029 2084//2030 2167//2113 
f 2084//2030 2085//2031 2168//2114 
f 2085//2031 2086//2032 2169//2115 
f 2086//2032 2087//2033 2170//2116 
f 2087//2033 2088//2034 2171//2117 
f 2088//2034 2089//2035 2172//2118 
f 2089//2035 2090//2036 2173//2119 
f 2090//2036 2091//2037 2174//2120 
f 2091//2037 2092//2038 2175//2121 
f 2092//2038 2093//2039 2176//2122 
f 2093//2039 2094//2040 2177//2123 
f 2094//2040 2095//2041 2178//2124 
f 2095//2041 2096//2042 2179//2125 
f 2096//2042 2097//2043 2180//2126 
f 2097//2043 2098//2044 2181//2127 
f 2098//2044 2099//2045 2182//2128 
f 2099//2045 2100//2046 2183//2129 
f 2100//2046 2101//2047 2184//2130 
f 2101//2047 2102//2048 2185//2131 
f 2102//2048 2103//2049 2186//2132 
f 2103//2049 2104//2050 2187//2133 
f 2104//2050 2105//2051 2188//2134 
f 2105//2051 2106//2052 2189//2135 
f 2106//2052 2107//2053 2190//2136 
f 2107//2053 2108//2054 2191//2137 
f 2108//2054 2109//2055 2192//2138 
f 2109//2055 2110//2056 2193//2139 
f 2110//2056 2111//2057 2194//2140 
f 2112//2058 2195//2141 2194//2140 
f 2113//2059 2196//2142 2195//2141 
f 2114//2060 2197//2143 2196//2142 
f 2115//2061 2198//2144 2197//2143 
f 2116//2062 2199//2145 2198//2144 
f 2117//2063 2200//2146 2199//2145 
f 2118//2064 2201//2147 2200//2146 
f 2119//2065 2202//2148 2201//2147 
f 2120//2066 2203//2149 2202//2148 
f 2121//2067 2204//2150 2203//2149 
f 2122//2068 2205//2151 2204//2150 
f 2123//2069 2206//2152 2205//2151 
f 2124//2070 2207//2153 2206//2152 
f 2125//2071 2208//2154 2207//2153 
f 2126//2072 2209//2155 2208//2154 
f 2127//2073 2210//2156 2209//2155 
f 2128//2074 2211//2157 2210//2156 
f 2129//2075 2212//2158 2211//2157 
f 2130//2076 2213//2159 2212//2158 
f 2131//2077 2214//2160 2213//2159 
f 2132//2078 2215//2161 2214//2160 
f 2133//2079 2216//2162 2215//2161 
f 2134//2080 2217//2163 2216//2162 
f 2135//2081 2218//2164 2217//2163 
f 2136//2082 2219//2165 2218//2164 
f 2137//2083 2220//2166 2219//2165 
f 2138//2084 2221//2167 2220//2166 
f 2139//2085 2222//2168 2221//2167 
f 2140//2086 2223//2169 2222//2168 
f 2141//2087 2224//2170 2223//2169 
f 2142//2088 2225//2171 2224//2170 
f 2143//2089 2226//2172 2225//2171 
f 2144//2090 2227//2173 2226//2172 
f 2145//2091 2228//2174 2227//2173 
f 2146//2092 2229//2175 2228//2174 
f 2147//2093 2230//2176 2229//2175 
f 2148//2094 2231//2177 2230//2176 
f 2149//2095 2232//2178 2231//2177 
f 2150//2096 2233//2179 2232//2178 
f 2151//2097 2234//2180 2233//2179 
f 2152//2098 2235//2181 2234//2180 
f 2153//2099 2236//2182 2235//2181 
f 2236//2182 2154//2100 2237//2183 
f 2154//2100 2155//2101 2238//2184 
f 2155//2101 2156//2102 2239//2185 
f 2156//2102 2157//2103 2240//2186 
f 2157//2103 2158//2104 2241//2187 
f 2158//2104 2159//2105 2242//2188 
f 2159//2105 2160//2106 2243//2189 
f 2160//2106 2161//2107 2244//2190 
f 2161//2107 2162//2108 2245//2191 
f 2162//2108 2163//2109 2246//2192 
f 2163//2109 2164//2110 2247//2193 
f 2164//2110 2165//2111 2248//2194 
f 2165//2111 2166//2112 2249//2195 
f 2166//2112 2167//2113 2250//2196 
f 2167//2113 2168//2114 2251//2197 
f 2168//2114 2169//2115 2252//2198 
f 2169//2115 2170//2116 2253//2199 
f 2170//2116 2171//2117 2254//2200 
f 2171//2117 2172//2118 2255//2201 
f 2172//2118 2173//2119 2256//2202 
f 2173//2119 2174//2120 2257//2203 
f 2174//2120 2175//2121 2258//2204 
f 2175//2121 2176//2122 2259//2205 
f 2176//2122 2177//2123 2260//2206 
f 2177//2123 2178//2124 2261//2207 
f 2178//2124 2179//2125 2262//2208 
f 2179//2125 2180//2126 2263//2209 
f 2180//2126 2181//2127 2264//2210 
f 2181//2127 2182//2128 2265//2211 
f 2182//2128 2183//2129 2266//2212 
f 2183//2129 2184//2130 2267//2213 
f 2184//2130 2185//2131 2268//2214 
f 2185//2131 2186//2132 2269//2215 
f 2186//2132 2187//2133 2270//2216 
f 2187//2133 2188//2134 2271//2217 
f 2188//2134 2189//2135 2272//2218 
f 2189//2135 2190//2136 2273//2219 
f 2190//2136 2191//2137 2274//2220 
f 2191//2137 2192//2138 2275//2221 
f 2192//2138 2193//2139 2276//2222 
f 2193//2139 2194//2140 2277//2223 
f 2195//2141 2278//2224 2277//2223 
f 2196//2142 2279//2225 2278//2224 
f 2197//2143 2280//2226 2279//2225 
f 2198//2144 2281//2227 2280//2226 
f 2199//2145 2282//2228 2281//2227 
f 2200//2146 2283//2229 2282//2228 
f 2201//2147 2284//2230 2283//2229 
f 2202//2148 2285//2231 2284//2230 
f 2203//2149 2286//2232 2285//2231 
f 2204//2150 2287//2233 2286//2232 
f 2205//2151 2288//2234 2287//2233 
f 2206//2152 2289//2235 2288//2234 
f 2207//2153 2290//2236 2289//2235 
f 2208//2154 2291//2237 2290//2236 
f 2209//2155 2292//2238 2291//2237 
f 2210//2156 2293//2239 2292//2238 
f 2211//2157 2294//2240 2293//2239 
f 2212//2158 2295//2241 2294//2240 
f 2213//2159 2296//2242 2295//2241 
f 2214//2160 2297//2243 2296//2242 
f 2215//2161 2298//2244 2297//2243 
f 2216//2162 2299//2245 2298//2244 
f 2217//2163 2300//2246 2299//2245 
f 2218//2164 2301//2247 2300//2246 
f 2219//2165 2302//2248 2301//2247 
f 2220//2166 2303//2249 2302//2248 
f 2221//2167 2304//2250 2303//2249 
f 2222//2168 2305//2251 2304//2250 
f 2223//2169 2306//2252 2305//2251 
f 2224//2170 2307//2253 2306//2252 
f 2225//2171 2308//2254 2307//2253 
f 2226//2172 2309//2255 2308//2254 
f 2227//2173 2310//2256 2309//2255 
f 2228//2174 2311//2257 2310//2256 
f 2229//2175 2312//2258 2311//2257 
f 2230//2176 2313//2259 2312//2258 
f 2231//2177 2314//2260 2313//2259 
f 2232//2178 2315//2261 2314//2260 
f 2233//2179 2316//2262 2315//2261 
f 2234//2180 2317//2263 2316//2262 
f 2235//2181 2318//2264 2317//2263 
f 2236//2182 2319//2265 2318//2264 
f 2319//2265 2237//2183 2320//2266 
f 2237//2183 2238//2184 2321//2267 
f 2238//2184 2239//2185 2322//2268 
f 2239//2185 2240//2186 2323//2269 
f 2240//2186 2241//2187 2324//2270 
f 2241//2187 2242//2188 2325//2271 
f 2242//2188 2243//2189 2326//2272 
f 2243//2189 2244//2190 2327//2273 
f 2244//2190 2245//2191 2328//2274 
f 2245//2191 2246//2192 2329//2275 
f 2246//2192 2247//2193 2330//2276 
f 2247//2193 2248//2194 2331//2277 
f 2248//2194 2249//2195 2332//2278 
f 2249//2195 2250//2196 2333//2279 
f 2250//2196 2251//2197 2334//2280 
f 2251//2197 2252//2198 2335//2281 
f 2252//2198 2253//2199 2336//2282 
f 2253//2199 2254//2200 2337//2283 
f 2254//2200 2255//2201 2338//2284 
f 2255//2201 2256//2202 2339//2285 
f 2256//2202 2257//2203 2340//2286 
f 2257//2203 2258//2204 2341//2287 
f 2258//2204 2259//2205 2342//2288 
f 2259//2205 2260//2206 2343//2289 
f 2260//2206 2261//2207 2344//2290 
f 2261//2207 2262//2208 2345//2291 
f 2262//2208 2263//2209 2346//2292 
f 2263//2209 2264//2210 2347//2293 
f 2264//2210 2265//2211 2348//2294 
f 2265//2211 2266//2212 2349//2295 
f 2266//2212 2267//2213 2350//2296 
f 2267//2213 2268//2214 2351//2297 
f 2268//2214 2269//2215 2352//2298 
f 2269//2215 2270//2216 2353//2299 
f 2270//2216 2271//2217 2354//2300 
f 2271//2217 2272//2218 2355//2301 
f 2272//2218 2273//2219 2356//2302 
f 2273//2219 2274//2220 2357//2303 
f 2274//2220 2275//2221 2358//2304 
f 2275//2221 2276//2222 2359//2305 
f 2276//2222 2277//2223 2360//2306 
f 2278//2224 2361//2307 2360//2306 
f 2279//2225 2362//2308 2361//2307 
f 2280//2226 2363//2309 2362//2308 
f 2281//2227 2364//2310 2363//2309 
f 2282//2228 2365//2311 2364//2310 
f 2283//2229 2366//2312 2365//2311 
f 2284//2230 2367//2313 2366//2312 
f 2285//2231 2368//2314 2367//2313 
f 2286//2232 2369//2315 2368//2314 
f 2287//2233 2370//2316 2369//2315 
f 2288//2234 2371//2317 2370//2316 
f 2289//2235 2372//2318 2371//2317 
f 2290//2236 2373//2319 2372//2318 
f 2291//2237 2374//2320 2373//2319 
f 2292//2238 2375//2321 2374//2320 
f 2293//2239 2376//2322 2375//2321 
f 2294//2240 2377//2323 2376//2322 
f 2295//2241 2378//2324 2377//2323 
f 2296//2242 2379//2325 2378//2324 
f 2297//2243 2380//2326 2379//2325 
f 2298//2244 2381//2327 2380//2326 
f 2299//2245 2382//2328 2381//2327 
f 2300//2246 2383//2329 2382//2328 
f 2301//2247 2384//2330 2383//2329 
f 2302//2248 2385//2331 2384//2330 
f 2303//2249 2386//2332 2385//2331 
f 2304//2250 2387//2333 2386//2332 
f 2305//2251 2388//2334 2387//2333 
f 2306//2252 2389//2335 2388//2334 
f 2307//2253 2390//2336 2389//2335 
f 2308//2254 2391//2337 2390//2336 
f 2309//2255 2392//2338 2391//2337 
f 2310//2256 2393//2339 2392//2338 
f 2311//2257 2394//2340 2393//2339 
f 2312//2258 2395//2341 2394//2340 
f 2313//2259 2396//2342 2395//2341 
f 2314//2260 2397//2343 2396//2342 
f 2315//2261 2398//2344 2397//2343 
f 2316//2262 2399//2345 2398//2344 
f 2317//2263 2400//2346 2399//2345 
f 2318//2264 2401//2347 2400//2346 
f 2319//2265 2402//2348 2401//2347 
f 2402//2348 2320//2266 2403//2349 
f 2320//2266 2321//2267 2404//2350 
f 2321//2267 2322//2268 2405//2351 
f 2322//2268 2323//2269 2406//2352 
f 2323//2269 2324//2270 2407//2353 
f 2324//2270 2325//2271 2408//2354 
f 2325//2271 2326//2272 2409//2355 
f 2326//2272 2327//2273 2410//2356 
f 2327//2273 2328//2274 2411//2357 
f 2328//2274 2329//2275 2412//2358 
f 2329//2275 2330//2276 2413//2359 
f 2330//2276 2331//2277 2414//2360 
f 2331//2277 2332//2278 2415//2361 
f 2332//2278 2333//2279 2416//2362 
f 2333//2279 2334//2280 2417//2363 
f 2334//2280 2335//2281 2418//2364 
f 2335//2281 2336//2282 2419//2365 
f 2336//2282 2337//2283 2420//2366 
f 2337//2283 2338//2284 2421//2367 
f 2338//2284 2339//2285 2422//2368 
f 2339//2285 2340//2286 2423//2369 
f 2340//2286 2341//2287 2424//2370 
f 2341//2287 2342//2288 2425//2371 
f 2342//2288 2343//2289 2426//2372 
f 2343//2289 2344//2290 2427//2373 
f 2344//2290 2345//2291 2428//2374 
f 2345//2291 2346//2292 2429//2375 
f 2346//2292 2347//2293 2430//2376 
f 2347//2293 2348//2294 2431//2377 
f 2348//2294 2349//2295 2432//2378 
f 2349//2295 2350//2296 2433//2379 
f 2350//2296 2351//2297 2434//2380 
f 2351//2297 2352//2298 2435//2381 
f 2352//2298 2353//2299 2436//2382 
f 2353//2299 2354//2300 2437//2383 
f 2354//2300 2355//2301 2438//2384 
f 2355//2301 2356//2302 2439//2385 
f 2356//2302 2357//2303 2440//2386 
f 2357//2303 2358//2304 2441//2387 
f 2358//2304 2359//2305 2442//2388 
f 2359//2305 2360//2306 2443//2389 
f 2361//2307 2444//2390 2443//2389 
f 2362//2308 2445//2391 2444//2390 
f 2363//2309 2446//2392 2445//2391 
f 2364//2310 2447//2393 2446//2392 
f 2365//2311 2448//2394 2447//2393 
f 2366//2312 2449//2395 2448//2394 
f 2367//2313 2450//2396 2449//2395 
f 2368//2314 2451//2397 2450//2396 
f 2369//2315 2452//2398 2451//2397 
f 2370//2316 2453//2399 2452//2398 
f 2371//2317 2454//2400 2453//2399 
f 2372//2318 2455//2401 2454//2400 
f 2373//2319 2456//2402 2455//2401 
f 2374//2320 2457//2403 2456//2402 
f 2375//2321 2458//2404 2457//2403 
f 2376//2322 2459//2405 2458//2404 
f 2377//2323 2460//2406 2459//2405 
f 2378//2324 2461//2407 2460//2406 
f 2379//2325 2462//2408 2461//2407 
f 2380//2326 2463//2409 2462//2408 
f 2381//2327 2464//2410 2463//2409 
f 2382//2328 2465//2411 2464//2410 
f 2383//2329 2466//2412 2465//2411 
f 2384//2330 2467//2413 2466//2412 
f 2385//2331 2468//2414 2467//2413 
f 2386//2332 2469//2415 2468//2414 
f 2387//2333 2470//2416 2469//2415 
f 2388//2334 2471//2417 2470//2416 
f 2389//2335 2472//2418 2471//2417 
f 2390//2336 2473//2419 2472//2418 
f 2391//2337 2474//2420 2473//2419 
f 2392//2338 2475//2421 2474//2420 
f 2393//2339 2476//2422 2475//2421 
f 2394//2340 2477//2423 2476//2422 
f 2395//2341 2478//2424 2477//2423 
f 2396//2342 2479//2425 2478//2424 
f 2397//2343 2480//2426 2479//2425 
f 2398//2344 2481//2427 2480//2426 
f 2399//2345 2482//2428 2481//2427 
f 2400//2346 2483//2429 2482//2428 
f 2401//2347 2484//2430 2483//2429 
f 2402//2348 2485//2431 2484//2430 
f 2485//2431 2403//2349 2486//2432 
f 2403//2349 2404//2350 2487//2433 
f 2404//2350 2405//2351 2488//2434 
f 2405//2351 2406//2352 2489//2435 
f 2406//2352 2407//2353 2490//2436 
f 2407//2353 2408//2354 2491//2437 
f 2408//2354 2409//2355 2492//2438 
f 2409//2355 2410//2356 2493//2439 
f 2410//2356 2411//2357 2494//2440 
f 2411//2357 2412//2358 2495//2441 
f 2412//2358 2413//2359 2496//2442 
f 2413//2359 2414//2360 2497//2443 
f 2414//2360 2415//2361 2498//2444 
f 2415//2361 2416//2362 2499//2445 
f 2416//2362 2417//2363 2500//2446 
f 2417//2363 2418//2364 2501//2447 
f 2418//2364 2419//2365 2502//2448 
f 2419//2365 2420//2366 2503//2449 
f 2420//2366 2421//2367 2504//2450 
f 2421//2367 2422//2368 2505//2451 
f 2422//2368 2423//2369 2506//2452 
f 2423//2369 2424//2370 2507//2453 
f 2424//2370 2425//2371 2508//2454 
f 2425//2371 2426//2372 2509//2455 
f 2426//2372 2427//2373 2510//2456 
f 2427//2373 2428//2374 2511//2457 
f 2428//2374 2429//2375 2512//2458 
f 2429//2375 2430//2376 2513//2459 
f 2430//2376 2431//2377 2514//2460 
f 2431//2377 2432//2378 2515//2461 
f 2432//2378 2433//2379 2516//2462 
f 2433//2379 2434//2380 2517//2463 
f 2434//2380 2435//2381 2518//2464 
f 2435//2381 2436//2382 2519//2465 
f 2436//2382 2437//2383 2520//2466 
f 2437//2383 2438//2384 2521//2467 
f 2438//2384 2439//2385 2522//2468 
f 2439//2385 2440//2386 2523//2469 
f 2440//2386 2441//2387 2524//2470 
f 2441//2387 2442//2388 2525//2471 
f 2442//2388 2443//2389 2526//2472 
f 2444//2390 2527//2473 2526//2472 
f 2445//2391 2528//2474 2527//2473 
f 2446//2392 2529//2475 2528//2474 
f 2447//2393 2530//2476 2529//2475 
f 2448//2394 2531//2477 2530//2476 
f 2449//2395 2532//2478 2531//2477 
f 2450//2396 2533//2479 2532//2478 
f 2451//2397 2534//2480 2533//2479 
f 2452//2398 2535//2481 2534//2480 
f 2453//2399 2536//2482 2535//2481 
f 2454//2400 2537//2483 2536//2482 
f 2455//2401 2538//2484 2537//2483 
f 2456//2402 2539//2485 2538//2484 
f 2457//2403 2540//2486 2539//2485 
f 2458//2404 2541//2487 2540//2486 
f 2459//2405 2542//2488 2541//2487 
f 2460//2406 2543//2489 2542//2488 
f 2461//2407 2544//2490 2543//2489 
f 2462//2408 2545//2491 2544//2490 
f 2463//2409 2546//2492 2545//2491 
f 2464//2410 2547//2493 2546//2492 
f 2465//2411 2548//2494 2547//2493 
f 2466//2412 2549//2495 2548//2494 
f 2467//2413 2550//2496 2549//2495 
f 2468//2414 2551//2497 2550//2496 
f 2469//2415 2552//2498 2551//2497 
f 2470//2416 2553//2499 2552//2498 
f 2471//2417 2554//2500 2553//2499 
f 2472//2418 2555//2501 2554//2500 
f 2473//2419 2556//2502 2555//2501 
f 2474//2420 2557//2503 2556//2502 
f 2475//2421 2558//2504 2557//2503 
f 2476//2422 2559//2505 2558//2504 
f 2477//2423 2560//2506 2559//2505 
f 2478//2424 2561//2507 2560//2506 
f 2479//2425 2562//2508 2561//2507 
f 2480//2426 2563//2509 2562//2508 
f 2481//2427 2564//2510 2563//2509 
f 2482//2428 2565//2511 2564//2510 
f 2483//2429 2566//2512 2565//2511 
f 2484//2430 2567//2513 2566//2512 
f 2485//2431 2568//2514 2567//2513 
f 2569//2515 2570//2516 2571//2517 
f 2570//2516 2572//2518 2573//2519 
f 2572//2518 2574//2520 2575//2521 
f 2489//2435 2576//2522 2574//2520 
f 2576//2522 2575//2521 2574//2520 
f 2489//2435 2490//2436 2577//2523 
f 2577//2523 2490//2436 2578//2524 
f 2490//2436 2491//2437 2578//2524 
f 2578//2524 2579//2525 2580//2526 
f 2493//2439 2581//2527 2579//2525 
f 2581//2527 2580//2526 2579//2525 
f 2493//2439 2494//2440 2582//2528 
f 2494//2440 2495//2441 2583//2529 
f 2495//2441 2496//2442 2584//2530 
f 2496//2442 2497//2443 2585//2531 
f 2497//2443 2498//2444 2586//2532 
f 2498//2444 2499//2445 2587//2533 
f 2499//2445 2500//2446 2588//2534 
f 2500//2446 2501//2447 2589//2535 
f 2501//2447 2502//2448 2590//2536 
f 2502//2448 2503//2449 2591//2537 
f 2503//2449 2504//2450 2592//2538 
f 2504//2450 2505//2451 2593//2539 
f 2505//2451 2506//2452 2594//2540 
f 2506//2452 2507//2453 2595//2541 
f 2507//2453 2508//2454 2596//2542 
f 2508//2454 2509//2455 2597//2543 
f 2509//2455 2510//2456 2598//2544 
f 2510//2456 2511//2457 2599//2545 
f 2511//2457 2512//2458 2600//2546 
f 2512//2458 2513//2459 2601//2547 
f 2513//2459 2514//2460 2602//2548 
f 2514//2460 2515//2461 2603//2549 
f 2515//2461 2516//2462 2604//2550 
f 2516//2462 2517//2463 2605//2551 
f 2517//2463 2518//2464 2606//2552 
f 2518//2464 2519//2465 2607//2553 
f 2519//2465 2520//2466 2608//2554 
f 2520//2466 2521//2467 2609//2555 
f 2521//2467 2522//2468 2610//2556 
f 2522//2468 2523//2469 2611//2557 
f 2523//2469 2524//2470 2612//2558 
f 2524//2470 2525//2471 2613//2559 
f 2525//2471 2526//2472 2614//2560 
f 2527//2473 2615//2561 2614//2560 
f 2528//2474 2616//2562 2615//2561 
f 2529//2475 2617//2563 2616//2562 
f 2530//2476 2618//2564 2617//2563 
f 2531//2477 2619//2565 2618//2564 
f 2532//2478 2620//2566 2619//2565 
f 2533//2479 2621//2567 2620//2566 
f 2534//2480 2622//2568 2621//2567 
f 2535//2481 2623//2569 2622//2568 
f 2536//2482 2624//2570 2623//2569 
f 2537//2483 2625//2571 2624//2570 
f 2538//2484 2626//2572 2625//2571 
f 2539//2485 2627//2573 2626//2572 
f 2540//2486 2628//2574 2627//2573 
f 2541//2487 2629//2575 2628//2574 
f 2542//2488 2630//2576 2629//2575 
f 2543//2489 2631//2577 2630//2576 
f 2544//2490 2632//2578 2631//2577 
f 2545//2491 2633//2579 2632//2578 
f 2546//2492 2634//2580 2633//2579 
f 2547//2493 2635//2581 2634//2580 
f 2548//2494 2636//2582 2635//2581 
f 2549//2495 2637//2583 2636//2582 
f 2550//2496 2638//2584 2637//2583 
f 2551//2497 2639//2585 2638//2584 
f 2552//2498 2640//2586 2639//2585 
f 2553//2499 2641//2587 2640//2586 
f 2554//2500 2642//2588 2641//2587 
f 2555//2501 2643//2589 2642//2588 
f 2556//2502 2644//2590 2643//2589 
f 2557//2503 2645//2591 2644//2590 
f 2558//2504 2646//2592 2645//2591 
f 2559//2505 2647//2593 2646//2592 
f 2560//2506 2648//2594 2647//2593 
f 2561//2507 2649//2595 2648//2594 
f 2562//2508 2650//2596 2649//2595 
f 2563//2509 2651//2597 2650//2596 
f 2563//2509 2564//2510 2652//2598 
f 2652//2598 2651//2597 2563//2509 
f 2653//2599 2654//2600 2655//2601 
f 2656//2602 2657//2603 2654//2600 
f 2658//2604 2659//2605 2657//2603 
f 2568//2514 2569//2515 2658//2604 
f 2569//2515 2660//2606 2659//2605 
f 2659//2605 2658//2604 2569//2515 
f 2661//2607 2662//2608 2663//2609 
f 2662//2608 2664//2610 2665//2611 
f 2664//2610 2666//2612 2667//2613 
f 2666//2612 2668//2614 2669//2615 
f 2668//2614 2670//2616 2671//2617 
f 2670//2616 2672//2618 2673//2619 
f 2577//2523 2674//2620 2672//2618 
f 2672//2618 2670//2616 2577//2523 
f 2672//2618 2675//2621 2676//2622 
f 2675//2621 2677//2623 2678//2624 
f 2582//2528 2679//2625 2677//2623 
f 2679//2625 2678//2624 2677//2623 
f 2582//2528 2583//2529 2680//2626 
f 2583//2529 2584//2530 2681//2627 
f 2584//2530 2585//2531 2682//2628 
f 2585//2531 2586//2532 2683//2629 
f 2586//2532 2587//2533 2684//2630 
f 2587//2533 2588//2534 2685//2631 
f 2588//2534 2589//2535 2686//2632 
f 2589//2535 2590//2536 2687//2633 
f 2590//2536 2591//2537 2688//2634 
f 2591//2537 2592//2538 2689//2635 
f 2592//2538 2593//2539 2690//2636 
f 2593//2539 2594//2540 2691//2637 
f 2594//2540 2595//2541 2692//2638 
f 2595//2541 2596//2542 2693//2639 
f 2596//2542 2597//2543 2694//2640 
f 2597//2543 2598//2544 2695//2641 
f 2598//2544 2599//2545 2696//2642 
f 2599//2545 2600//2546 2697//2643 
f 2600//2546 2601//2547 2698//2644 
f 2601//2547 2602//2548 2699//2645 
f 2602//2548 2603//2549 2700//2646 
f 2603//2549 2604//2550 2701//2647 
f 2604//2550 2605//2551 2702//2648 
f 2605//2551 2606//2552 2703//2649 
f 2606//2552 2607//2553 2704//2650 
f 2607//2553 2608//2554 2705//2651 
f 2608//2554 2609//2555 2706//2652 
f 2609//2555 2610//2556 2707//2653 
f 2610//2556 2611//2557 2708//2654 
f 2611//2557 2612//2558 2709//2655 
f 2612//2558 2613//2559 2710//2656 
f 2613//2559 2614//2560 2711//2657 
f 2615//2561 2712//2658 2711//2657 
f 2616//2562 2713//2659 2712//2658 
f 2617//2563 2714//2660 2713//2659 
f 2618//2564 2715//2661 2714//2660 
f 2619//2565 2716//2662 2715//2661 
f 2619//2565 2620//2566 2717//2663 
f 2717//2663 2716//2662 2619//2565 
f 2718//2664 2719//2665 2720//2666 
f 2721//2667 2719//2665 2718//2664 
f 2718//2664 2622//2568 2721//2667 
f 2623//2569 2722//2668 2721//2667 
f 2624//2570 2723//2669 2722//2668 
f 2625//2571 2724//2670 2723//2669 
f 2626//2572 2725//2671 2724//2670 
f 2627//2573 2726//2672 2725//2671 
f 2628//2574 2727//2673 2726//2672 
f 2629//2575 2728//2674 2727//2673 
f 2630//2576 2729//2675 2728//2674 
f 2631//2577 2730//2676 2729//2675 
f 2632//2578 2731//2677 2730//2676 
f 2633//2579 2732//2678 2731//2677 
f 2634//2580 2733//2679 2732//2678 
f 2635//2581 2734//2680 2733//2679 
f 2636//2582 2735//2681 2734//2680 
f 2637//2583 2736//2682 2735//2681 
f 2638//2584 2737//2683 2736//2682 
f 2639//2585 2738//2684 2737//2683 
f 2640//2586 2739//2685 2738//2684 
f 2641//2587 2740//2686 2739//2685 
f 2642//2588 2741//2687 2740//2686 
f 2643//2589 2742//2688 2741//2687 
f 2644//2590 2743//2689 2742//2688 
f 2645//2591 2744//2690 2743//2689 
f 2646//2592 2745//2691 2744//2690 
f 2647//2593 2746//2692 2745//2691 
f 2648//2594 2747//2693 2746//2692 
f 2649//2595 2748//2694 2747//2693 
f 2649//2595 2650//2596 2749//2695 
f 2749//2695 2748//2694 2649//2595 
f 2750//2696 2751//2697 2752//2698 
f 2753//2699 2754//2700 2751//2697 
f 2755//2701 2756//2702 2754//2700 
f 2757//2703 2758//2704 2756//2702 
f 2759//2705 2760//2706 2758//2704 
f 2660//2606 2661//2607 2759//2705 
f 2661//2607 2761//2707 2760//2706 
f 2760//2706 2759//2705 2661//2607 
f 2761//2707 2663//2609 2762//2708 
f 2663//2609 2665//2611 2763//2709 
f 2665//2611 2667//2613 2764//2710 
f 2667//2613 2669//2615 2765//2711 
f 2669//2615 2671//2617 2766//2712 
f 2671//2617 2673//2619 2767//2713 
f 2673//2619 2676//2622 2768//2714 
f 2676//2622 2678//2624 2769//2715 
f 2678//2624 2679//2625 2770//2716 
f 2679//2625 2680//2626 2771//2717 
f 2680//2626 2681//2627 2772//2718 
f 2681//2627 2682//2628 2773//2719 
f 2682//2628 2683//2629 2774//2720 
f 2683//2629 2684//2630 2775//2721 
f 2684//2630 2685//2631 2776//2722 
f 2685//2631 2686//2632 2777//2723 
f 2686//2632 2687//2633 2778//2724 
f 2687//2633 2688//2634 2779//2725 
f 2688//2634 2689//2635 2780//2726 
f 2689//2635 2690//2636 2781//2727 
f 2690//2636 2691//2637 2782//2728 
f 2691//2637 2692//2638 2783//2729 
f 2692//2638 2693//2639 2784//2730 
f 2693//2639 2694//2640 2785//2731 
f 2694//2640 2695//2641 2786//2732 
f 2695//2641 2696//2642 2787//2733 
f 2696//2642 2697//2643 2788//2734 
f 2697//2643 2698//2644 2789//2735 
f 2698//2644 2699//2645 2790//2736 
f 2699//2645 2700//2646 2791//2737 
f 2700//2646 2701//2647 2792//2738 
f 2701//2647 2702//2648 2793//2739 
f 2702//2648 2703//2649 2794//2740 
f 2703//2649 2704//2650 2795//2741 
f 2704//2650 2705//2651 2796//2742 
f 2705//2651 2706//2652 2797//2743 
f 2706//2652 2707//2653 2798//2744 
f 2707//2653 2708//2654 2799//2745 
f 2708//2654 2709//2655 2800//2746 
f 2709//2655 2710//2656 2801//2747 
f 2710//2656 2711//2657 2802//2748 
f 2712//2658 2803//2749 2802//2748 
f 2713//2659 2804//2750 2803//2749 
f 2714//2660 2805//2751 2804//2750 
f 2715//2661 2806//2752 2805//2751 
f 2716//2662 2807//2753 2806//2752 
f 2720//2666 2808//2754 2807//2753 
f 2719//2665 2809//2755 2808//2754 
f 2721//2667 2810//2756 2809//2755 
f 2722//2668 2811//2757 2810//2756 
f 2723//2669 2812//2758 2811//2757 
f 2724//2670 2813//2759 2812//2758 
f 2725//2671 2814//2760 2813//2759 
f 2726//2672 2815//2761 2814//2760 
f 2727//2673 2816//2762 2815//2761 
f 2728//2674 2817//2763 2816//2762 
f 2729//2675 2818//2764 2817//2763 
f 2730//2676 2819//2765 2818//2764 
f 2731//2677 2820//2766 2819//2765 
f 2732//2678 2821//2767 2820//2766 
f 2733//2679 2822//2768 2821//2767 
f 2734//2680 2823//2769 2822//2768 
f 2735//2681 2824//2770 2823//2769 
f 2736//2682 2825//2771 2824//2770 
f 2737//2683 2826//2772 2825//2771 
f 2738//2684 2827//2773 2826//2772 
f 2739//2685 2828//2774 2827//2773 
f 2740//2686 2829//2775 2828//2774 
f 2741//2687 2830//2776 2829//2775 
f 2742//2688 2831//2777 2830//2776 
f 2743//2689 2832//2778 2831//2777 
f 2744//2690 2833//2779 2832//2778 
f 2745//2691 2834//2780 2833//2779 
f 2746//2692 2835//2781 2834//2780 
f 2747//2693 2836//2782 2835//2781 
f 2748//2694 2837//2783 2836//2782 
f 2752//2698 2838//2784 2837//2783 
f 2751//2697 2839//2785 2838//2784 
f 2754//2700 2840//2786 2839//2785 
f 2756//2702 2841//2787 2840//2786 
f 2758//2704 2842//2788 2841//2787 
f 2760//2706 2843//2789 2842//2788 
f 2761//2707 2844//2790 2843//2789 
f 2844//2790 2762//2708 2845//2791 
f 2762//2708 2763//2709 2846//2792 
f 2763//2709 2764//2710 2847//2793 
f 2764//2710 2765//2711 2848//2794 
f 2765//2711 2766//2712 2849//2795 
f 2766//2712 2767//2713 2850//2796 
f 2767//2713 2768//2714 2851//2797 
f 2768//2714 2769//2715 2852//2798 
f 2769//2715 2770//2716 2853//2799 
f 2770//2716 2771//2717 2854//2800 
f 2771//2717 2772//2718 2855//2801 
f 2772//2718 2773//2719 2856//2802 
f 2773//2719 2774//2720 2857//2803 
f 2774//2720 2775//2721 2858//2804 
f 2775//2721 2776//2722 2859//2805 
f 2776//2722 2777//2723 2860//2806 
f 2777//2723 2778//2724 2861//2807 
f 2778//2724 2779//2725 2862//2808 
f 2779//2725 2780//2726 2863//2809 
f 2780//2726 2781//2727 2864//2810 
f 2781//2727 2782//2728 2865//2811 
f 2782//2728 2783//2729 2866//2812 
f 2783//2729 2784//2730 2867//2813 
f 2784//2730 2785//2731 2868//2814 
f 2785//2731 2786//2732 2869//2815 
f 2786//2732 2787//2733 2870//2816 
f 2787//2733 2788//2734 2871//2817 
f 2788//2734 2789//2735 2872//2818 
f 2789//2735 2790//2736 2873//2819 
f 2790//2736 2791//2737 2874//2820 
f 2791//2737 2792//2738 2875//2821 
f 2792//2738 2793//2739 2876//2822 
f 2793//2739 2794//2740 2877//2823 
f 2794//2740 2795//2741 2878//2824 
f 2795//2741 2796//2742 2879//2825 
f 2796//2742 2797//2743 2880//2826 
f 2797//2743 2798//2744 2881//2827 
f 2798//2744 2799//2745 2882//2828 
f 2799//2745 2800//2746 2883//2829 
f 2800//2746 2801//2747 2884//2830 
f 2801//2747 2802//2748 2885//2831 
f 2803//2749 2886//2832 2885//2831 
f 2804//2750 2887//2833 2886//2832 
f 2805//2751 2888//2834 2887//2833 
f 2806//2752 2889//2835 2888//2834 
f 2807//2753 2890//2836 2889//2835 
f 2808//2754 2891//2837 2890//2836 
f 2809//2755 2892//2838 2891//2837 
f 2810//2756 2893//2839 2892//2838 
f 2811//2757 2894//2840 2893//2839 
f 2812//2758 2895//2841 2894//2840 
f 2813//2759 2896//2842 2895//2841 
f 2814//2760 2897//2843 2896//2842 
f 2815//2761 2898//2844 2897//2843 
f 2816//2762 2899//2845 2898//2844 
f 2817//2763 2900//2846 2899//2845 
f 2818//2764 2901//2847 2900//2846 
f 2819//2765 2902//2848 2901//2847 
f 2820//2766 2903//2849 2902//2848 
f 2821//2767 2904//2850 2903//2849 
f 2822//2768 2905//2851 2904//2850 
f 2823//2769 2906//2852 2905//2851 
f 2824//2770 2907//2853 2906//2852 
f 2825//2771 2908//2854 2907//2853 
f 2826//2772 2909//2855 2908//2854 
f 2827//2773 2910//2856 2909//2855 
f 2828//2774 2911//2857 2910//2856 
f 2829//2775 2912//2858 2911//2857 
f 2830//2776 2913//2859 2912//2858 
f 2831//2777 2914//2860 2913//2859 
f 2832//2778 2915//2861 2914//2860 
f 2833//2779 2916//2862 2915//2861 
f 2834//2780 2917//2863 2916//2862 
f 2835//2781 2918//2864 2917//2863 
f 2836//2782 2919//2865 2918//2864 
f 2837//2783 2920//2866 2919//2865 
f 2838//2784 2921//2867 2920//2866 
f 2839//2785 2922//2868 2921//2867 
f 2840//2786 2923//2869 2922//2868 
f 2841//2787 2924//2870 2923//2869 
f 2842//2788 2925//2871 2924//2870 
f 2843//2789 2926//2872 2925//2871 
f 2844//2790 2927//2873 2926//2872 
f 2927//2873 2845//2791 2928//2874 
f 2845//2791 2846//2792 2929//2875 
f 2846//2792 2847//2793 2930//2876 
f 2847//2793 2848//2794 2931//2877 
f 2848//2794 2849//2795 2932//2878 
f 2849//2795 2850//2796 2933//2879 
f 2850//2796 2851//2797 2934//2880 
f 2851//2797 2852//2798 2935//2881 
f 2852//2798 2853//2799 2936//2882 
f 2853//2799 2854//2800 2937//2883 
f 2854//2800 2855//2801 2938//2884 
f 2855//2801 2856//2802 2939//2885 
f 2856//2802 2857//2803 2940//2886 
f 2857//2803 2858//2804 2941//2887 
f 2858//2804 2859//2805 2942//2888 
f 2859//2805 2860//2806 2943//2889 
f 2860//2806 2861//2807 2944//2890 
f 2861//2807 2862//2808 2945//2891 
f 2862//2808 2863//2809 2946//2892 
f 2863//2809 2864//2810 2947//2893 
f 2864//2810 2865//2811 2948//2894 
f 2865//2811 2866//2812 2949//2895 
f 2866//2812 2867//2813 2950//2896 
f 2867//2813 2868//2814 2951//2897 
f 2868//2814 2869//2815 2952//2898 
f 2869//2815 2870//2816 2953//2899 
f 2870//2816 2871//2817 2954//2900 
f 2871//2817 2872//2818 2955//2901 
f 2872//2818 2873//2819 2956//2902 
f 2873//2819 2874//2820 2957//2903 
f 2874//2820 2875//2821 2958//2904 
f 2875//2821 2876//2822 2959//2905 
f 2876//2822 2877//2823 2960//2906 
f 2877//2823 2878//2824 2961//2907 
f 2878//2824 2879//2825 2962//2908 
f 2879//2825 2880//2826 2963//2909 
f 2880//2826 2881//2827 2964//2910 
f 2881//2827 2882//2828 2965//2911 
f 2882//2828 2883//2829 2966//2912 
f 2883//2829 2884//2830 2967//2913 
f 2884//2830 2885//2831 2968//2914 
f 2886//2832 2969//2915 2968//2914 
f 2887//2833 2970//2916 2969//2915 
f 2888//2834 2971//2917 2970//2916 
f 2889//2835 2972//2918 2971//2917 
f 2890//2836 2973//2919 2972//2918 
f 2891//2837 2974//2920 2973//2919 
f 2892//2838 2975//2921 2974//2920 
f 2893//2839 2976//2922 2975//2921 
f 2894//2840 2977//2923 2976//2922 
f 2895//2841 2978//2924 2977//2923 
f 2896//2842 2979//2925 2978//2924 
f 2897//2843 2980//2926 2979//2925 
f 2898//2844 2981//2927 2980//2926 
f 2899//2845 2982//2928 2981//2927 
f 2900//2846 2983//2929 2982//2928 
f 2901//2847 2984//2930 2983//2929 
f 2902//2848 2985//2931 2984//2930 
f 2903//2849 2986//2932 2985//2931 
f 2904//2850 2987//2933 2986//2932 
f 2905//2851 2988//2934 2987//2933 
f 2906//2852 2989//2935 2988//2934 
f 2907//2853 2990//2936 2989//2935 
f 2908//2854 2991//2937 2990//2936 
f 2909//2855 2992//2938 2991//2937 
f 2910//2856 2993//2939 2992//2938 
f 2911//2857 2994//2940 2993//2939 
f 2912//2858 2995//2941 2994//2940 
f 2913//2859 2996//2942 2995//2941 
f 2914//2860 2997//2943 2996//2942 
f 2915//2861 2998//2944 2997//2943 
f 2916//2862 2999//2945 2998//2944 
f 2917//2863 3000//2946 2999//2945 
f 2918//2864 3001//2947 3000//2946 
f 2919//2865 3002//2948 3001//2947 
f 2920//2866 3003//2949 3002//2948 
f 2921//2867 3004//2950 3003//2949 
f 2922//2868 3005//2951 3004//2950 
f 2923//2869 3006//2952 3005//2951 
f 2924//2870 3007//2953 3006//2952 
f 2925//2871 3008//2954 3007//2953 
f 2926//2872 3009//2955 3008//2954 
f 2927//2873 3010//2956 3009//2955 
f 3010//2956 2928//2874 3011//2957 
f 2928//2874 2929//2875 3012//2958 
f 2929//2875 2930//2876 3013//2959 
f 2930//2876 2931//2877 3014//2960 
f 2931//2877 2932//2878 3015//2961 
f 2932//2878 2933//2879 3016//2962 
f 2933//2879 2934//2880 3017//2963 
f 2934//2880 2935//2881 3018//2964 
f 2935//2881 2936//2882 3019//2965 
f 2936//2882 2937//2883 3020//2966 
f 2937//2883 2938//2884 3021//2967 
f 2938//2884 2939//2885 3022//2968 
f 2939//2885 2940//2886 3023//2969 
f 2940//2886 2941//2887 3024//2970 
f 2941//2887 2942//2888 3025//2971 
f 2942//2888 2943//2889 3026//2972 
f 2943//2889 2944//2890 3027//2973 
f 2944//2890 2945//2891 3028//2974 
f 2945//2891 2946//2892 3029//2975 
f 2946//2892 2947//2893 3030//2976 
f 2947//2893 2948//2894 3031//2977 
f 2948//2894 2949//2895 3032//2978 
f 2949//2895 2950//2896 3033//2979 
f 2950//2896 2951//2897 3034//2980 
f 2951//2897 2952//2898 3035//2981 
f 2952//2898 2953//2899 3036//2982 
f 2953//2899 2954//2900 3037//2983 
f 2954//2900 2955//2901 3038//2984 
f 2955//2901 2956//2902 3039//2985 
f 2956//2902 2957//2903 3040//2986 
f 2957//2903 2958//2904 3041//2987 
f 2958//2904 2959//2905 3042//2988 
f 2959//2905 2960//2906 3043//2989 
f 2960//2906 2961//2907 3044//2990 
f 2961//2907 2962//2908 3045//2991 
f 2962//2908 2963//2909 3046//2992 
f 2963//2909 2964//2910 3047//2993 
f 2964//2910 2965//2911 3048//2994 
f 2965//2911 2966//2912 3049//2995 
f 2966//2912 2967//2913 3050//2996 
f 2967//2913 2968//2914 3051//2997 
f 2969//2915 3052//2998 3051//2997 
f 2970//2916 3053//2999 3052//2998 
f 2971//2917 3054//3000 3053//2999 
f 2972//2918 3055//3001 3054//3000 
f 2973//2919 3056//3002 3055//3001 
f 2974//2920 3057//3003 3056//3002 
f 2975//2921 3058//3004 3057//3003 
f 2976//2922 3059//3005 3058//3004 
f 2977//2923 3060//3006 3059//3005 
f 2978//2924 3061//3007 3060//3006 
f 2979//2925 3062//3008 3061//3007 
f 2980//2926 3063//3009 3062//3008 
f 2981//2927 3064//3010 3063//3009 
f 2982//2928 3065//3011 3064//3010 
f 2983//2929 3066//3012 3065//3011 
f 2984//2930 3067//3013 3066//3012 
f 2985//2931 3068//3014 3067//3013 
f 2986//2932 3069//3015 3068//3014 
f 2987//2933 3070//3016 3069//3015 
f 2988//2934 3071//3017 3070//3016 
f 2989//2935 3072//3018 3071//3017 
f 2990//2936 3073//3019 3072//3018 
f 2991//2937 3074//3020 3073//3019 
f 2992//2938 3075//3021 3074//3020 
f 2993//2939 3076//3022 3075//3021 
f 2994//2940 3077//3023 3076//3022 
f 2995//2941 3078//3024 3077//3023 
f 2996//2942 3079//3025 3078//3024 
f 2997//2943 3080//3026 3079//3025 
f 2998//2944 3081//3027 3080//3026 
f 2999//2945 3082//3028 3081//3027 
f 3000//2946 3083//3029 3082//3028 
f 3001//2947 3084//3030 3083//3029 
f 3002//2948 3085//3031 3084//3030 
f 3003//2949 3086//3032 3085//3031 
f 3004//2950 3087//3033 3086//3032 
f 3005//2951 3088//3034 3087//3033 
f 3006//2952 3089//3035 3088//3034 
f 3007//2953 3090//3036 3089//3035 
f 3008//2954 3091//3037 3090//3036 
f 3009//2955 3092//3038 3091//3037 
f 3010//2956 3093//3039 3092//3038 
f 3094//3040 3095//3041 3096//3042 
f 3095//3041 3097//3043 3098//3044 
f 3097//3043 3099//3045 3100//3046 
f 3099//3045 3101//3047 3102//3048 
f 3015//2961 3103//3049 3101//3047 
f 3103//3049 3102//3048 3101//3047 
f 3103//3049 3015//2961 3104//3050 
f 3015//2961 3016//2962 3104//3050 
f 3104//3050 3105//3051 3106//3052 
f 3105//3051 3107//3053 3108//3054 
f 3019//2965 3109//3055 3107//3053 
f 3109//3055 3108//3054 3107//3053 
f 3019//2965 3020//2966 3110//3056 
f 3020//2966 3021//2967 3111//3057 
f 3021//2967 3022//2968 3112//3058 
f 3022//2968 3023//2969 3113//3059 
f 3023//2969 3024//2970 3114//3060 
f 3024//2970 3025//2971 3115//3061 
f 3025//2971 3026//2972 3116//3062 
f 3026//2972 3027//2973 3117//3063 
f 3027//2973 3028//2974 3118//3064 
f 3028//2974 3029//2975 3119//3065 
f 3029//2975 3030//2976 3120//3066 
f 3030//2976 3031//2977 3121//3067 
f 3031//2977 3032//2978 3122//3068 
f 3032//2978 3033//2979 3123//3069 
f 3033//2979 3034//2980 3124//3070 
f 3034//2980 3035//2981 3125//3071 
f 3035//2981 3036//2982 3126//3072 
f 3036//2982 3037//2983 3127//3073 
f 3037//2983 3038//2984 3128//3074 
f 3038//2984 3039//2985 3129//3075 
f 3039//2985 3040//2986 3130//3076 
f 3040//2986 3041//2987 3131//3077 
f 3041//2987 3042//2988 3132//3078 
f 3042//2988 3043//2989 3133//3079 
f 3043//2989 3044//2990 3134//3080 
f 3044//2990 3045//2991 3135//3081 
f 3045//2991 3046//2992 3136//3082 
f 3046//2992 3047//2993 3137//3083 
f 3047//2993 3048//2994 3138//3084 
f 3048//2994 3049//2995 3139//3085 
f 3049//2995 3050//2996 3140//3086 
f 3050//2996 3051//2997 3141//3087 
f 3052//2998 3142//3088 3141//3087 
f 3053//2999 3143//3089 3142//3088 
f 3054//3000 3144//3090 3143//3089 
f 3055//3001 3145//3091 3144//3090 
f 3056//3002 3146//3092 3145//3091 
f 3057//3003 3147//3093 3146//3092 
f 3058//3004 3148//3094 3147//3093 
f 3059//3005 3149//3095 3148//3094 
f 3060//3006 3150//3096 3149//3095 
f 3061//3007 3151//3097 3150//3096 
f 3062//3008 3152//3098 3151//3097 
f 3063//3009 3153//3099 3152//3098 
f 3064//3010 3154//3100 3153//3099 
f 3065//3011 3155//3101 3154//3100 
f 3066//3012 3156//3102 3155//3101 
f 3067//3013 3157//3103 3156//3102 
f 3068//3014 3158//3104 3157//3103 
f 3069//3015 3159//3105 3158//3104 
f 3070//3016 3160//3106 3159//3105 
f 3071//3017 3161//3107 3160//3106 
f 3072//3018 3162//3108 3161//3107 
f 3073//3019 3163//3109 3162//3108 
f 3074//3020 3164//3110 3163//3109 
f 3075//3021 3165//3111 3164//3110 
f 3076//3022 3166//3112 3165//3111 
f 3077//3023 3167//3113 3166//3112 
f 3078//3024 3168//3114 3167//3113 
f 3079//3025 3169//3115 3168//3114 
f 3080//3026 3170//3116 3169//3115 
f 3081//3027 3171//3117 3170//3116 
f 3082//3028 3172//3118 3171//3117 
f 3083//3029 3173//3119 3172//3118 
f 3084//3030 3174//3120 3173//3119 
f 3085//3031 3175//3121 3174//3120 
f 3086//3032 3176//3122 3175//3121 
f 3087//3033 3177//3123 3176//3122 
f 3087//3033 3088//3034 3178//3124 
f 3178//3124 3177//3123 3087//3033 
f 3179//3125 3180//3126 3181//3127 
f 3182//3128 3183//3129 3180//3126 
f 3184//3130 3185//3131 3183//3129 
f 3186//3132 3187//3133 3185//3131 
f 3093//3039 3094//3040 3186//3132 
f 3094//3040 3188//3134 3187//3133 
f 3187//3133 3186//3132 3094//3040 
f 3188//3134 3096//3042 3189//3135 
f 3096//3042 3098//3044 3190//3136 
f 3098//3044 3100//3046 3191//3137 
f 3100//3046 3102//3048 3192//3138 
f 3102//3048 3103//3049 3193//3139 
f 3103//3049 3194//3140 3195//3141 
f 3194//3140 3106//3052 3196//3142 
f 3106//3052 3108//3054 3197//3143 
f 3108//3054 3109//3055 3198//3144 
f 3109//3055 3110//3056 3199//3145 
f 3110//3056 3111//3057 3200//3146 
f 3111//3057 3112//3058 3201//3147 
f 3112//3058 3113//3059 3202//3148 
f 3113//3059 3114//3060 3203//3149 
f 3114//3060 3115//3061 3204//3150 
f 3115//3061 3116//3062 3205//3151 
f 3116//3062 3117//3063 3206//3152 
f 3117//3063 3118//3064 3207//3153 
f 3118//3064 3119//3065 3208//3154 
f 3119//3065 3120//3066 3209//3155 
f 3120//3066 3121//3067 3210//3156 
f 3121//3067 3122//3068 3211//3157 
f 3122//3068 3123//3069 3212//3158 
f 3123//3069 3124//3070 3213//3159 
f 3124//3070 3125//3071 3214//3160 
f 3125//3071 3126//3072 3215//3161 
f 3126//3072 3127//3073 3216//3162 
f 3127//3073 3128//3074 3217//3163 
f 3128//3074 3129//3075 3218//3164 
f 3129//3075 3130//3076 3219//3165 
f 3130//3076 3131//3077 3220//3166 
f 3131//3077 3132//3078 3221//3167 
f 3132//3078 3133//3079 3222//3168 
f 3133//3079 3134//3080 3223//3169 
f 3134//3080 3135//3081 3224//3170 
f 3135//3081 3136//3082 3225//3171 
f 3136//3082 3137//3083 3226//3172 
f 3137//3083 3138//3084 3227//3173 
f 3138//3084 3139//3085 3228//3174 
f 3139//3085 3140//3086 3229//3175 
f 3140//3086 3141//3087 3230//3176 
f 3142//3088 3231//3177 3230//3176 
f 3143//3089 3232//3178 3231//3177 
f 3144//3090 3233//3179 3232//3178 
f 3145//3091 3234//3180 3233//3179 
f 3146//3092 3235//3181 3234//3180 
f 3147//3093 3236//3182 3235//3181 
f 3148//3094 3237//3183 3236//3182 
f 3149//3095 3238//3184 3237//3183 
f 3150//3096 3239//3185 3238//3184 
f 3151//3097 3240//3186 3239//3185 
f 3152//3098 3241//3187 3240//3186 
f 3153//3099 3242//3188 3241//3187 
f 3154//3100 3243//3189 3242//3188 
f 3155//3101 3244//3190 3243//3189 
f 3156//3102 3245//3191 3244//3190 
f 3157//3103 3246//3192 3245//3191 
f 3158//3104 3247//3193 3246//3192 
f 3159//3105 3248//3194 3247//3193 
f 3160//3106 3249//3195 3248//3194 
f 3161//3107 3250//3196 3249//3195 
f 3162//3108 3251//3197 3250//3196 
f 3163//3109 3252//3198 3251//3197 
f 3164//3110 3253//3199 3252//3198 
f 3165//3111 3254//3200 3253//3199 
f 3166//3112 3255//3201 3254//3200 
f 3167//3113 3256//3202 3255//3201 
f 3168//3114 3257//3203 3256//3202 
f 3169//3115 3258//3204 3257//3203 
f 3170//3116 3259//3205 3258//3204 
f 3171//3117 3260//3206 3259//3205 
f 3172//3118 3261//3207 3260//3206 
f 3173//3119 3262//3208 3261//3207 
f 3174//3120 3263//3209 3262//3208 
f 3175//3121 3264//3210 3263//3209 
f 3176//3122 3265//3211 3264//3210 
f 3177//3123 3266//3212 3265//3211 
f 3181//3127 3267//3213 3266//3212 
f 3180//3126 3268//3214 3267//3213 
f 3183//3129 3269//3215 3268//3214 
f 3185//3131 3270//3216 3269//3215 
f 3187//3133 3271//3217 3270//3216 
f 3188//3134 3272//3218 3271//3217 
f 3272//3218 3189//3135 3273//3219 
f 3189//3135 3190//3136 3274//3220 
f 3190//3136 3191//3137 3275//3221 
f 3191//3137 3192//3138 3276//3222 
f 3192//3138 3193//3139 3277//3223 
f 3193//3139 3195//3141 3278//3224 
f 3195//3141 3196//3142 3279//3225 
f 3196//3142 3197//3143 3280//3226 
f 3197//3143 3198//3144 3281//3227 
f 3198//3144 3199//3145 3282//3228 
f 3199//3145 3200//3146 3283//3229 
f 3200//3146 3201//3147 3284//3230 
f 3201//3147 3202//3148 3285//3231 
f 3202//3148 3203//3149 3286//3232 
f 3203//3149 3204//3150 3287//3233 
f 3204//3150 3205//3151 3288//3234 
f 3205//3151 3206//3152 3289//3235 
f 3206//3152 3207//3153 3290//3236 
f 3207//3153 3208//3154 3291//3237 
f 3208//3154 3209//3155 3292//3238 
f 3209//3155 3210//3156 3293//3239 
f 3210//3156 3211//3157 3294//3240 
f 3211//3157 3212//3158 3295//3241 
f 3212//3158 3213//3159 3296//3242 
f 3213//3159 3214//3160 3297//3243 
f 3214//3160 3215//3161 3298//3244 
f 3215//3161 3216//3162 3299//3245 
f 3216//3162 3217//3163 3300//3246 
f 3217//3163 3218//3164 3301//3247 
f 3218//3164 3219//3165 3302//3248 
f 3219//3165 3220//3166 3303//3249 
f 3220//3166 3221//3167 3304//3250 
f 3221//3167 3222//3168 3305//3251 
f 3222//3168 3223//3169 3306//3252 
f 3223//3169 3224//3170 3307//3253 
f 3224//3170 3225//3171 3308//3254 
f 3225//3171 3226//3172 3309//3255 
f 3226//3172 3227//3173 3310//3256 
f 3227//3173 3228//3174 3311//3257 
f 3228//3174 3229//3175 3312//3258 
f 3229//3175 3230//3176 3313//3259 
f 3231//3177 3314//3260 3313//3259 
f 3232//3178 3315//3261 3314//3260 
f 3233//3179 3316//3262 3315//3261 
f 3234//3180 3317//3263 3316//3262 
f 3235//3181 3318//3264 3317//3263 
f 3236//3182 3319//3265 3318//3264 
f 3237//3183 3320//3266 3319//3265 
f 3238//3184 3321//3267 3320//3266 
f 3239//3185 3322//3268 3321//3267 
f 3240//3186 3323//3269 3322//3268 
f 3241//3187 3324//3270 3323//3269 
f 3242//3188 3325//3271 3324//3270 
f 3243//3189 3326//3272 3325//3271 
f 3244//3190 3327//3273 3326//3272 
f 3245//3191 3328//3274 3327//3273 
f 3246//3192 3329//3275 3328//3274 
f 3247//3193 3330//3276 3329//3275 
f 3248//3194 3331//3277 3330//3276 
f 3249//3195 3332//3278 3331//3277 
f 3250//3196 3333//3279 3332//3278 
f 3251//3197 3334//3280 3333//3279 
f 3252//3198 3335//3281 3334//3280 
f 3253//3199 3336//3282 3335//3281 
f 3254//3200 3337//3283 3336//3282 
f 3255//3201 3338//3284 3337//3283 
f 3256//3202 3339//3285 3338//3284 
f 3257//3203 3340//3286 3339//3285 
f 3258//3204 3341//3287 3340//3286 
f 3259//3205 3342//3288 3341//3287 
f 3260//3206 3343//3289 3342//3288 
f 3261//3207 3344//3290 3343//3289 
f 3262//3208 3345//3291 3344//3290 
f 3263//3209 3346//3292 3345//3291 
f 3264//3210 3347//3293 3346//3292 
f 3265//3211 3348//3294 3347//3293 
f 3266//3212 3349//3295 3348//3294 
f 3267//3213 3350//3296 3349//3295 
f 3268//3214 3351//3297 3350//3296 
f 3269//3215 3352//3298 3351//3297 
f 3270//3216 3353//3299 3352//3298 
f 3271//3217 3354//3300 3353//3299 
f 3272//3218 3355//3301 3354//3300 
f 3355//3301 3273//3219 3356//3302 
f 3273//3219 3274//3220 3357//3303 
f 3274//3220 3275//3221 3358//3304 
f 3275//3221 3276//3222 3359//3305 
f 3276//3222 3277//3223 3360//3306 
f 3277//3223 3278//3224 3361//3307 
f 3278//3224 3279//3225 3362//3308 
f 3279//3225 3280//3226 3363//3309 
f 3280//3226 3281//3227 3364//3310 
f 3281//3227 3282//3228 3365//3311 
f 3282//3228 3283//3229 3366//3312 
f 3283//3229 3284//3230 3367//3313 
f 3284//3230 3285//3231 3368//3314 
f 3285//3231 3286//3232 3369//3315 
f 3286//3232 3287//3233 3370//3316 
f 3287//3233 3288//3234 3371//3317 
f 3288//3234 3289//3235 3372//3318 
f 3289//3235 3290//3236 3373//3319 
f 3290//3236 3291//3237 3374//3320 
f 3291//3237 3292//3238 3375//3321 
f 3292//3238 3293//3239 3376//3322 
f 3293//3239 3294//3240 3377//3323 
f 3294//3240 3295//3241 3378//3324 
f 3295//3241 3296//3242 3379//3325 
f 3296//3242 3297//3243 3380//3326 
f 3297//3243 3298//3244 3381//3327 
f 3298//3244 3299//3245 3382//3328 
f 3299//3245 3300//3246 3383//3329 
f 3300//3246 3301//3247 3384//3330 
f 3301//3247 3302//3248 3385//3331 
f 3302//3248 3303//3249 3386//3332 
f 3303//3249 3304//3250 3387//3333 
f 3304//3250 3305//3251 3388//3334 
f 3305//3251 3306//3252 3389//3335 
f 3306//3252 3307//3253 3390//3336 
f 3307//3253 3308//3254 3391//3337 
f 3308//3254 3309//3255 3392//3338 
f 3309//3255 3310//3256 3393//3339 
f 3310//3256 3311//3257 3394//3340 
f 3311//3257 3312//3258 3395//3341 
f 3312//3258 3313//3259 3396//3342 
f 3314//3260 3397//3343 3396//3342 
f 3315//3261 3398//3344 3397//3343 
f 3316//3262 3399//3345 3398//3344 
f 3317//3263 3400//3346 3399//3345 
f 3318//3264 3401//3347 3400//3346 
f 3318//3264 3319//3265 3402//3348 
f 3402//3348 3401//3347 3318//3264 
f 3403//3349 3404//3350 3405//3351 
f 3406//3352 3404//3350 3403//3349 
f 3403//3349 3321//3267 3406//3352 
f 3322//3268 3407//3353 3406//3352 
f 3323//3269 3408//3354 3407//3353 
f 3324//3270 3409//3355 3408//3354 
f 3325//3271 3410//3356 3409//3355 
f 3326//3272 3411//3357 3410//3356 
f 3327//3273 3412//3358 3411//3357 
f 3328//3274 3413//3359 3412//3358 
f 3329//3275 3414//3360 3413//3359 
f 3330//3276 3415//3361 3414//3360 
f 3331//3277 3416//3362 3415//3361 
f 3332//3278 3417//3363 3416//3362 
f 3333//3279 3418//3364 3417//3363 
f 3334//3280 3419//3365 3418//3364 
f 3335//3281 3420//3366 3419//3365 
f 3336//3282 3421//3367 3420//3366 
f 3337//3283 3422//3368 3421//3367 
f 3338//3284 3423//3369 3422//3368 
f 3339//3285 3424//3370 3423//3369 
f 3340//3286 3425//3371 3424//3370 
f 3341//3287 3426//3372 3425//3371 
f 3342//3288 3427//3373 3426//3372 
f 3343//3289 3428//3374 3427//3373 
f 3344//3290 3429//3375 3428//3374 
f 3345//3291 3430//3376 3429//3375 
f 3346//3292 3431//3377 3430//3376 
f 3347//3293 3432//3378 3431//3377 
f 3348//3294 3433//3379 3432//3378 
f 3349//3295 3434//3380 3433//3379 
f 3350//3296 3435//3381 3434//3380 
f 3351//3297 3436//3382 3435//3381 
f 3352//3298 3437//3383 3436//3382 
f 3353//3299 3438//3384 3437//3383 
f 3354//3300 3439//3385 3438//3384 
f 3355//3301 3440//3386 3439//3385 
f 3440//3386 3356//3302 3441//3387 
f 3356//3302 3357//3303 3442//3388 
f 3357//3303 3358//3304 3443//3389 
f 3358//3304 3359//3305 3444//3390 
f 3359//3305 3360//3306 3445//3391 
f 3360//3306 3361//3307 3446//3392 
f 3361//3307 3362//3308 3447//3393 
f 3362//3308 3363//3309 3448//3394 
f 3363//3309 3364//3310 3449//3395 
f 3364//3310 3365//3311 3450//3396 
f 3365//3311 3366//3312 3451//3397 
f 3366//3312 3367//3313 3452//3398 
f 3367//3313 3368//3314 3453//3399 
f 3368//3314 3369//3315 3454//3400 
f 3369//3315 3370//3316 3455//3401 
f 3370//3316 3371//3317 3456//3402 
f 3371//3317 3372//3318 3457//3403 
f 3372//3318 3373//3319 3458//3404 
f 3373//3319 3374//3320 3459//3405 
f 3374//3320 3375//3321 3460//3406 
f 3375//3321 3376//3322 3461//3407 
f 3376//3322 3377//3323 3462//3408 
f 3377//3323 3378//3324 3463//3409 
f 3378//3324 3379//3325 3464//3410 
f 3379//3325 3380//3326 3465//3411 
f 3380//3326 3381//3327 3466//3412 
f 3381//3327 3382//3328 3467//3413 
f 3382//3328 3383//3329 3468//3414 
f 3383//3329 3384//3330 3469//3415 
f 3384//3330 3385//3331 3470//3416 
f 3385//3331 3386//3332 3471//3417 
f 3386//3332 3387//3333 3472//3418 
f 3387//3333 3388//3334 3473//3419 
f 3388//3334 3389//3335 3474//3420 
f 3389//3335 3390//3336 3475//3421 
f 3390//3336 3391//3337 3476//3422 
f 3391//3337 3392//3338 3477//3423 
f 3392//3338 3393//3339 3478//3424 
f 3393//3339 3394//3340 3479//3425 
f 3394//3340 3395//3341 3480//3426 
f 3395//3341 3396//3342 3481//3427 
f 3397//3343 3482//3428 3481//3427 
f 3398//3344 3483//3429 3482//3428 
f 3399//3345 3484//3430 3483//3429 
f 3400//3346 3485//3431 3484//3430 
f 3401//3347 3486//3432 3485//3431 
f 3405//3351 3487//3433 3486//3432 
f 3404//3350 3488//3434 3487//3433 
f 3406//3352 3489//3435 3488//3434 
f 3407//3353 3490//3436 3489//3435 
f 3408//3354 3491//3437 3490//3436 
f 3409//3355 3492//3438 3491//3437 
f 3410//3356 3493//3439 3492//3438 
f 3411//3357 3494//3440 3493//3439 
f 3412//3358 3495//3441 3494//3440 
f 3413//3359 3496//3442 3495//3441 
f 3414//3360 3497//3443 3496//3442 
f 3415//3361 3498//3444 3497//3443 
f 3416//3362 3499//3445 3498//3444 
f 3417//3363 3500//3446 3499//3445 
f 3418//3364 3501//3447 3500//3446 
f 3419//3365 3502//3448 3501//3447 
f 3420//3366 3503//3449 3502//3448 
f 3421//3367 3504//3450 3503//3449 
f 3422//3368 3505//3451 3504//3450 
f 3423//3369 3506//3452 3505//3451 
f 3424//3370 3507//3453 3506//3452 
f 3425//3371 3508//3454 3507//3453 
f 3426//3372 3509//3455 3508//3454 
f 3427//3373 3510//3456 3509//3455 
f 3428//3374 3511//3457 3510//3456 
f 3429//3375 3512//3458 3511//3457 
f 3430//3376 3513//3459 3512//3458 
f 3431//3377 3514//3460 3513//3459 
f 3432//3378 3515//3461 3514//3460 
f 3433//3379 3516//3462 3515//3461 
f 3434//3380 3517//3463 3516//3462 
f 3435//3381 3518//3464 3517//3463 
f 3436//3382 3519//3465 3518//3464 
f 3437//3383 3520//3466 3519//3465 
f 3438//3384 3521//3467 3520//3466 
f 3439//3385 3522//3468 3521//3467 
f 3440//3386 3523//3469 3522//3468 
f 3523//3469 3441//3387 3524//3470 
f 3441//3387 3442//3388 3525//3471 
f 3442//3388 3443//3389 3526//3472 
f 3443//3389 3444//3390 3527//3473 
f 3444//3390 3445//3391 3528//3474 
f 3445//3391 3446//3392 3529//3475 
f 3446//3392 3447//3393 3530//3476 
f 3447//3393 3448//3394 3531//3477 
f 3448//3394 3449//3395 3532//3478 
f 3449//3395 3450//3396 3533//3479 
f 3450//3396 3451//3397 3534//3480 
f 3451//3397 3452//3398 3535//3481 
f 3452//3398 3453//3399 3536//3482 
f 3453//3399 3454//3400 3537//3483 
f 3454//3400 3455//3401 3538//3484 
f 3455//3401 3456//3402 3539//3485 
f 3456//3402 3457//3403 3540//3486 
f 3457//3403 3458//3404 3541//3487 
f 3458//3404 3459//3405 3542//3488 
f 3459//3405 3460//3406 3543//3489 
f 3460//3406 3461//3407 3544//3490 
f 3461//3407 3462//3408 3545//3491 
f 3462//3408 3463//3409 3546//3492 
f 3463//3409 3464//3410 3547//3493 
f 3464//3410 3465//3411 3548//3494 
f 3465//3411 3466//3412 3549//3495 
f 3466//3412 3467//3413 3550//3496 
f 3467//3413 3468//3414 3551//3497 
f 3468//3414 3469//3415 3552//3498 
f 3469//3415 3470//3416 3553//3499 
f 3470//3416 3471//3417 3554//3500 
f 3471//3417 3472//3418 3555//3501 
f 3472//3418 3473//3419 3556//3502 
f 3473//3419 3474//3420 3557//3503 
f 3474//3420 3475//3421 3558//3504 
f 3475//3421 3476//3422 3559//3505 
f 3476//3422 3477//3423 3560//3506 
f 3477//3423 3478//3424 3561//3507 
f 3478//3424 3479//3425 3562//3508 
f 3479//3425 3480//3426 3563//3509 
f 3480//3426 3481//3427 3564//3510 
f 3482//3428 3565//3511 3564//3510 
f 3483//3429 3566//3512 3565//3511 
f 3484//3430 3567//3513 3566//3512 
f 3485//3431 3568//3514 3567//3513 
f 3486//3432 3569//3515 3568//3514 
f 3487//3433 3570//3516 3569//3515 
f 3488//3434 3571//3517 3570//3516 
f 3489//3435 3572//3518 3571//3517 
f 3490//3436 3573//3519 3572//3518 
f 3491//3437 3574//3520 3573//3519 
f 3492//3438 3575//3521 3574//3520 
f 3493//3439 3576//3522 3575//3521 
f 3494//3440 3577//3523 3576//3522 
f 3495//3441 3578//3524 3577//3523 
f 3496//3442 3579//3525 3578//3524 
f 3497//3443 3580//3526 3579//3525 
f 3498//3444 3581//3527 3580//3526 
f 3499//3445 3582//3528 3581//3527 
f 3500//3446 3583//3529 3582//3528 
f 3501//3447 3584//3530 3583//3529 
f 3502//3448 3585//3531 3584//3530 
f 3503//3449 3586//3532 3585//3531 
f 3504//3450 3587//3533 3586//3532 
f 3505//3451 3588//3534 3587//3533 
f 3506//3452 3589//3535 3588//3534 
f 3507//3453 3590//3536 3589//3535 
f 3508//3454 3591//3537 3590//3536 
f 3509//3455 3592//3538 3591//3537 
f 3510//3456 3593//3539 3592//3538 
f 3511//3457 3594//3540 3593//3539 
f 3512//3458 3595//3541 3594//3540 
f 3513//3459 3596//3542 3595//3541 
f 3514//3460 3597//3543 3596//3542 
f 3515//3461 3598//3544 3597//3543 
f 3516//3462 3599//3545 3598//3544 
f 3517//3463 3600//3546 3599//3545 
f 3518//3464 3601//3547 3600//3546 
f 3519//3465 3602//3548 3601//3547 
f 3520//3466 3603//3549 3602//3548 
f 3521//3467 3604//3550 3603//3549 
f 3522//3468 3605//3551 3604//3550 
f 3523//3469 3606//3552 3605//3551 
f 3606//3552 3524//3470 3607//3553 
f 3524//3470 3525//3471 3608//3554 
f 3525//3471 3526//3472 3609//3555 
f 3526//3472 3527//3473 3610//3556 
f 3527//3473 3528//3474 3611//3557 
f 3528//3474 3529//3475 3612//3558 
f 3529//3475 3530//3476 3613//3559 
f 3530//3476 3531//3477 3614//3560 
f 3531//3477 3532//3478 3615//3561 
f 3532//3478 3533//3479 3616//3562 
f 3533//3479 3534//3480 3617//3563 
f 3534//3480 3535//3481 3618//3564 
f 3535//3481 3536//3482 3619//3565 
f 3536//3482 3537//3483 3620//3566 
f 3537//3483 3538//3484 3621//3567 
f 3538//3484 3539//3485 3622//3568 
f 3539//3485 3540//3486 3623//3569 
f 3540//3486 3541//3487 3624//3570 
f 3541//3487 3542//3488 3625//3571 
f 3542//3488 3543//3489 3626//3572 
f 3543//3489 3544//3490 3627//3573 
f 3544//3490 3545//3491 3628//3574 
f 3545//3491 3546//3492 3629//3575 
f 3546//3492 3547//3493 3630//3576 
f 3547//3493 3548//3494 3631//3577 
f 3548//3494 3549//3495 3632//3578 
f 3549//3495 3550//3496 3633//3579 
f 3550//3496 3551//3497 3634//3580 
f 3551//3497 3552//3498 3635//3581 
f 3552//3498 3553//3499 3636//3582 
f 3553//3499 3554//3500 3637//3583 
f 3554//3500 3555//3501 3638//3584 
f 3555//3501 3556//3502 3639//3585 
f 3556//3502 3557//3503 3640//3586 
f 3557//3503 3558//3504 3641//3587 
f 3558//3504 3559//3505 3642//3588 
f 3559//3505 3560//3506 3643//3589 
f 3560//3506 3561//3507 3644//3590 
f 3561//3507 3562//3508 3645//3591 
f 3562//3508 3563//3509 3646//3592 
f 3563//3509 3564//3510 3647//3593 
f 3565//3511 3648//3594 3647//3593 
f 3566//3512 3649//3595 3648//3594 
f 3567//3513 3650//3596 3649//3595 
f 3568//3514 3651//3597 3650//3596 
f 3569//3515 3652//3598 3651//3597 
f 3570//3516 3653//3599 3652//3598 
f 3571//3517 3654//3600 3653//3599 
f 3572//3518 3655//3601 3654//3600 
f 3573//3519 3656//3602 3655//3601 
f 3574//3520 3657//3603 3656//3602 
f 3575//3521 3658//3604 3657//3603 
f 3576//3522 3659//3605 3658//3604 
f 3577//3523 3660//3606 3659//3605 
f 3578//3524 3661//3607 3660//3606 
f 3579//3525 3662//3608 3661//3607 
f 3580//3526 3663//3609 3662//3608 
f 3581//3527 3664//3610 3663//3609 
f 3582//3528 3665//3611 3664//3610 
f 3583//3529 3666//3612 3665//3611 
f 3584//3530 3667//3613 3666//3612 
f 3585//3531 3668//3614 3667//3613 
f 3586//3532 3669//3615 3668//3614 
f 3587//3533 3670//3616 3669//3615 
f 3588//3534 3671//3617 3670//3616 
f 3589//3535 3672//3618 3671//3617 
f 3590//3536 3673//3619 3672//3618 
f 3591//3537 3674//3620 3673//3619 
f 3592//3538 3675//3621 3674//3620 
f 3593//3539 3676//3622 3675//3621 
f 3594//3540 3677//3623 3676//3622 
f 3595//3541 3678//3624 3677//3623 
f 3596//3542 3679//3625 3678//3624 
f 3597//3543 3680//3626 3679//3625 
f 3598//3544 3681//3627 3680//3626 
f 3599//3545 3682//3628 3681//3627 
f 3600//3546 3683//3629 3682//3628 
f 3601//3547 3684//3630 3683//3629 
f 3602//3548 3685//3631 3684//3630 
f 3603//3549 3686//3632 3685//3631 
f 3604//3550 3687//3633 3686//3632 
f 3605//3551 3688//3634 3687//3633 
f 3606//3552 3689//3635 3688//3634 
f 3689//3635 3607//3553 3690//3636 
f 3607//3553 3608//3554 3691//3637 
f 3608//3554 3609//3555 3692//3638 
f 3609//3555 3610//3556 3693//3639 
f 3610//3556 3611//3557 3694//3640 
f 3611//3557 3612//3558 3695//3641 
f 3612//3558 3613//3559 3696//3642 
f 3613//3559 3614//3560 3697//3643 
f 3614//3560 3615//3561 3698//3644 
f 3615//3561 3616//3562 3699//3645 
f 3616//3562 3617//3563 3700//3646 
f 3617//3563 3618//3564 3701//3647 
f 3618//3564 3619//3565 3702//3648 
f 3619//3565 3620//3566 3703//3649 
f 3620//3566 3621//3567 3704//3650 
f 3621//3567 3622//3568 3705//3651 
f 3622//3568 3623//3569 3706//3652 
f 3623//3569 3624//3570 3707//3653 
f 3624//3570 3625//3571 3708//3654 
f 3625//3571 3626//3572 3709//3655 
f 3626//3572 3627//3573 3710//3656 
f 3627//3573 3628//3574 3711//3657 
f 3628//3574 3629//3575 3712//3658 
f 3629//3575 3630//3576 3713//3659 
f 3630//3576 3631//3577 3714//3660 
f 3631//3577 3632//3578 3715//3661 
f 3632//3578 3633//3579 3716//3662 
f 3633//3579 3634//3580 3717//3663 
f 3634//3580 3635//3581 3718//3664 
f 3635//3581 3636//3582 3719//3665 
f 3636//3582 3637//3583 3720//3666 
f 3637//3583 3638//3584 3721//3667 
f 3638//3584 3639//3585 3722//3668 
f 3639//3585 3640//3586 3723//3669 
f 3640//3586 3641//3587 3724//3670 
f 3641//3587 3642//3588 3725//3671 
f 3642//3588 3643//3589 3726//3672 
f 3643//3589 3644//3590 3727//3673 
f 3644//3590 3645//3591 3728//3674 
f 3645//3591 3646//3592 3729//3675 
f 3646//3592 3647//3593 3730//3676 
f 3648//3594 3731//3677 3730//3676 
f 3649//3595 3732//3678 3731//3677 
f 3650//3596 3733//3679 3732//3678 
f 3651//3597 3734//3680 3733//3679 
f 3652//3598 3735//3681 3734//3680 
f 3653//3599 3736//3682 3735//3681 
f 3654//3600 3737//3683 3736//3682 
f 3655//3601 3738//3684 3737//3683 
f 3656//3602 3739//3685 3738//3684 
f 3657//3603 3740//3686 3739//3685 
f 3658//3604 3741//3687 3740//3686 
f 3659//3605 3742//3688 3741//3687 
f 3660//3606 3743//3689 3742//3688 
f 3661//3607 3744//3690 3743//3689 
f 3662//3608 3745//3691 3744//3690 
f 3663//3609 3746//3692 3745//3691 
f 3664//3610 3747//3693 3746//3692 
f 3665//3611 3748//3694 3747//3693 
f 3666//3612 3749//3695 3748//3694 
f 3667//3613 3750//3696 3749//3695 
f 3668//3614 3751//3697 3750//3696 
f 3669//3615 3752//3698 3751//3697 
f 3670//3616 3753//3699 3752//3698 
f 3671//3617 3754//3700 3753//3699 
f 3672//3618 3755//3701 3754//3700 
f 3673//3619 3756//3702 3755//3701 
f 3674//3620 3757//3703 3756//3702 
f 3675//3621 3758//3704 3757//3703 
f 3676//3622 3759//3705 3758//3704 
f 3677//3623 3760//3706 3759//3705 
f 3678//3624 3761//3707 3760//3706 
f 3679//3625 3762//3708 3761//3707 
f 3680//3626 3763//3709 3762//3708 
f 3681//3627 3764//3710 3763//3709 
f 3682//3628 3765//3711 3764//3710 
f 3683//3629 3766//3712 3765//3711 
f 3684//3630 3767//3713 3766//3712 
f 3685//3631 3768//3714 3767//3713 
f 3686//3632 3769//3715 3768//3714 
f 3687//3633 3770//3716 3769//3715 
f 3688//3634 3771//3717 3770//3716 
f 3689//3635 3772//3718 3771//3717 
f 3772//3718 3690//3636 3773//3719 
f 3690//3636 3691//3637 3774//3720 
f 3691//3637 3692//3638 3775//3721 
f 3692//3638 3693//3639 3776//3722 
f 3693//3639 3694//3640 3777//3723 
f 3694//3640 3695//3641 3778//3724 
f 3695//3641 3696//3642 3779//3725 
f 3696//3642 3697//3643 3780//3726 
f 3697//3643 3698//3644 3781//3727 
f 3698//3644 3699//3645 3782//3728 
f 3699//3645 3700//3646 3783//3729 
f 3700//3646 3701//3647 3784//3730 
f 3701//3647 3702//3648 3785//3731 
f 3702//3648 3703//3649 3786//3732 
f 3703//3649 3704//3650 3787//3733 
f 3704//3650 3705//3651 3788//3734 
f 3705//3651 3706//3652 3789//3735 
f 3706//3652 3707//3653 3790//3736 
f 3707//3653 3708//3654 3791//3737 
f 3708//3654 3709//3655 3792//3738 
f 3709//3655 3710//3656 3793//3739 
f 3710//3656 3711//3657 3794//3740 
f 3711//3657 3712//3658 3795//3741 
f 3712//3658 3713//3659 3796//3742 
f 3713//3659 3714//3660 3797//3743 
f 3714//3660 3715//3661 3798//3744 
f 3715//3661 3716//3662 3799//3745 
f 3716//3662 3717//3663 3800//3746 
f 3717//3663 3718//3664 3801//3747 
f 3718//3664 3719//3665 3802//3748 
f 3719//3665 3720//3666 3803//3749 
f 3720//3666 3721//3667 3804//3750 
f 3721//3667 3722//3668 3805//3751 
f 3722//3668 3723//3669 3806//3752 
f 3723//3669 3724//3670 3807//3753 
f 3724//3670 3725//3671 3808//3754 
f 3725//3671 3726//3672 3809//3755 
f 3726//3672 3727//3673 3810//3756 
f 3727//3673 3728//3674 3811//3757 
f 3728//3674 3729//3675 3812//3758 
f 3729//3675 3730//3676 3813//3759 
f 3731//3677 3814//3760 3813//3759 
f 3732//3678 3815//3761 3814//3760 
f 3733//3679 3816//3762 3815//3761 
f 3734//3680 3817//3763 3816//3762 
f 3735//3681 3818//3764 3817//3763 
f 3736//3682 3819//3765 3818//3764 
f 3737//3683 3820//3766 3819//3765 
f 3738//3684 3821//3767 3820//3766 
f 3739//3685 3822//3768 3821//3767 
f 3740//3686 3823//3769 3822//3768 
f 3741//3687 3824//3770 3823//3769 
f 3742//3688 3825//3771 3824//3770 
f 3743//3689 3826//3772 3825//3771 
f 3744//3690 3827//3773 3826//3772 
f 3745//3691 3828//3774 3827//3773 
f 3746//3692 3829//3775 3828//3774 
f 3747//3693 3830//3776 3829//3775 
f 3748//3694 3831//3777 3830//3776 
f 3749//3695 3832//3778 3831//3777 
f 3750//3696 3833//3779 3832//3778 
f 3751//3697 3834//3780 3833//3779 
f 3752//3698 3835//3781 3834//3780 
f 3753//3699 3836//3782 3835//3781 
f 3754//3700 3837//3783 3836//3782 
f 3755//3701 3838//3784 3837//3783 
f 3756//3702 3839//3785 3838//3784 
f 3757//3703 3840//3786 3839//3785 
f 3758//3704 3841//3787 3840//3786 
f 3759//3705 3842//3788 3841//3787 
f 3760//3706 3843//3789 3842//3788 
f 3761//3707 3844//3790 3843//3789 
f 3762//3708 3845//3791 3844//3790 
f 3763//3709 3846//3792 3845//3791 
f 3764//3710 3847//3793 3846//3792 
f 3765//3711 3848//3794 3847//3793 
f 3766//3712 3849//3795 3848//3794 
f 3767//3713 3850//3796 3849//3795 
f 3768//3714 3851//3797 3850//3796 
f 3769//3715 3852//3798 3851//3797 
f 3770//3716 3853//3799 3852//3798 
f 3771//3717 3854//3800 3853//3799 
f 3772//3718 3855//3801 3854//3800 
f 3855//3801 3773//3719 3856//3802 
f 3773//3719 3774//3720 3857//3803 
f 3774//3720 3775//3721 3858//3804 
f 3775//3721 3776//3722 3859//3805 
f 3776//3722 3777//3723 3860//3806 
f 3777//3723 3778//3724 3861//3807 
f 3778//3724 3779//3725 3862//3808 
f 3779//3725 3780//3726 3863//3809 
f 3780//3726 3781//3727 3864//3810 
f 3781//3727 3782//3728 3865//3811 
f 3782//3728 3783//3729 3866//3812 
f 3783//3729 3784//3730 3867//3813 
f 3784//3730 3785//3731 3868//3814 
f 3785//3731 3786//3732 3869//3815 
f 3786//3732 3787//3733 3870//3816 
f 3787//3733 3788//3734 3871//3817 
f 3788//3734 3789//3735 3872//3818 
f 3789//3735 3790//3736 3873//3819 
f 3790//3736 3791//3737 3874//3820 
f 3791//3737 3792//3738 3875//3821 
f 3792//3738 3793//3739 3876//3822 
f 3793//3739 3794//3740 3877//3823 
f 3794//3740 3795//3741 3878//3824 
f 3795//3741 3796//3742 3879//3825 
f 3796//3742 3797//3743 3880//3826 
f 3797//3743 3798//3744 3881//3827 
f 3798//3744 3799//3745 3882//3828 
f 3799//3745 3800//3746 3883//3829 
f 3800//3746 3801//3747 3884//3830 
f 3801//3747 3802//3748 3885//3831 
f 3802//3748 3803//3749 3886//3832 
f 3803//3749 3804//3750 3887//3833 
f 3804//3750 3805//3751 3888//3834 
f 3805//3751 3806//3752 3889//3835 
f 3806//3752 3807//3753 3890//3836 
f 3807//3753 3808//3754 3891//3837 
f 3808//3754 3809//3755 3892//3838 
f 3809//3755 3810//3756 3893//3839 
f 3810//3756 3811//3757 3894//3840 
f 3811//3757 3812//3758 3895//3841 
f 3812//3758 3813//3759 3896//3842 
f 3814//3760 3897//3843 3896//3842 
f 3815//3761 3898//3844 3897//3843 
f 3816//3762 3899//3845 3898//3844 
f 3817//3763 3900//3846 3899//3845 
f 3818//3764 3901//3847 3900//3846 
f 3819//3765 3902//3848 3901//3847 
f 3820//3766 3903//3849 3902//3848 
f 3821//3767 3904//3850 3903//3849 
f 3822//3768 3905//3851 3904//3850 
f 3823//3769 3906//3852 3905//3851 
f 3824//3770 3907//3853 3906//3852 
f 3825//3771 3908//3854 3907//3853 
f 3826//3772 3909//3855 3908//3854 
f 3827//3773 3910//3856 3909//3855 
f 3828//3774 3911//3857 3910//3856 
f 3829//3775 3912//3858 3911//3857 
f 3830//3776 3913//3859 3912//3858 
f 3831//3777 3914//3860 3913//3859 
f 3832//3778 3915//3861 3914//3860 
f 3833//3779 3916//3862 3915//3861 
f 3834//3780 3917//3863 3916//3862 
f 3835//3781 3918//3864 3917//3863 
f 3836//3782 3919//3865 3918//3864 
f 3837//3783 3920//3866 3919//3865 
f 3838//3784 3921//3867 3920//3866 
f 3839//3785 3922//3868 3921//3867 
f 3840//3786 3923//3869 3922//3868 
f 3841//3787 3924//3870 3923//3869 
f 3842//3788 3925//3871 3924//3870 
f 3843//3789 3926//3872 3925//3871 
f 3844//3790 3927//3873 3926//3872 
f 3845//3791 3928//3874 3927//3873 
f 3846//3792 3929//3875 3928//3874 
f 3847//3793 3930//3876 3929//3875 
f 3848//3794 3931//3877 3930//3876 
f 3849//3795 3932//3878 3931//3877 
f 3850//3796 3933//3879 3932//3878 
f 3851//3797 3934//3880 3933//3879 
f 3852//3798 3935//3881 3934//3880 
f 3853//3799 3936//3882 3935//3881 
f 3854//3800 3937//3883 3936//3882 
f 3855//3801 3938//3884 3937//3883 
f 3938//3884 3856//3802 3939//3885 
f 3856//3802 3857//3803 3940//3886 
f 3857//3803 3858//3804 3941//3887 
f 3858//3804 3859//3805 3942//3888 
f 3859//3805 3860//3806 3943//3889 
f 3860//3806 3861//3807 3944//3890 
f 3861//3807 3862//3808 3945//3891 
f 3862//3808 3863//3809 3946//3892 
f 3863//3809 3864//3810 3947//3893 
f 3864//3810 3865//3811 3948//3894 
f 3865//3811 3866//3812 3949//3895 
f 3866//3812 3867//3813 3950//3896 
f 3867//3813 3868//3814 3951//3897 
f 3868//3814 3869//3815 3952//3898 
f 3869//3815 3870//3816 3953//3899 
f 3870//3816 3871//3817 3954//3900 
f 3871//3817 3872//3818 3955//3901 
f 3872//3818 3873//3819 3956//3902 
f 3873//3819 3874//3820 3957//3903 
f 3874//3820 3875//3821 3958//3904 
f 3875//3821 3876//3822 3959//3905 
f 3876//3822 3877//3823 3960//3906 
f 3877//3823 3878//3824 3961//3907 
f 3878//3824 3879//3825 3962//3908 
f 3879//3825 3880//3826 3963//3909 
f 3880//3826 3881//3827 3964//3910 
f 3881//3827 3882//3828 3965//3911 
f 3882//3828 3883//3829 3966//3912 
f 3883//3829 3884//3830 3967//3913 
f 3884//3830 3885//3831 3968//3914 
f 3885//3831 3886//3832 3969//3915 
f 3886//3832 3887//3833 3970//3916 
f 3887//3833 3888//3834 3971//3917 
f 3888//3834 3889//3835 3972//3918 
f 3889//3835 3890//3836 3973//3919 
f 3890//3836 3891//3837 3974//3920 
f 3891//3837 3892//3838 3975//3921 
f 3892//3838 3893//3839 3976//3922 
f 3893//3839 3894//3840 3977//3923 
f 3894//3840 3895//3841 3978//3924 
f 3895//3841 3896//3842 3979//3925 
f 3897//3843 3980//3926 3979//3925 
f 3898//3844 3981//3927 3980//3926 
f 3899//3845 3982//3928 3981//3927 
f 3900//3846 3983//3929 3982//3928 
f 3901//3847 3984//3930 3983//3929 
f 3902//3848 3985//3931 3984//3930 
f 3903//3849 3986//3932 3985//3931 
f 3904//3850 3987//3933 3986//3932 
f 3905//3851 3988//3934 3987//3933 
f 3906//3852 3989//3935 3988//3934 
f 3907//3853 3990//3936 3989//3935 
f 3908//3854 3991//3937 3990//3936 
f 3909//3855 3992//3938 3991//3937 
f 3910//3856 3993//3939 3992//3938 
f 3911//3857 3994//3940 3993//3939 
f 3912//3858 3995//3941 3994//3940 
f 3913//3859 3996//3942 3995//3941 
f 3914//3860 3997//3943 3996//3942 
f 3915//3861 3998//3944 3997//3943 
f 3916//3862 3999//3945 3998//3944 
f 3917//3863 4000//3946 3999//3945 
f 3918//3864 4001//3947 4000//3946 
f 3919//3865 4002//3948 4001//3947 
f 3920//3866 4003//3949 4002//3948 
f 3921//3867 4004//3950 4003//3949 
f 3922//3868 4005//3951 4004//3950 
f 3923//3869 4006//3952 4005//3951 
f 3924//3870 4007//3953 4006//3952 
f 3925//3871 4008//3954 4007//3953 
f 3926//3872 4009//3955 4008//3954 
f 3927//3873 4010//3956 4009//3955 
f 3928//3874 4011//3957 4010//3956 
f 3929//3875 4012//3958 4011//3957 
f 3930//3876 4013//3959 4012//3958 
f 3931//3877 4014//3960 4013//3959 
f 3932//3878 4015//3961 4014//3960 
f 3933//3879 4016//3962 4015//3961 
f 3934//3880 4017//3963 4016//3962 
f 3935//3881 4018//3964 4017//3963 
f 3936//3882 4019//3965 4018//3964 
f 3937//3883 4020//3966 4019//3965 
f 3938//3884 4021//3967 4020//3966 
f 4021//3967 3939//3885 4022//3968 
f 3939//3885 3940//3886 4023//3969 
f 3940//3886 3941//3887 4024//3970 
f 3941//3887 3942//3888 4025//3971 
f 3942//3888 3943//3889 4026//3972 
f 3943//3889 3944//3890 4027//3973 
f 3944//3890 3945//3891 4028//3974 
f 3945//3891 3946//3892 4029//3975 
f 3946//3892 3947//3893 4030//3976 
f 3947//3893 3948//3894 4031//3977 
f 3948//3894 3949//3895 4032//3978 
f 3949//3895 3950//3896 4033//3979 
f 3950//3896 3951//3897 4034//3980 
f 3951//3897 3952//3898 4035//3981 
f 3952//3898 3953//3899 4036//3982 
f 3953//3899 3954//3900 4037//3983 
f 3954//3900 3955//3901 4038//3984 
f 3955//3901 3956//3902 4039//3985 
f 3956//3902 3957//3903 4040//3986 
f 3957//3903 3958//3904 4041//3987 
f 3958//3904 3959//3905 4042//3988 
f 3959//3905 3960//3906 4043//3989 
f 3960//3906 3961//3907 4044//3990 
f 3961//3907 3962//3908 4045//3991 
f 3962//3908 3963//3909 4046//3992 
f 3963//3909 3964//3910 4047//3993 
f 3964//3910 3965//3911 4048//3994 
f 3965//3911 3966//3912 4049//3995 
f 3966//3912 3967//3913 4050//3996 
f 3967//3913 3968//3914 4051//3997 
f 3968//3914 3969//3915 4052//3998 
f 3969//3915 3970//3916 4053//3999 
f 3970//3916 3971//3917 4054//4000 
f 3971//3917 3972//3918 4055//4001 
f 3972//3918 3973//3919 4056//4002 
f 3973//3919 3974//3920 4057//4003 
f 3974//3920 3975//3921 4058//4004 
f 3975//3921 3976//3922 4059//4005 
f 3976//3922 3977//3923 4060//4006 
f 3977//3923 3978//3924 4061//4007 
f 3978//3924 3979//3925 4062//4008 
f 3980//3926 4063//4009 4062//4008 
f 3981//3927 4064//4010 4063//4009 
f 3982//3928 4065//4011 4064//4010 
f 3983//3929 4066//4012 4065//4011 
f 3984//3930 4067//4013 4066//4012 
f 3985//3931 4068//4014 4067//4013 
f 3986//3932 4069//4015 4068//4014 
f 3987//3933 4070//4016 4069//4015 
f 3988//3934 4071//4017 4070//4016 
f 3989//3935 4072//4018 4071//4017 
f 3990//3936 4073//4019 4072//4018 
f 3991//3937 4074//4020 4073//4019 
f 3992//3938 4075//4021 4074//4020 
f 3993//3939 4076//4022 4075//4021 
f 3994//3940 4077//4023 4076//4022 
f 3995//3941 4078//4024 4077//4023 
f 3996//3942 4079//4025 4078//4024 
f 3997//3943 4080//4026 4079//4025 
f 3998//3944 4081//4027 4080//4026 
f 3999//3945 4082//4028 4081//4027 
f 4000//3946 4083//4029 4082//4028 
f 4001//3947 4084//4030 4083//4029 
f 4002//3948 4085//4031 4084//4030 
f 4003//3949 4086//4032 4085//4031 
f 4004//3950 4087//4033 4086//4032 
f 4005//3951 4088//4034 4087//4033 
f 4006//3952 4089//4035 4088//4034 
f 4007//3953 4090//4036 4089//4035 
f 4008//3954 4091//4037 4090//4036 
f 4009//3955 4092//4038 4091//4037 
f 4010//3956 4093//4039 4092//4038 
f 4011//3957 4094//4040 4093//4039 
f 4012//3958 4095//4041 4094//4040 
f 4013//3959 4096//4042 4095//4041 
f 4014//3960 4097//4043 4096//4042 
f 4015//3961 4098//4044 4097//4043 
f 4016//3962 4099//4045 4098//4044 
f 4017//3963 4100//4046 4099//4045 
f 4018//3964 4101//4047 4100//4046 
f 4019//3965 4102//4048 4101//4047 
f 4020//3966 4103//4049 4102//4048 
f 4021//3967 4104//4050 4103//4049 
f 4104//4050 4022//3968 4105//4051 
f 4022//3968 4023//3969 4106//4052 
f 4023//3969 4024//3970 4107//4053 
f 4024//3970 4025//3971 4108//4054 
f 4025//3971 4026//3972 4109//4055 
f 4026//3972 4027//3973 4110//4056 
f 4027//3973 4028//3974 4111//4057 
f 4028//3974 4029//3975 4112//4058 
f 4029//3975 4030//3976 4113//4059 
f 4030//3976 4031//3977 4114//4060 
f 4031//3977 4032//3978 4115//4061 
f 4032//3978 4033//3979 4116//4062 
f 4033//3979 4034//3980 4117//4063 
f 4034//3980 4035//3981 4118//4064 
f 4035//3981 4036//3982 4119//4065 
f 4036//3982 4037//3983 4120//4066 
f 4037//3983 4038//3984 4121//4067 
f 4038//3984 4039//3985 4122//4068 
f 4039//3985 4040//3986 4123//4069 
f 4040//3986 4041//3987 4124//4070 
f 4041//3987 4042//3988 4125//4071 
f 4042//3988 4043//3989 4126//4072 
f 4043//3989 4044//3990 4127//4073 
f 4044//3990 4045//3991 4128//4074 
f 4045//3991 4046//3992 4129//4075 
f 4046//3992 4047//3993 4130//4076 
f 4047//3993 4048//3994 4131//4077 
f 4048//3994 4049//3995 4132//4078 
f 4049//3995 4050//3996 4133//4079 
f 4050//3996 4051//3997 4134//4080 
f 4051//3997 4052//3998 4135//4081 
f 4052//3998 4053//3999 4136//4082 
f 4053//3999 4054//4000 4137//4083 
f 4054//4000 4055//4001 4138//4084 
f 4055//4001 4056//4002 4139//4085 
f 4056//4002 4057//4003 4140//4086 
f 4057//4003 4058//4004 4141//4087 
f 4058//4004 4059//4005 4142//4088 
f 4059//4005 4060//4006 4143//4089 
f 4060//4006 4061//4007 4144//4090 
f 4061//4007 4062//4008 4145//4091 
f 4063//4009 4146//4092 4145//4091 
f 4064//4010 4147//4093 4146//4092 
f 4065//4011 4148//4094 4147//4093 
f 4066//4012 4149//4095 4148//4094 
f 4067//4013 4150//4096 4149//4095 
f 4068//4014 4151//4097 4150//4096 
f 4069//4015 4152//4098 4151//4097 
f 4070//4016 4153//4099 4152//4098 
f 4071//4017 4154//4100 4153//4099 
f 4072//4018 4155//4101 4154//4100 
f 4073//4019 4156//4102 4155//4101 
f 4074//4020 4157//4103 4156//4102 
f 4075//4021 4158//4104 4157//4103 
f 4076//4022 4159//4105 4158//4104 
f 4077//4023 4160//4106 4159//4105 
f 4078//4024 4161//4107 4160//4106 
f 4079//4025 4162//4108 4161//4107 
f 4080//4026 4163//4109 4162//4108 
f 4081//4027 4164//4110 4163//4109 
f 4082//4028 4165//4111 4164//4110 
f 4083//4029 4166//4112 4165//4111 
f 4084//4030 4167//4113 4166//4112 
f 4085//4031 4168//4114 4167//4113 
f 4086//4032 4169//4115 4168//4114 
f 4087//4033 4170//4116 4169//4115 
f 4088//4034 4171//4117 4170//4116 
f 4089//4035 4172//4118 4171//4117 
f 4090//4036 4173//4119 4172//4118 
f 4091//4037 4174//4120 4173//4119 
f 4092//4038 4175//4121 4174//4120 
f 4093//4039 4176//4122 4175//4121 
f 4094//4040 4177//4123 4176//4122 
f 4095//4041 4178//4124 4177//4123 
f 4096//4042 4179//4125 4178//4124 
f 4097//4043 4180//4126 4179//4125 
f 4098//4044 4181//4127 4180//4126 
f 4099//4045 4182//4128 4181//4127 
f 4100//4046 4183//4129 4182//4128 
f 4101//4047 4184//4130 4183//4129 
f 4102//4048 4185//4131 4184//4130 
f 4103//4049 4186//4132 4185//4131 
f 4104//4050 4187//4133 4186//4132 
f 4187//4133 4105//4051 4188//4134 
f 4105//4051 4106//4052 4189//4135 
f 4106//4052 4107//4053 4190//4136 
f 4107//4053 4108//4054 4191//4137 
f 4108//4054 4109//4055 4192//4138 
f 4109//4055 4110//4056 4193//4139 
f 4110//4056 4111//4057 4194//4140 
f 4111//4057 4112//4058 4195//4141 
f 4112//4058 4113//4059 4196//4142 
f 4113//4059 4114//4060 4197//4143 
f 4114//4060 4115//4061 4198//4144 
f 4115//4061 4116//4062 4199//4145 
f 4116//4062 4117//4063 4200//4146 
f 4117//4063 4118//4064 4201//4147 
f 4118//4064 4119//4065 4202//4148 
f 4119//4065 4120//4066 4203//4149 
f 4120//4066 4121//4067 4204//4150 
f 4121//4067 4122//4068 4205//4151 
f 4122//4068 4123//4069 4206//4152 
f 4123//4069 4124//4070 4207//4153 
f 4124//4070 4125//4071 4208//4154 
f 4125//4071 4126//4072 4209//4155 
f 4126//4072 4127//4073 4210//4156 
f 4127//4073 4128//4074 4211//4157 
f 4128//4074 4129//4075 4212//4158 
f 4129//4075 4130//4076 4213//4159 
f 4130//4076 4131//4077 4214//4160 
f 4131//4077 4132//4078 4215//4161 
f 4132//4078 4133//4079 4216//4162 
f 4133//4079 4134//4080 4217//4163 
f 4134//4080 4135//4081 4218//4164 
f 4135//4081 4136//4082 4219//4165 
f 4136//4082 4137//4083 4220//4166 
f 4137//4083 4138//4084 4221//4167 
f 4138//4084 4139//4085 4222//4168 
f 4139//4085 4140//4086 4223//4169 
f 4140//4086 4141//4087 4224//4170 
f 4141//4087 4142//4088 4225//4171 
f 4142//4088 4143//4089 4226//4172 
f 4143//4089 4144//4090 4227//4173 
f 4144//4090 4145//4091 4228//4174 
f 4146//4092 4229//4175 4228//4174 
f 4147//4093 4230//4176 4229//4175 
f 4148//4094 4231//4177 4230//4176 
f 4149//4095 4232//4178 4231//4177 
f 4150//4096 4233//4179 4232//4178 
f 4151//4097 4234//4180 4233//4179 
f 4152//4098 4235//4181 4234//4180 
f 4153//4099 4236//4182 4235//4181 
f 4154//4100 4237//4183 4236//4182 
f 4155//4101 4238//4184 4237//4183 
f 4156//4102 4239//4185 4238//4184 
f 4157//4103 4240//4186 4239//4185 
f 4158//4104 4241//4187 4240//4186 
f 4159//4105 4242//4188 4241//4187 
f 4160//4106 4243//4189 4242//4188 
f 4161//4107 4244//4190 4243//4189 
f 4162//4108 4245//4191 4244//4190 
f 4163//4109 4246//4192 4245//4191 
f 4164//4110 4247//4193 4246//4192 
f 4165//4111 4248//4194 4247//4193 
f 4166//4112 4249//4195 4248//4194 
f 4167//4113 4250//4196 4249//4195 
f 4168//4114 4251//4197 4250//4196 
f 4169//4115 4252//4198 4251//4197 
f 4170//4116 4253//4199 4252//4198 
f 4171//4117 4254//4200 4253//4199 
f 4172//4118 4255//4201 4254//4200 
f 4173//4119 4256//4202 4255//4201 
f 4174//4120 4257//4203 4256//4202 
f 4175//4121 4258//4204 4257//4203 
f 4176//4122 4259//4205 4258//4204 
f 4177//4123 4260//4206 4259//4205 
f 4178//4124 4261//4207 4260//4206 
f 4179//4125 4262//4208 4261//4207 
f 4180//4126 4263//4209 4262//4208 
f 4181//4127 4264//4210 4263//4209 
f 4182//4128 4265//4211 4264//4210 
f 4183//4129 4266//4212 4265//4211 
f 4184//4130 4267//4213 4266//4212 
f 4185//4131 4268//4214 4267//4213 
f 4186//4132 4269//4215 4268//4214 
f 4187//4133 4270//4216 4269//4215 
f 4270//4216 4188//4134 4271//4217 
f 4188//4134 4189//4135 4272//4218 
f 4189//4135 4190//4136 4273//4219 
f 4190//4136 4191//4137 4274//4220 
f 4191//4137 4192//4138 4275//4221 
f 4192//4138 4193//4139 4276//4222 
f 4193//4139 4194//4140 4277//4223 
f 4194//4140 4195//4141 4278//4224 
f 4195//4141 4196//4142 4279//4225 
f 4196//4142 4197//4143 4280//4226 
f 4197//4143 4198//4144 4281//4227 
f 4198//4144 4199//4145 4282//4228 
f 4199//4145 4200//4146 4283//4229 
f 4200//4146 4201//4147 4284//4230 
f 4201//4147 4202//4148 4285//4231 
f 4202//4148 4203//4149 4286//4232 
f 4203//4149 4204//4150 4287//4233 
f 4204//4150 4205//4151 4288//4234 
f 4205//4151 4206//4152 4289//4235 
f 4206//4152 4207//4153 4290//4236 
f 4207//4153 4208//4154 4291//4237 
f 4208//4154 4209//4155 4292//4238 
f 4209//4155 4210//4156 4293//4239 
f 4210//4156 4211//4157 4294//4240 
f 4211//4157 4212//4158 4295//4241 
f 4212//4158 4213//4159 4296//4242 
f 4213//4159 4214//4160 4297//4243 
f 4214//4160 4215//4161 4298//4244 
f 4215//4161 4216//4162 4299//4245 
f 4216//4162 4217//4163 4300//4246 
f 4217//4163 4218//4164 4301//4247 
f 4218//4164 4219//4165 4302//4248 
f 4219//4165 4220//4166 4303//4249 
f 4220//4166 4221//4167 4304//4250 
f 4221//4167 4222//4168 4305//4251 
f 4222//4168 4223//4169 4306//4252 
f 4223//4169 4224//4170 4307//4253 
f 4224//4170 4225//4171 4308//4254 
f 4225//4171 4226//4172 4309//4255 
f 4226//4172 4227//4173 4310//4256 
f 4227//4173 4228//4174 4311//4257 
f 4229//4175 4312//4258 4311//4257 
f 4230//4176 4313//4259 4312//4258 
f 4231//4177 4314//4260 4313//4259 
f 4232//4178 4315//4261 4314//4260 
f 4233//4179 4316//4262 4315//4261 
f 4234//4180 4317//4263 4316//4262 
f 4235//4181 4318//4264 4317//4263 
f 4236//4182 4319//4265 4318//4264 
f 4237//4183 4320//4266 4319//4265 
f 4238//4184 4321//4267 4320//4266 
f 4239//4185 4322//4268 4321//4267 
f 4240//4186 4323//4269 4322//4268 
f 4241//4187 4324//4270 4323//4269 
f 4242//4188 4325//4271 4324//4270 
f 4243//4189 4326//4272 4325//4271 
f 4244//4190 4327//4273 4326//4272 
f 4245//4191 4328//4274 4327//4273 
f 4246//4192 4329//4275 4328//4274 
f 4247//4193 4330//4276 4329//4275 
f 4248//4194 4331//4277 4330//4276 
f 4249//4195 4332//4278 4331//4277 
f 4250//4196 4333//4279 4332//4278 
f 4251//4197 4334//4280 4333//4279 
f 4252//4198 4335//4281 4334//4280 
f 4253//4199 4336//4282 4335//4281 
f 4254//4200 4337//4283 4336//4282 
f 4255//4201 4338//4284 4337//4283 
f 4256//4202 4339//4285 4338//4284 
f 4257//4203 4340//4286 4339//4285 
f 4258//4204 4341//4287 4340//4286 
f 4259//4205 4342//4288 4341//4287 
f 4260//4206 4343//4289 4342//4288 
f 4261//4207 4344//4290 4343//4289 
f 4262//4208 4345//4291 4344//4290 
f 4263//4209 4346//4292 4345//4291 
f 4264//4210 4347//4293 4346//4292 
f 4265//4211 4348//4294 4347//4293 
f 4266//4212 4349//4295 4348//4294 
f 4267//4213 4350//4296 4349//4295 
f 4268//4214 4351//4297 4350//4296 
f 4269//4215 4352//4298 4351//4297 
f 4270//4216 4353//4299 4352//4298 
f 4353//4299 4271//4217 4354//4300 
f 4271//4217 4272//4218 4355//4301 
f 4272//4218 4273//4219 4356//4302 
f 4273//4219 4274//4220 4357//4303 
f 4274//4220 4275//4221 4358//4304 
f 4275//4221 4276//4222 4359//4305 
f 4276//4222 4277//4223 4360//4306 
f 4277//4223 4278//4224 4361//4307 
f 4278//4224 4279//4225 4362//4308 
f 4279//4225 4280//4226 4363//4309 
f 4280//4226 4281//4227 4364//4310 
f 4281//4227 4282//4228 4365//4311 
f 4282//4228 4283//4229 4366//4312 
f 4283//4229 4284//4230 4367//4313 
f 4284//4230 4285//4231 4368//4314 
f 4285//4231 4286//4232 4369//4315 
f 4286//4232 4287//4233 4370//4316 
f 4287//4233 4288//4234 4371//4317 
f 4288//4234 4289//4235 4372//4318 
f 4289//4235 4290//4236 4373//4319 
f 4290//4236 4291//4237 4374//4320 
f 4291//4237 4292//4238 4375//4321 
f 4292//4238 4293//4239 4376//4322 
f 4293//4239 4294//4240 4377//4323 
f 4294//4240 4295//4241 4378//4324 
f 4295//4241 4296//4242 4379//4325 
f 4296//4242 4297//4243 4380//4326 
f 4297//4243 4298//4244 4381//4327 
f 4298//4244 4299//4245 4382//4328 
f 4299//4245 4300//4246 4383//4329 
f 4300//4246 4301//4247 4384//4330 
f 4301//4247 4302//4248 4385//4331 
f 4302//4248 4303//4249 4386//4332 
f 4303//4249 4304//4250 4387//4333 
f 4304//4250 4305//4251 4388//4334 
f 4305//4251 4306//4252 4389//4335 
f 4306//4252 4307//4253 4390//4336 
f 4307//4253 4308//4254 4391//4337 
f 4308//4254 4309//4255 4392//4338 
f 4309//4255 4310//4256 4393//4339 
f 4310//4256 4311//4257 4394//4340 
f 4312//4258 4395//4341 4394//4340 
f 4313//4259 4396//4342 4395//4341 
f 4314//4260 4397//4343 4396//4342 
f 4315//4261 4398//4344 4397//4343 
f 4316//4262 4399//4345 4398//4344 
f 4317//4263 4400//4346 4399//4345 
f 4318//4264 4401//4347 4400//4346 
f 4319//4265 4402//4348 4401//4347 
f 4320//4266 4403//4349 4402//4348 
f 4321//4267 4404//4350 4403//4349 
f 4322//4268 4405//4351 4404//4350 
f 4323//4269 4406//4352 4405//4351 
f 4324//4270 4407//4353 4406//4352 
f 4325//4271 4408//4354 4407//4353 
f 4326//4272 4409//4355 4408//4354 
f 4327//4273 4410//4356 4409//4355 
f 4328//4274 4411//4357 4410//4356 
f 4329//4275 4412//4358 4411//4357 
f 4330//4276 4413//4359 4412//4358 
f 4331//4277 4414//4360 4413//4359 
f 4332//4278 4415//4361 4414//4360 
f 4333//4279 4416//4362 4415//4361 
f 4334//4280 4417//4363 4416//4362 
f 4335//4281 4418//4364 4417//4363 
f 4336//4282 4419//4365 4418//4364 
f 4337//4283 4420//4366 4419//4365 
f 4338//4284 4421//4367 4420//4366 
f 4339//4285 4422//4368 4421//4367 
f 4340//4286 4423//4369 4422//4368 
f 4341//4287 4424//4370 4423//4369 
f 4342//4288 4425//4371 4424//4370 
f 4343//4289 4426//4372 4425//4371 
f 4344//4290 4427//4373 4426//4372 
f 4345//4291 4428//4374 4427//4373 
f 4346//4292 4429//4375 4428//4374 
f 4347//4293 4430//4376 4429//4375 
f 4348//4294 4431//4377 4430//4376 
f 4349//4295 4432//4378 4431//4377 
f 4350//4296 4433//4379 4432//4378 
f 4351//4297 4434//4380 4433//4379 
f 4352//4298 4435//4381 4434//4380 
f 4353//4299 4436//4382 4435//4381 
f 565//511 402//348 567//513 
f 402//348 404//350 569//515 
f 404//350 406//352 571//517 
f 406//352 408//354 573//519 
f 408//354 410//356 575//521 
f 410//356 412//358 577//523 
f 412//358 414//360 579//525 
f 414//360 416//362 581//527 
f 416//362 418//364 583//529 
f 418//364 420//366 585//531 
f 420//366 422//368 587//533 
f 422//368 424//370 589//535 
f 424//370 426//372 591//537 
f 426//372 428//374 593//539 
f 428//374 430//376 595//541 
f 430//376 432//378 597//543 
f 432//378 434//380 599//545 
f 434//380 436//382 601//547 
f 436//382 438//384 603//549 
f 438//384 440//386 605//551 
f 440//386 442//388 607//553 
f 442//388 444//390 609//555 
f 444//390 446//392 611//557 
f 446//392 448//394 613//559 
f 448//394 450//396 615//561 
f 450//396 452//398 617//563 
f 514//460 649//595 648//594 
f 516//462 652//598 649//595 
f 518//464 654//600 652//598 
f 520//466 656//602 654//600 
f 522//468 658//604 656//602 
f 524//470 660//606 658//604 
f 526//472 662//608 660//606 
f 528//474 664//610 662//608 
f 530//476 666//612 664//610 
f 532//478 668//614 666//612 
f 534//480 670//616 668//614 
f 536//482 672//618 670//616 
f 538//484 674//620 672//618 
f 540//486 676//622 674//620 
f 542//488 678//624 676//622 
f 544//490 680//626 678//624 
f 546//492 682//628 680//626 
f 548//494 684//630 682//628 
f 550//496 686//632 684//630 
f 552//498 688//634 686//632 
f 554//500 690//636 688//634 
f 556//502 692//638 690//636 
f 558//504 694//640 692//638 
f 560//506 696//642 694//640 
f 562//508 698//644 696//642 
f 564//510 700//646 698//644 
f 565//511 566//512 700//646 
f 702//648 568//514 704//650 
f 568//514 570//516 706//652 
f 570//516 572//518 708//654 
f 572//518 574//520 710//656 
f 574//520 576//522 712//658 
f 693//639 786//732 785//731 
f 695//641 789//735 786//732 
f 697//643 791//737 789//735 
f 699//645 793//739 791//737 
f 701//647 795//741 793//739 
f 702//648 703//649 795//741 
f 963//909 881//827 965//911 
f 881//827 882//828 967//913 
f 882//828 883//829 969//915 
f 883//829 884//830 971//917 
f 884//830 885//831 973//919 
f 886//832 887//833 977//923 
f 887//833 888//834 979//925 
f 958//904 1050//996 1049//995 
f 959//905 1053//999 1050//996 
f 960//906 1055//1001 1053//999 
f 961//907 1057//1003 1055//1001 
f 962//908 1059//1005 1057//1003 
f 1393//1339 1311//1257 1395//1341 
f 1311//1257 1312//1258 1397//1343 
f 1312//1258 1313//1259 1399//1345 
f 1313//1259 1314//1260 1401//1347 
f 1316//1262 1317//1263 1405//1351 
f 1358//1304 1447//1393 1446//1392 
f 1390//1336 1481//1427 1480//1426 
f 1391//1337 1484//1430 1481//1427 
f 1392//1338 1486//1432 1484//1430 
f 2568//2514 2486//2432 2570//2516 
f 2486//2432 2487//2433 2572//2518 
f 2487//2433 2488//2434 2574//2520 
f 2491//2437 2492//2438 2579//2525 
f 2565//2511 2653//2599 2652//2598 
f 2566//2512 2656//2602 2653//2599 
f 2567//2513 2658//2604 2656//2602 
f 2660//2606 2571//2517 2662//2608 
f 2571//2517 2573//2519 2664//2610 
f 2573//2519 2575//2521 2666//2612 
f 2575//2521 2576//2522 2668//2614 
f 2576//2522 2577//2523 2670//2616 
f 2674//2620 2580//2526 2675//2621 
f 2580//2526 2581//2527 2677//2623 
f 2621//2567 2718//2664 2717//2663 
f 2651//2597 2750//2696 2749//2695 
f 2655//2601 2753//2699 2750//2696 
f 2654//2600 2755//2701 2753//2699 
f 2657//2603 2757//2703 2755//2701 
f 2659//2605 2759//2705 2757//2703 
f 3093//3039 3011//2957 3095//3041 
f 3011//2957 3012//2958 3097//3043 
f 3012//2958 3013//2959 3099//3045 
f 3013//2959 3014//2960 3101//3047 
f 3016//2962 3017//2963 3105//3051 
f 3017//2963 3018//2964 3107//3053 
f 3089//3035 3179//3125 3178//3124 
f 3090//3036 3182//3128 3179//3125 
f 3091//3037 3184//3130 3182//3128 
f 3092//3038 3186//3132 3184//3130 
f 3320//3266 3403//3349 3402//3348 
f 4435//4381 4436//4382 196//4383 
f 4434//4380 4435//4381 372//4384 
f 4435//4381 373//4385 372//4384 
f 4433//4379 4434//4380 374//4386 
f 4434//4380 375//4387 374//4386 
f 4433//4379 378//4388 377//4389 
f 377//4389 4432//4378 4433//4379 
f 4431//4377 4432//4378 379//4390 
f 4432//4378 380//4391 379//4390 
f 4431//4377 382//4392 381//4393 
f 381//4393 4430//4376 4431//4377 
f 383//4394 4429//4375 4430//4376 
f 386//4395 4428//4374 4429//4375 
f 4427//4373 4428//4374 385//4396 
f 385//4396 389//4397 4427//4373 
f 4428//4374 386//4395 385//4396 
f 387//4398 4426//4372 4427//4373 
f 4425//4371 4426//4372 387//4398 
f 4425//4371 391//4399 390//4400 
f 390//4400 4424//4370 4425//4371 
f 392//4401 4423//4369 4424//4370 
f 4424//4370 393//4402 392//4401 
f 4422//4368 4423//4369 396//4403 
f 394//4404 4421//4367 4422//4368 
f 4422//4368 395//4405 394//4404 
f 397//4406 4420//4366 4421//4367 
f 4421//4367 398//4407 397//4406 
f 342//4408 4419//4365 4420//4366 
f 4420//4366 399//4409 342//4408 
f 345//4410 4418//4364 4419//4365 
f 4419//4365 341//4411 345//4410 
f 343//4412 4417//4363 4418//4364 
f 4418//4364 344//4413 343//4412 
f 346//4414 4416//4362 4417//4363 
f 349//4415 4415//4361 4416//4362 
f 348//4416 4414//4360 4415//4361 
f 4415//4361 349//4415 348//4416 
f 348//4416 352//4417 4414//4360 
f 350//4418 4413//4359 4414//4360 
f 354//4419 4412//4358 4413//4359 
f 353//4420 4411//4357 4412//4358 
f 4412//4358 354//4419 353//4420 
f 356//4421 4410//4356 4411//4357 
f 4411//4357 357//4422 356//4421 
f 356//4421 320//4423 4410//4356 
f 288//4424 4409//4355 4410//4356 
f 4410//4356 287//4425 286//4426 
f 291//4427 4408//4354 4409//4355 
f 4409//4355 288//4424 291//4427 
f 289//4428 4407//4353 4408//4354 
f 4408//4354 290//4429 289//4428 
f 297//4430 4406//4352 4407//4353 
f 300//4431 4405//4351 4406//4352 
f 4406//4352 297//4430 301//4432 
f 299//4433 4404//4350 4405//4351 
f 4405//4351 300//4431 299//4433 
f 302//4434 4403//4349 4404//4350 
f 305//4435 4402//4348 4403//4349 
f 308//4436 4401//4347 4402//4348 
f 4402//4348 305//4435 304//4437 
f 4402//4348 304//4437 308//4436 
f 306//4438 4400//4346 4401//4347 
f 310//4439 4399//4345 4400//4346 
f 4398//4344 4399//4345 309//4440 
f 4399//4345 310//4439 309//4440 
f 4398//4344 313//4441 312//4442 
f 312//4442 4397//4343 4398//4344 
f 4396//4342 4397//4343 295//4443 
f 4397//4343 315//4444 295//4443 
f 4396//4342 294//4445 293//4446 
f 293//4446 4395//4341 4396//4342 
f 4395//4341 296//4447 241//4448 
f 241//4448 4394//4340 4395//4341 
f 236//4449 261//4450 4393//4339 
f 4392//4338 4393//4339 260//4451 
f 4393//4339 261//4450 260//4451 
f 264//4452 263//4453 4391//4337 
f 256//4454 265//4455 4390//4336 
f 4391//4337 263//4453 256//4454 
f 4390//4336 265//4455 230//4456 
f 230//4456 4389//4335 4390//4336 
f 267//4457 266//4458 4388//4334 
f 4388//4334 266//4458 270//4459 
f 270//4459 4387//4333 4388//4334 
f 269//4460 268//4461 4386//4332 
f 4386//4332 4387//4333 269//4460 
f 272//4462 271//4463 4385//4331 
f 271//4463 274//4464 4384//4330 
f 273//4465 276//4466 4383//4329 
f 4384//4330 274//4464 273//4465 
f 276//4466 275//4467 4382//4328 
f 279//4468 278//4469 4381//4327 
f 4382//4328 275//4467 279//4468 
f 277//4470 284//4471 4380//4326 
f 4381//4327 278//4469 277//4470 
f 284//4471 283//4472 4379//4325 
f 4379//4325 4380//4326 284//4471 
f 280//4473 282//4474 4378//4324 
f 4379//4325 281//4475 280//4473 
f 216//4476 214//4477 4377//4323 
f 4378//4324 217//4478 216//4476 
f 4378//4324 282//4474 217//4478 
f 214//4477 211//4479 4376//4322 
f 4376//4322 4377//4323 214//4477 
f 219//4480 218//4481 4375//4321 
f 222//4482 221//4483 4374//4320 
f 4375//4321 218//4481 222//4482 
f 221//4483 220//4484 4373//4319 
f 220//4484 224//4485 4372//4318 
f 223//4486 226//4487 4371//4317 
f 4372//4318 224//4485 223//4486 
f 225//4488 229//4489 4370//4316 
f 4371//4317 226//4487 225//4488 
f 229//4489 228//4490 4369//4315 
f 172//4491 171//4492 4368//4314 
f 4369//4315 227//4493 172//4491 
f 4369//4315 228//4490 227//4493 
f 170//4494 174//4495 4367//4313 
f 4368//4314 171//4492 170//4494 
f 173//4496 176//4497 4366//4312 
f 4367//4313 174//4495 173//4496 
f 175//4498 178//4499 4365//4311 
f 4366//4312 176//4497 175//4498 
f 177//4500 180//4501 4364//4310 
f 4365//4311 178//4499 177//4500 
f 4364//4310 180//4501 179//4502 
f 179//4502 4363//4309 4364//4310 
f 182//4503 181//4504 4362//4308 
f 4361//4307 4362//4308 185//4505 
f 4362//4308 181//4504 185//4505 
f 4361//4307 184//4506 183//4507 
f 183//4507 4360//4306 4361//4307 
f 187//4508 186//4509 4359//4305 
f 186//4509 189//4510 4358//4304 
f 4357//4303 4358//4304 188//4511 
f 4358//4304 189//4510 188//4511 
f 193//4512 192//4513 4356//4302 
f 4355//4301 4356//4302 191//4514 
f 4356//4302 192//4513 191//4514 
f 4355//4301 195//4515 194//4516 
f 194//4516 4354//4300 4355//4301 
f 4354//4300 197//4517 196//4383 
f 401//347 400//346 145//4518 
f 400//346 141//4519 145//4518 
f 403//349 401//347 144//4520 
f 144//4520 143//4521 403//349 
f 147//4522 146//4523 405//351 
f 407//353 405//351 146//4523 
f 146//4523 148//4524 407//353 
f 150//4525 149//4526 409//355 
f 149//4526 152//4527 411//357 
f 413//359 411//357 152//4527 
f 152//4527 151//4528 413//359 
f 415//361 413//359 154//4529 
f 154//4529 153//4530 415//361 
f 157//4531 156//4532 417//363 
f 419//365 417//363 156//4532 
f 156//4532 155//4533 419//365 
f 421//367 419//365 159//4534 
f 159//4534 158//4535 421//367 
f 161//4536 160//4537 423//369 
f 423//369 421//367 161//4536 
f 164//4538 163//4539 425//371 
f 427//373 425//371 163//4539 
f 163//4539 162//4540 427//373 
f 166//4541 165//4542 429//375 
f 429//375 427//373 166//4541 
f 168//4543 167//4544 431//377 
f 431//377 429//375 168//4543 
f 198//4545 201//4546 433//379 
f 433//379 431//377 198//4545 
f 200//4547 199//4548 435//381 
f 435//381 433//379 200//4547 
f 203//4549 202//4550 437//383 
f 437//383 435//381 203//4549 
f 205//4551 204//4552 439//385 
f 204//4552 208//4553 441//387 
f 441//387 439//385 204//4552 
f 207//4554 206//4555 443//389 
f 206//4555 210//4556 445//391 
f 210//4556 209//4557 447//393 
f 447//393 445//391 210//4556 
f 213//4558 212//4559 449//395 
f 449//395 447//393 213//4558 
f 212//4559 215//4560 449//395 
f 235//4561 232//4562 451//397 
f 232//4562 231//4563 453//399 
f 453//399 451//397 232//4562 
f 234//4564 233//4565 455//401 
f 455//401 453//399 234//4564 
f 243//4566 242//4567 457//403 
f 242//4567 246//4568 459//405 
f 459//405 457//403 242//4567 
f 245//4569 244//4570 461//407 
f 461//407 459//405 245//4569 
f 248//4571 247//4572 463//409 
f 247//4572 250//4573 465//411 
f 249//4574 253//4575 467//413 
f 465//411 250//4573 249//4574 
f 253//4575 252//4576 469//415 
f 251//4577 255//4578 471//417 
f 469//415 252//4576 251//4577 
f 471//417 255//4578 254//4579 
f 254//4579 473//419 471//417 
f 259//4580 258//4581 475//421 
f 475//421 257//4582 262//4583 
f 475//421 258//4581 257//4582 
f 262//4583 477//423 475//421 
f 238//4584 237//4585 479//425 
f 481//427 479//425 237//4585 
f 483//429 481//427 292//4586 
f 481//427 240//4587 239//4588 
f 239//4588 292//4586 481//427 
f 316//4589 485//431 483//429 
f 487//433 485//431 318//4590 
f 485//431 316//4589 318//4590 
f 311//4591 489//435 487//433 
f 487//433 317//4592 311//4591 
f 285//4593 491//437 489//435 
f 322//4594 493//439 491//437 
f 495//441 321//4595 325//4596 
f 321//4595 495//441 493//439 
f 493//439 322//4594 321//4595 
f 323//4597 497//443 495//441 
f 327//4598 499//445 497//443 
f 329//4599 501//447 499//445 
f 499//445 327//4598 326//4600 
f 328//4601 503//449 501//447 
f 501//447 329//4599 328//4601 
f 330//4602 505//451 503//449 
f 333//4603 507//453 505//451 
f 505//451 330//4602 334//4604 
f 340//4605 509//455 507//453 
f 507//453 333//4603 332//4606 
f 339//4607 511//457 509//455 
f 509//455 340//4605 339//4607 
f 338//4608 513//459 511//457 
f 511//457 336//4609 335//4610 
f 515//461 337//4611 355//4612 
f 337//4611 515//461 513//459 
f 513//459 338//4608 337//4611 
f 361//4613 517//463 515//461 
f 515//461 359//4614 358//4615 
f 360//4616 519//465 517//463 
f 363//4617 521//467 519//465 
f 519//465 360//4616 364//4618 
f 366//4619 523//469 521//467 
f 521//467 363//4617 362//4620 
f 365//4621 525//471 523//469 
f 368//4622 527//473 525//471 
f 371//4623 529//475 527//473 
f 527//473 368//4622 367//4624 
f 370//4625 531//477 529//475 
f 116//4626 533//479 531//477 
f 531//477 369//4627 117//4628 
f 531//477 370//4625 369//4627 
f 119//4629 535//481 533//479 
f 533//479 116//4626 115//4630 
f 535//481 118//4631 121//4632 
f 535//481 119//4629 118//4631 
f 123//4633 539//485 537//483 
f 537//483 121//4632 120//4634 
f 539//485 122//4635 125//4636 
f 539//485 123//4633 122//4635 
f 124//4637 543//489 541//487 
f 127//4638 545//491 543//489 
f 545//491 130//4639 129//4640 
f 545//491 127//4638 126//4641 
f 126//4641 130//4639 545//491 
f 128//4642 549//495 547//493 
f 132//4643 551//497 549//495 
f 551//497 131//4644 134//4645 
f 551//497 132//4643 131//4644 
f 553//499 133//4646 136//4647 
f 553//499 134//4645 133//4646 
f 555//501 135//4648 137//4649 
f 555//501 136//4647 135//4648 
f 559//505 557//503 138//4650 
f 557//503 137//4649 138//4650 
f 559//505 140//4651 139//4652 
f 142//4653 563//509 561//507 
f 563//509 142//4653 141//4519 
f 141//4519 400//346 563//509 
f 561//507 139//4652 142//4653 
f 139//4652 561//507 559//505 
f 138//4650 140//4651 559//505 
f 137//4649 557//503 555//501 
f 136//4647 555//501 553//499 
f 134//4645 553//499 551//497 
f 549//495 128//4642 132//4643 
f 547//493 129//4640 128//4642 
f 129//4640 547//493 545//491 
f 543//489 124//4637 127//4638 
f 541//487 125//4636 124//4637 
f 125//4636 541//487 539//485 
f 537//483 120//4634 123//4633 
f 121//4632 537//483 535//481 
f 533//479 115//4630 119//4629 
f 531//477 117//4628 116//4626 
f 529//475 371//4623 370//4625 
f 527//473 367//4624 371//4623 
f 525//471 365//4621 368//4622 
f 523//469 366//4619 365//4621 
f 521//467 362//4620 366//4619 
f 519//465 364//4618 363//4617 
f 517//463 361//4613 360//4616 
f 515//461 358//4615 361//4613 
f 355//4612 359//4614 515//461 
f 511//457 335//4610 338//4608 
f 339//4607 336//4609 511//457 
f 507//453 332//4606 340//4605 
f 505//451 334//4604 333//4603 
f 503//449 331//4654 330//4602 
f 328//4601 331//4654 503//449 
f 499//445 326//4600 329//4599 
f 497//443 323//4597 327//4598 
f 495//441 324//4655 323//4597 
f 325//4596 324//4655 495//441 
f 491//437 285//4593 322//4594 
f 489//435 319//4656 285//4593 
f 311//4591 319//4656 489//435 
f 318//4590 317//4592 487//433 
f 483//429 314//4657 316//4589 
f 292//4586 314//4657 483//429 
f 237//4585 240//4587 481//427 
f 479//425 477//423 238//4584 
f 262//4583 238//4584 477//423 
f 475//421 473//419 259//4580 
f 254//4579 259//4580 473//419 
f 471//417 469//415 251//4577 
f 469//415 467//413 253//4575 
f 467//413 465//411 249//4574 
f 465//411 463//409 247//4572 
f 463//409 461//407 248//4571 
f 244//4570 248//4571 461//407 
f 246//4568 245//4569 459//405 
f 457//403 455//401 243//4566 
f 233//4565 243//4566 455//401 
f 231//4563 234//4564 453//399 
f 451//397 449//395 235//4561 
f 215//4560 235//4561 449//395 
f 209//4557 213//4558 447//393 
f 445//391 443//389 206//4555 
f 443//389 441//387 207//4554 
f 208//4553 207//4554 441//387 
f 439//385 437//383 205//4551 
f 202//4550 205//4551 437//383 
f 199//4548 203//4549 435//381 
f 201//4546 200//4547 433//379 
f 167//4544 198//4545 431//377 
f 165//4542 168//4543 429//375 
f 162//4540 166//4541 427//373 
f 425//371 423//369 164//4538 
f 160//4537 164//4538 423//369 
f 158//4535 161//4536 421//367 
f 155//4533 159//4534 419//365 
f 417//363 415//361 157//4531 
f 153//4530 157//4531 415//361 
f 151//4528 154//4529 413//359 
f 411//357 409//355 149//4526 
f 409//355 407//353 150//4525 
f 148//4524 150//4525 407//353 
f 405//351 403//349 147//4522 
f 143//4521 147//4522 403//349 
f 145//4518 144//4520 401//347 
f 196//4383 4436//4382 4354//4300 
f 194//4516 197//4517 4354//4300 
f 191//4514 195//4515 4355//4301 
f 4356//4302 4357//4303 193//4512 
f 188//4511 193//4512 4357//4303 
f 4358//4304 4359//4305 186//4509 
f 4359//4305 4360//4306 187//4508 
f 183//4507 187//4508 4360//4306 
f 185//4505 184//4506 4361//4307 
f 4362//4308 4363//4309 182//4503 
f 179//4502 182//4503 4363//4309 
f 4364//4310 4365//4311 177//4500 
f 4365//4311 4366//4312 175//4498 
f 4366//4312 4367//4313 173//4496 
f 4367//4313 4368//4314 170//4494 
f 4368//4314 4369//4315 172//4491 
f 4369//4315 4370//4316 229//4489 
f 4370//4316 4371//4317 225//4488 
f 4371//4317 4372//4318 223//4486 
f 4372//4318 4373//4319 220//4484 
f 4373//4319 4374//4320 221//4483 
f 4374//4320 4375//4321 222//4482 
f 4375//4321 4376//4322 219//4480 
f 211//4479 219//4480 4376//4322 
f 4377//4323 4378//4324 216//4476 
f 4378//4324 4379//4325 280//4473 
f 283//4472 281//4475 4379//4325 
f 4380//4326 4381//4327 277//4470 
f 4381//4327 4382//4328 279//4468 
f 4382//4328 4383//4329 276//4466 
f 4383//4329 4384//4330 273//4465 
f 4384//4330 4385//4331 271//4463 
f 4385//4331 4386//4332 272//4462 
f 268//4461 272//4462 4386//4332 
f 270//4459 269//4460 4387//4333 
f 4388//4334 4389//4335 267//4457 
f 230//4456 267//4457 4389//4335 
f 4390//4336 4391//4337 256//4454 
f 4391//4337 4392//4338 264//4452 
f 260//4451 264//4452 4392//4338 
f 4393//4339 4394//4340 236//4449 
f 241//4448 236//4449 4394//4340 
f 293//4446 296//4447 4395//4341 
f 295//4443 294//4445 4396//4342 
f 312//4442 315//4444 4397//4343 
f 309//4440 313//4441 4398//4344 
f 4400//4346 306//4438 310//4439 
f 4401//4347 307//4658 306//4438 
f 308//4436 307//4658 4401//4347 
f 4403//4349 302//4434 305//4435 
f 4404//4350 303//4659 302//4434 
f 299//4433 303//4659 4404//4350 
f 4406//4352 301//4432 300//4431 
f 4407//4353 298//4660 297//4430 
f 289//4428 298//4660 4407//4353 
f 291//4427 290//4429 4408//4354 
f 4410//4356 286//4426 288//4424 
f 320//4423 287//4425 4410//4356 
f 353//4420 357//4422 4411//4357 
f 4413//4359 350//4418 354//4419 
f 4414//4360 351//4661 350//4418 
f 352//4417 351//4661 4414//4360 
f 4416//4362 346//4414 349//4415 
f 4417//4363 347//4662 346//4414 
f 343//4412 347//4662 4417//4363 
f 345//4410 344//4413 4418//4364 
f 342//4408 341//4411 4419//4365 
f 397//4406 399//4409 4420//4366 
f 394//4404 398//4407 4421//4367 
f 396//4403 395//4405 4422//4368 
f 392//4401 396//4403 4423//4369 
f 390//4400 393//4402 4424//4370 
f 387//4398 391//4399 4425//4371 
f 4427//4373 388//4663 387//4398 
f 389//4397 388//4663 4427//4373 
f 4429//4375 383//4394 386//4395 
f 4430//4376 384//4664 383//4394 
f 381//4393 384//4664 4430//4376 
f 379//4390 382//4392 4431//4377 
f 377//4389 380//4391 4432//4378 
f 374//4386 378//4388 4433//4379 
f 372//4384 375//4387 4434//4380 
f 196//4383 373//4385 4435//4381 
f 3402//3348 3319//3265 3320//3266 
f 3184//3130 3091//3037 3092//3038 
f 3182//3128 3090//3036 3091//3037 
f 3179//3125 3089//3035 3090//3036 
f 3178//3124 3088//3034 3089//3035 
f 3107//3053 3105//3051 3017//2963 
f 3105//3051 3104//3050 3016//2962 
f 3101//3047 3099//3045 3013//2959 
f 3099//3045 3097//3043 3012//2958 
f 3097//3043 3095//3041 3011//2957 
f 3095//3041 3094//3040 3093//3039 
f 2757//2703 2657//2603 2659//2605 
f 2755//2701 2654//2600 2657//2603 
f 2753//2699 2655//2601 2654//2600 
f 2750//2696 2651//2597 2655//2601 
f 2749//2695 2650//2596 2651//2597 
f 2717//2663 2620//2566 2621//2567 
f 2677//2623 2675//2621 2580//2526 
f 2675//2621 2672//2618 2674//2620 
f 2670//2616 2668//2614 2576//2522 
f 2668//2614 2666//2612 2575//2521 
f 2666//2612 2664//2610 2573//2519 
f 2664//2610 2662//2608 2571//2517 
f 2662//2608 2661//2607 2660//2606 
f 2656//2602 2566//2512 2567//2513 
f 2653//2599 2565//2511 2566//2512 
f 2652//2598 2564//2510 2565//2511 
f 2579//2525 2578//2524 2491//2437 
f 2574//2520 2572//2518 2487//2433 
f 2572//2518 2570//2516 2486//2432 
f 2570//2516 2569//2515 2568//2514 
f 1484//1430 1391//1337 1392//1338 
f 1481//1427 1390//1336 1391//1337 
f 1480//1426 1389//1335 1390//1336 
f 1446//1392 1357//1303 1358//1304 
f 1405//1351 1404//1350 1316//1262 
f 1401//1347 1399//1345 1313//1259 
f 1399//1345 1397//1343 1312//1258 
f 1397//1343 1395//1341 1311//1257 
f 1395//1341 1394//1340 1393//1339 
f 1057//1003 961//907 962//908 
f 1055//1001 960//906 961//907 
f 1053//999 959//905 960//906 
f 1050//996 958//904 959//905 
f 1049//995 957//903 958//904 
f 979//925 977//923 887//833 
f 977//923 975//921 886//832 
f 973//919 971//917 884//830 
f 971//917 969//915 883//829 
f 969//915 967//913 882//828 
f 967//913 965//911 881//827 
f 965//911 964//910 963//909 
f 795//741 701//647 702//648 
f 793//739 699//645 701//647 
f 791//737 697//643 699//645 
f 789//735 695//641 697//643 
f 786//732 693//639 695//641 
f 785//731 691//637 693//639 
f 712//658 710//656 574//520 
f 710//656 708//654 572//518 
f 708//654 706//652 570//516 
f 706//652 704//650 568//514 
f 704//650 703//649 702//648 
f 700//646 564//510 565//511 
f 698//644 562//508 564//510 
f 696//642 560//506 562//508 
f 694//640 558//504 560//506 
f 692//638 556//502 558//504 
f 690//636 554//500 556//502 
f 688//634 552//498 554//500 
f 686//632 550//496 552//498 
f 684//630 548//494 550//496 
f 682//628 546//492 548//494 
f 680//626 544//490 546//492 
f 678//624 542//488 544//490 
f 676//622 540//486 542//488 
f 674//620 538//484 540//486 
f 672//618 536//482 538//484 
f 670//616 534//480 536//482 
f 668//614 532//478 534//480 
f 666//612 530//476 532//478 
f 664//610 528//474 530//476 
f 662//608 526//472 528//474 
f 660//606 524//470 526//472 
f 658//604 522//468 524//470 
f 656//602 520//466 522//468 
f 654//600 518//464 520//466 
f 652//598 516//462 518//464 
f 649//595 514//460 516//462 
f 648//594 512//458 514//460 
f 617//563 615//561 450//396 
f 615//561 613//559 448//394 
f 613//559 611//557 446//392 
f 611//557 609//555 444//390 
f 609//555 607//553 442//388 
f 607//553 605//551 440//386 
f 605//551 603//549 438//384 
f 603//549 601//547 436//382 
f 601//547 599//545 434//380 
f 599//545 597//543 432//378 
f 597//543 595//541 430//376 
f 595//541 593//539 428//374 
f 593//539 591//537 426//372 
f 591//537 589//535 424//370 
f 589//535 587//533 422//368 
f 587//533 585//531 420//366 
f 585//531 583//529 418//364 
f 583//529 581//527 416//362 
f 581//527 579//525 414//360 
f 579//525 577//523 412//358 
f 577//523 575//521 410//356 
f 575//521 573//519 408//354 
f 573//519 571//517 406//352 
f 571//517 569//515 404//350 
f 569//515 567//513 402//348 
f 567//513 566//512 565//511 
f 4435//4381 4352//4298 4353//4299 
f 4434//4380 4351//4297 4352//4298 
f 4433//4379 4350//4296 4351//4297 
f 4432//4378 4349//4295 4350//4296 
f 4431//4377 4348//4294 4349//4295 
f 4430//4376 4347//4293 4348//4294 
f 4429//4375 4346//4292 4347//4293 
f 4428//4374 4345//4291 4346//4292 
f 4427//4373 4344//4290 4345//4291 
f 4426//4372 4343//4289 4344//4290 
f 4425//4371 4342//4288 4343//4289 
f 4424//4370 4341//4287 4342//4288 
f 4423//4369 4340//4286 4341//4287 
f 4422//4368 4339//4285 4340//4286 
f 4421//4367 4338//4284 4339//4285 
f 4420//4366 4337//4283 4338//4284 
f 4419//4365 4336//4282 4337//4283 
f 4418//4364 4335//4281 4336//4282 
f 4417//4363 4334//4280 4335//4281 
f 4416//4362 4333//4279 4334//4280 
f 4415//4361 4332//4278 4333//4279 
f 4414//4360 4331//4277 4332//4278 
f 4413//4359 4330//4276 4331//4277 
f 4412//4358 4329//4275 4330//4276 
f 4411//4357 4328//4274 4329//4275 
f 4410//4356 4327//4273 4328//4274 
f 4409//4355 4326//4272 4327//4273 
f 4408//4354 4325//4271 4326//4272 
f 4407//4353 4324//4270 4325//4271 
f 4406//4352 4323//4269 4324//4270 
f 4405//4351 4322//4268 4323//4269 
f 4404//4350 4321//4267 4322//4268 
f 4403//4349 4320//4266 4321//4267 
f 4402//4348 4319//4265 4320//4266 
f 4401//4347 4318//4264 4319//4265 
f 4400//4346 4317//4263 4318//4264 
f 4399//4345 4316//4262 4317//4263 
f 4398//4344 4315//4261 4316//4262 
f 4397//4343 4314//4260 4315//4261 
f 4396//4342 4313//4259 4314//4260 
f 4395//4341 4312//4258 4313//4259 
f 4394//4340 4311//4257 4312//4258 
f 4394//4340 4393//4339 4310//4256 
f 4393//4339 4392//4338 4309//4255 
f 4392//4338 4391//4337 4308//4254 
f 4391//4337 4390//4336 4307//4253 
f 4390//4336 4389//4335 4306//4252 
f 4389//4335 4388//4334 4305//4251 
f 4388//4334 4387//4333 4304//4250 
f 4387//4333 4386//4332 4303//4249 
f 4386//4332 4385//4331 4302//4248 
f 4385//4331 4384//4330 4301//4247 
f 4384//4330 4383//4329 4300//4246 
f 4383//4329 4382//4328 4299//4245 
f 4382//4328 4381//4327 4298//4244 
f 4381//4327 4380//4326 4297//4243 
f 4380//4326 4379//4325 4296//4242 
f 4379//4325 4378//4324 4295//4241 
f 4378//4324 4377//4323 4294//4240 
f 4377//4323 4376//4322 4293//4239 
f 4376//4322 4375//4321 4292//4238 
f 4375//4321 4374//4320 4291//4237 
f 4374//4320 4373//4319 4290//4236 
f 4373//4319 4372//4318 4289//4235 
f 4372//4318 4371//4317 4288//4234 
f 4371//4317 4370//4316 4287//4233 
f 4370//4316 4369//4315 4286//4232 
f 4369//4315 4368//4314 4285//4231 
f 4368//4314 4367//4313 4284//4230 
f 4367//4313 4366//4312 4283//4229 
f 4366//4312 4365//4311 4282//4228 
f 4365//4311 4364//4310 4281//4227 
f 4364//4310 4363//4309 4280//4226 
f 4363//4309 4362//4308 4279//4225 
f 4362//4308 4361//4307 4278//4224 
f 4361//4307 4360//4306 4277//4223 
f 4360//4306 4359//4305 4276//4222 
f 4359//4305 4358//4304 4275//4221 
f 4358//4304 4357//4303 4274//4220 
f 4357//4303 4356//4302 4273//4219 
f 4356//4302 4355//4301 4272//4218 
f 4355//4301 4354//4300 4271//4217 
f 4354//4300 4436//4382 4353//4299 
f 4352//4298 4269//4215 4270//4216 
f 4351//4297 4268//4214 4269//4215 
f 4350//4296 4267//4213 4268//4214 
f 4349//4295 4266//4212 4267//4213 
f 4348//4294 4265//4211 4266//4212 
f 4347//4293 4264//4210 4265//4211 
f 4346//4292 4263//4209 4264//4210 
f 4345//4291 4262//4208 4263//4209 
f 4344//4290 4261//4207 4262//4208 
f 4343//4289 4260//4206 4261//4207 
f 4342//4288 4259//4205 4260//4206 
f 4341//4287 4258//4204 4259//4205 
f 4340//4286 4257//4203 4258//4204 
f 4339//4285 4256//4202 4257//4203 
f 4338//4284 4255//4201 4256//4202 
f 4337//4283 4254//4200 4255//4201 
f 4336//4282 4253//4199 4254//4200 
f 4335//4281 4252//4198 4253//4199 
f 4334//4280 4251//4197 4252//4198 
f 4333//4279 4250//4196 4251//4197 
f 4332//4278 4249//4195 4250//4196 
f 4331//4277 4248//4194 4249//4195 
f 4330//4276 4247//4193 4248//4194 
f 4329//4275 4246//4192 4247//4193 
f 4328//4274 4245//4191 4246//4192 
f 4327//4273 4244//4190 4245//4191 
f 4326//4272 4243//4189 4244//4190 
f 4325//4271 4242//4188 4243//4189 
f 4324//4270 4241//4187 4242//4188 
f 4323//4269 4240//4186 4241//4187 
f 4322//4268 4239//4185 4240//4186 
f 4321//4267 4238//4184 4239//4185 
f 4320//4266 4237//4183 4238//4184 
f 4319//4265 4236//4182 4237//4183 
f 4318//4264 4235//4181 4236//4182 
f 4317//4263 4234//4180 4235//4181 
f 4316//4262 4233//4179 4234//4180 
f 4315//4261 4232//4178 4233//4179 
f 4314//4260 4231//4177 4232//4178 
f 4313//4259 4230//4176 4231//4177 
f 4312//4258 4229//4175 4230//4176 
f 4311//4257 4228//4174 4229//4175 
f 4311//4257 4310//4256 4227//4173 
f 4310//4256 4309//4255 4226//4172 
f 4309//4255 4308//4254 4225//4171 
f 4308//4254 4307//4253 4224//4170 
f 4307//4253 4306//4252 4223//4169 
f 4306//4252 4305//4251 4222//4168 
f 4305//4251 4304//4250 4221//4167 
f 4304//4250 4303//4249 4220//4166 
f 4303//4249 4302//4248 4219//4165 
f 4302//4248 4301//4247 4218//4164 
f 4301//4247 4300//4246 4217//4163 
f 4300//4246 4299//4245 4216//4162 
f 4299//4245 4298//4244 4215//4161 
f 4298//4244 4297//4243 4214//4160 
f 4297//4243 4296//4242 4213//4159 
f 4296//4242 4295//4241 4212//4158 
f 4295//4241 4294//4240 4211//4157 
f 4294//4240 4293//4239 4210//4156 
f 4293//4239 4292//4238 4209//4155 
f 4292//4238 4291//4237 4208//4154 
f 4291//4237 4290//4236 4207//4153 
f 4290//4236 4289//4235 4206//4152 
f 4289//4235 4288//4234 4205//4151 
f 4288//4234 4287//4233 4204//4150 
f 4287//4233 4286//4232 4203//4149 
f 4286//4232 4285//4231 4202//4148 
f 4285//4231 4284//4230 4201//4147 
f 4284//4230 4283//4229 4200//4146 
f 4283//4229 4282//4228 4199//4145 
f 4282//4228 4281//4227 4198//4144 
f 4281//4227 4280//4226 4197//4143 
f 4280//4226 4279//4225 4196//4142 
f 4279//4225 4278//4224 4195//4141 
f 4278//4224 4277//4223 4194//4140 
f 4277//4223 4276//4222 4193//4139 
f 4276//4222 4275//4221 4192//4138 
f 4275//4221 4274//4220 4191//4137 
f 4274//4220 4273//4219 4190//4136 
f 4273//4219 4272//4218 4189//4135 
f 4272//4218 4271//4217 4188//4134 
f 4271//4217 4353//4299 4270//4216 
f 4269//4215 4186//4132 4187//4133 
f 4268//4214 4185//4131 4186//4132 
f 4267//4213 4184//4130 4185//4131 
f 4266//4212 4183//4129 4184//4130 
f 4265//4211 4182//4128 4183//4129 
f 4264//4210 4181//4127 4182//4128 
f 4263//4209 4180//4126 4181//4127 
f 4262//4208 4179//4125 4180//4126 
f 4261//4207 4178//4124 4179//4125 
f 4260//4206 4177//4123 4178//4124 
f 4259//4205 4176//4122 4177//4123 
f 4258//4204 4175//4121 4176//4122 
f 4257//4203 4174//4120 4175//4121 
f 4256//4202 4173//4119 4174//4120 
f 4255//4201 4172//4118 4173//4119 
f 4254//4200 4171//4117 4172//4118 
f 4253//4199 4170//4116 4171//4117 
f 4252//4198 4169//4115 4170//4116 
f 4251//4197 4168//4114 4169//4115 
f 4250//4196 4167//4113 4168//4114 
f 4249//4195 4166//4112 4167//4113 
f 4248//4194 4165//4111 4166//4112 
f 4247//4193 4164//4110 4165//4111 
f 4246//4192 4163//4109 4164//4110 
f 4245//4191 4162//4108 4163//4109 
f 4244//4190 4161//4107 4162//4108 
f 4243//4189 4160//4106 4161//4107 
f 4242//4188 4159//4105 4160//4106 
f 4241//4187 4158//4104 4159//4105 
f 4240//4186 4157//4103 4158//4104 
f 4239//4185 4156//4102 4157//4103 
f 4238//4184 4155//4101 4156//4102 
f 4237//4183 4154//4100 4155//4101 
f 4236//4182 4153//4099 4154//4100 
f 4235//4181 4152//4098 4153//4099 
f 4234//4180 4151//4097 4152//4098 
f 4233//4179 4150//4096 4151//4097 
f 4232//4178 4149//4095 4150//4096 
f 4231//4177 4148//4094 4149//4095 
f 4230//4176 4147//4093 4148//4094 
f 4229//4175 4146//4092 4147//4093 
f 4228//4174 4145//4091 4146//4092 
f 4228//4174 4227//4173 4144//4090 
f 4227//4173 4226//4172 4143//4089 
f 4226//4172 4225//4171 4142//4088 
f 4225//4171 4224//4170 4141//4087 
f 4224//4170 4223//4169 4140//4086 
f 4223//4169 4222//4168 4139//4085 
f 4222//4168 4221//4167 4138//4084 
f 4221//4167 4220//4166 4137//4083 
f 4220//4166 4219//4165 4136//4082 
f 4219//4165 4218//4164 4135//4081 
f 4218//4164 4217//4163 4134//4080 
f 4217//4163 4216//4162 4133//4079 
f 4216//4162 4215//4161 4132//4078 
f 4215//4161 4214//4160 4131//4077 
f 4214//4160 4213//4159 4130//4076 
f 4213//4159 4212//4158 4129//4075 
f 4212//4158 4211//4157 4128//4074 
f 4211//4157 4210//4156 4127//4073 
f 4210//4156 4209//4155 4126//4072 
f 4209//4155 4208//4154 4125//4071 
f 4208//4154 4207//4153 4124//4070 
f 4207//4153 4206//4152 4123//4069 
f 4206//4152 4205//4151 4122//4068 
f 4205//4151 4204//4150 4121//4067 
f 4204//4150 4203//4149 4120//4066 
f 4203//4149 4202//4148 4119//4065 
f 4202//4148 4201//4147 4118//4064 
f 4201//4147 4200//4146 4117//4063 
f 4200//4146 4199//4145 4116//4062 
f 4199//4145 4198//4144 4115//4061 
f 4198//4144 4197//4143 4114//4060 
f 4197//4143 4196//4142 4113//4059 
f 4196//4142 4195//4141 4112//4058 
f 4195//4141 4194//4140 4111//4057 
f 4194//4140 4193//4139 4110//4056 
f 4193//4139 4192//4138 4109//4055 
f 4192//4138 4191//4137 4108//4054 
f 4191//4137 4190//4136 4107//4053 
f 4190//4136 4189//4135 4106//4052 
f 4189//4135 4188//4134 4105//4051 
f 4188//4134 4270//4216 4187//4133 
f 4186//4132 4103//4049 4104//4050 
f 4185//4131 4102//4048 4103//4049 
f 4184//4130 4101//4047 4102//4048 
f 4183//4129 4100//4046 4101//4047 
f 4182//4128 4099//4045 4100//4046 
f 4181//4127 4098//4044 4099//4045 
f 4180//4126 4097//4043 4098//4044 
f 4179//4125 4096//4042 4097//4043 
f 4178//4124 4095//4041 4096//4042 
f 4177//4123 4094//4040 4095//4041 
f 4176//4122 4093//4039 4094//4040 
f 4175//4121 4092//4038 4093//4039 
f 4174//4120 4091//4037 4092//4038 
f 4173//4119 4090//4036 4091//4037 
f 4172//4118 4089//4035 4090//4036 
f 4171//4117 4088//4034 4089//4035 
f 4170//4116 4087//4033 4088//4034 
f 4169//4115 4086//4032 4087//4033 
f 4168//4114 4085//4031 4086//4032 
f 4167//4113 4084//4030 4085//4031 
f 4166//4112 4083//4029 4084//4030 
f 4165//4111 4082//4028 4083//4029 
f 4164//4110 4081//4027 4082//4028 
f 4163//4109 4080//4026 4081//4027 
f 4162//4108 4079//4025 4080//4026 
f 4161//4107 4078//4024 4079//4025 
f 4160//4106 4077//4023 4078//4024 
f 4159//4105 4076//4022 4077//4023 
f 4158//4104 4075//4021 4076//4022 
f 4157//4103 4074//4020 4075//4021 
f 4156//4102 4073//4019 4074//4020 
f 4155//4101 4072//4018 4073//4019 
f 4154//4100 4071//4017 4072//4018 
f 4153//4099 4070//4016 4071//4017 
f 4152//4098 4069//4015 4070//4016 
f 4151//4097 4068//4014 4069//4015 
f 4150//4096 4067//4013 4068//4014 
f 4149//4095 4066//4012 4067//4013 
f 4148//4094 4065//4011 4066//4012 
f 4147//4093 4064//4010 4065//4011 
f 4146//4092 4063//4009 4064//4010 
f 4145//4091 4062//4008 4063//4009 
f 4145//4091 4144//4090 4061//4007 
f 4144//4090 4143//4089 4060//4006 
f 4143//4089 4142//4088 4059//4005 
f 4142//4088 4141//4087 4058//4004 
f 4141//4087 4140//4086 4057//4003 
f 4140//4086 4139//4085 4056//4002 
f 4139//4085 4138//4084 4055//4001 
f 4138//4084 4137//4083 4054//4000 
f 4137//4083 4136//4082 4053//3999 
f 4136//4082 4135//4081 4052//3998 
f 4135//4081 4134//4080 4051//3997 
f 4134//4080 4133//4079 4050//3996 
f 4133//4079 4132//4078 4049//3995 
f 4132//4078 4131//4077 4048//3994 
f 4131//4077 4130//4076 4047//3993 
f 4130//4076 4129//4075 4046//3992 
f 4129//4075 4128//4074 4045//3991 
f 4128//4074 4127//4073 4044//3990 
f 4127//4073 4126//4072 4043//3989 
f 4126//4072 4125//4071 4042//3988 
f 4125//4071 4124//4070 4041//3987 
f 4124//4070 4123//4069 4040//3986 
f 4123//4069 4122//4068 4039//3985 
f 4122//4068 4121//4067 4038//3984 
f 4121//4067 4120//4066 4037//3983 
f 4120//4066 4119//4065 4036//3982 
f 4119//4065 4118//4064 4035//3981 
f 4118//4064 4117//4063 4034//3980 
f 4117//4063 4116//4062 4033//3979 
f 4116//4062 4115//4061 4032//3978 
f 4115//4061 4114//4060 4031//3977 
f 4114//4060 4113//4059 4030//3976 
f 4113//4059 4112//4058 4029//3975 
f 4112//4058 4111//4057 4028//3974 
f 4111//4057 4110//4056 4027//3973 
f 4110//4056 4109//4055 4026//3972 
f 4109//4055 4108//4054 4025//3971 
f 4108//4054 4107//4053 4024//3970 
f 4107//4053 4106//4052 4023//3969 
f 4106//4052 4105//4051 4022//3968 
f 4105//4051 4187//4133 4104//4050 
f 4103//4049 4020//3966 4021//3967 
f 4102//4048 4019//3965 4020//3966 
f 4101//4047 4018//3964 4019//3965 
f 4100//4046 4017//3963 4018//3964 
f 4099//4045 4016//3962 4017//3963 
f 4098//4044 4015//3961 4016//3962 
f 4097//4043 4014//3960 4015//3961 
f 4096//4042 4013//3959 4014//3960 
f 4095//4041 4012//3958 4013//3959 
f 4094//4040 4011//3957 4012//3958 
f 4093//4039 4010//3956 4011//3957 
f 4092//4038 4009//3955 4010//3956 
f 4091//4037 4008//3954 4009//3955 
f 4090//4036 4007//3953 4008//3954 
f 4089//4035 4006//3952 4007//3953 
f 4088//4034 4005//3951 4006//3952 
f 4087//4033 4004//3950 4005//3951 
f 4086//4032 4003//3949 4004//3950 
f 4085//4031 4002//3948 4003//3949 
f 4084//4030 4001//3947 4002//3948 
f 4083//4029 4000//3946 4001//3947 
f 4082//4028 3999//3945 4000//3946 
f 4081//4027 3998//3944 3999//3945 
f 4080//4026 3997//3943 3998//3944 
f 4079//4025 3996//3942 3997//3943 
f 4078//4024 3995//3941 3996//3942 
f 4077//4023 3994//3940 3995//3941 
f 4076//4022 3993//3939 3994//3940 
f 4075//4021 3992//3938 3993//3939 
f 4074//4020 3991//3937 3992//3938 
f 4073//4019 3990//3936 3991//3937 
f 4072//4018 3989//3935 3990//3936 
f 4071//4017 3988//3934 3989//3935 
f 4070//4016 3987//3933 3988//3934 
f 4069//4015 3986//3932 3987//3933 
f 4068//4014 3985//3931 3986//3932 
f 4067//4013 3984//3930 3985//3931 
f 4066//4012 3983//3929 3984//3930 
f 4065//4011 3982//3928 3983//3929 
f 4064//4010 3981//3927 3982//3928 
f 4063//4009 3980//3926 3981//3927 
f 4062//4008 3979//3925 3980//3926 
f 4062//4008 4061//4007 3978//3924 
f 4061//4007 4060//4006 3977//3923 
f 4060//4006 4059//4005 3976//3922 
f 4059//4005 4058//4004 3975//3921 
f 4058//4004 4057//4003 3974//3920 
f 4057//4003 4056//4002 3973//3919 
f 4056//4002 4055//4001 3972//3918 
f 4055//4001 4054//4000 3971//3917 
f 4054//4000 4053//3999 3970//3916 
f 4053//3999 4052//3998 3969//3915 
f 4052//3998 4051//3997 3968//3914 
f 4051//3997 4050//3996 3967//3913 
f 4050//3996 4049//3995 3966//3912 
f 4049//3995 4048//3994 3965//3911 
f 4048//3994 4047//3993 3964//3910 
f 4047//3993 4046//3992 3963//3909 
f 4046//3992 4045//3991 3962//3908 
f 4045//3991 4044//3990 3961//3907 
f 4044//3990 4043//3989 3960//3906 
f 4043//3989 4042//3988 3959//3905 
f 4042//3988 4041//3987 3958//3904 
f 4041//3987 4040//3986 3957//3903 
f 4040//3986 4039//3985 3956//3902 
f 4039//3985 4038//3984 3955//3901 
f 4038//3984 4037//3983 3954//3900 
f 4037//3983 4036//3982 3953//3899 
f 4036//3982 4035//3981 3952//3898 
f 4035//3981 4034//3980 3951//3897 
f 4034//3980 4033//3979 3950//3896 
f 4033//3979 4032//3978 3949//3895 
f 4032//3978 4031//3977 3948//3894 
f 4031//3977 4030//3976 3947//3893 
f 4030//3976 4029//3975 3946//3892 
f 4029//3975 4028//3974 3945//3891 
f 4028//3974 4027//3973 3944//3890 
f 4027//3973 4026//3972 3943//3889 
f 4026//3972 4025//3971 3942//3888 
f 4025//3971 4024//3970 3941//3887 
f 4024//3970 4023//3969 3940//3886 
f 4023//3969 4022//3968 3939//3885 
f 4022//3968 4104//4050 4021//3967 
f 4020//3966 3937//3883 3938//3884 
f 4019//3965 3936//3882 3937//3883 
f 4018//3964 3935//3881 3936//3882 
f 4017//3963 3934//3880 3935//3881 
f 4016//3962 3933//3879 3934//3880 
f 4015//3961 3932//3878 3933//3879 
f 4014//3960 3931//3877 3932//3878 
f 4013//3959 3930//3876 3931//3877 
f 4012//3958 3929//3875 3930//3876 
f 4011//3957 3928//3874 3929//3875 
f 4010//3956 3927//3873 3928//3874 
f 4009//3955 3926//3872 3927//3873 
f 4008//3954 3925//3871 3926//3872 
f 4007//3953 3924//3870 3925//3871 
f 4006//3952 3923//3869 3924//3870 
f 4005//3951 3922//3868 3923//3869 
f 4004//3950 3921//3867 3922//3868 
f 4003//3949 3920//3866 3921//3867 
f 4002//3948 3919//3865 3920//3866 
f 4001//3947 3918//3864 3919//3865 
f 4000//3946 3917//3863 3918//3864 
f 3999//3945 3916//3862 3917//3863 
f 3998//3944 3915//3861 3916//3862 
f 3997//3943 3914//3860 3915//3861 
f 3996//3942 3913//3859 3914//3860 
f 3995//3941 3912//3858 3913//3859 
f 3994//3940 3911//3857 3912//3858 
f 3993//3939 3910//3856 3911//3857 
f 3992//3938 3909//3855 3910//3856 
f 3991//3937 3908//3854 3909//3855 
f 3990//3936 3907//3853 3908//3854 
f 3989//3935 3906//3852 3907//3853 
f 3988//3934 3905//3851 3906//3852 
f 3987//3933 3904//3850 3905//3851 
f 3986//3932 3903//3849 3904//3850 
f 3985//3931 3902//3848 3903//3849 
f 3984//3930 3901//3847 3902//3848 
f 3983//3929 3900//3846 3901//3847 
f 3982//3928 3899//3845 3900//3846 
f 3981//3927 3898//3844 3899//3845 
f 3980//3926 3897//3843 3898//3844 
f 3979//3925 3896//3842 3897//3843 
f 3979//3925 3978//3924 3895//3841 
f 3978//3924 3977//3923 3894//3840 
f 3977//3923 3976//3922 3893//3839 
f 3976//3922 3975//3921 3892//3838 
f 3975//3921 3974//3920 3891//3837 
f 3974//3920 3973//3919 3890//3836 
f 3973//3919 3972//3918 3889//3835 
f 3972//3918 3971//3917 3888//3834 
f 3971//3917 3970//3916 3887//3833 
f 3970//3916 3969//3915 3886//3832 
f 3969//3915 3968//3914 3885//3831 
f 3968//3914 3967//3913 3884//3830 
f 3967//3913 3966//3912 3883//3829 
f 3966//3912 3965//3911 3882//3828 
f 3965//3911 3964//3910 3881//3827 
f 3964//3910 3963//3909 3880//3826 
f 3963//3909 3962//3908 3879//3825 
f 3962//3908 3961//3907 3878//3824 
f 3961//3907 3960//3906 3877//3823 
f 3960//3906 3959//3905 3876//3822 
f 3959//3905 3958//3904 3875//3821 
f 3958//3904 3957//3903 3874//3820 
f 3957//3903 3956//3902 3873//3819 
f 3956//3902 3955//3901 3872//3818 
f 3955//3901 3954//3900 3871//3817 
f 3954//3900 3953//3899 3870//3816 
f 3953//3899 3952//3898 3869//3815 
f 3952//3898 3951//3897 3868//3814 
f 3951//3897 3950//3896 3867//3813 
f 3950//3896 3949//3895 3866//3812 
f 3949//3895 3948//3894 3865//3811 
f 3948//3894 3947//3893 3864//3810 
f 3947//3893 3946//3892 3863//3809 
f 3946//3892 3945//3891 3862//3808 
f 3945//3891 3944//3890 3861//3807 
f 3944//3890 3943//3889 3860//3806 
f 3943//3889 3942//3888 3859//3805 
f 3942//3888 3941//3887 3858//3804 
f 3941//3887 3940//3886 3857//3803 
f 3940//3886 3939//3885 3856//3802 
f 3939//3885 4021//3967 3938//3884 
f 3937//3883 3854//3800 3855//3801 
f 3936//3882 3853//3799 3854//3800 
f 3935//3881 3852//3798 3853//3799 
f 3934//3880 3851//3797 3852//3798 
f 3933//3879 3850//3796 3851//3797 
f 3932//3878 3849//3795 3850//3796 
f 3931//3877 3848//3794 3849//3795 
f 3930//3876 3847//3793 3848//3794 
f 3929//3875 3846//3792 3847//3793 
f 3928//3874 3845//3791 3846//3792 
f 3927//3873 3844//3790 3845//3791 
f 3926//3872 3843//3789 3844//3790 
f 3925//3871 3842//3788 3843//3789 
f 3924//3870 3841//3787 3842//3788 
f 3923//3869 3840//3786 3841//3787 
f 3922//3868 3839//3785 3840//3786 
f 3921//3867 3838//3784 3839//3785 
f 3920//3866 3837//3783 3838//3784 
f 3919//3865 3836//3782 3837//3783 
f 3918//3864 3835//3781 3836//3782 
f 3917//3863 3834//3780 3835//3781 
f 3916//3862 3833//3779 3834//3780 
f 3915//3861 3832//3778 3833//3779 
f 3914//3860 3831//3777 3832//3778 
f 3913//3859 3830//3776 3831//3777 
f 3912//3858 3829//3775 3830//3776 
f 3911//3857 3828//3774 3829//3775 
f 3910//3856 3827//3773 3828//3774 
f 3909//3855 3826//3772 3827//3773 
f 3908//3854 3825//3771 3826//3772 
f 3907//3853 3824//3770 3825//3771 
f 3906//3852 3823//3769 3824//3770 
f 3905//3851 3822//3768 3823//3769 
f 3904//3850 3821//3767 3822//3768 
f 3903//3849 3820//3766 3821//3767 
f 3902//3848 3819//3765 3820//3766 
f 3901//3847 3818//3764 3819//3765 
f 3900//3846 3817//3763 3818//3764 
f 3899//3845 3816//3762 3817//3763 
f 3898//3844 3815//3761 3816//3762 
f 3897//3843 3814//3760 3815//3761 
f 3896//3842 3813//3759 3814//3760 
f 3896//3842 3895//3841 3812//3758 
f 3895//3841 3894//3840 3811//3757 
f 3894//3840 3893//3839 3810//3756 
f 3893//3839 3892//3838 3809//3755 
f 3892//3838 3891//3837 3808//3754 
f 3891//3837 3890//3836 3807//3753 
f 3890//3836 3889//3835 3806//3752 
f 3889//3835 3888//3834 3805//3751 
f 3888//3834 3887//3833 3804//3750 
f 3887//3833 3886//3832 3803//3749 
f 3886//3832 3885//3831 3802//3748 
f 3885//3831 3884//3830 3801//3747 
f 3884//3830 3883//3829 3800//3746 
f 3883//3829 3882//3828 3799//3745 
f 3882//3828 3881//3827 3798//3744 
f 3881//3827 3880//3826 3797//3743 
f 3880//3826 3879//3825 3796//3742 
f 3879//3825 3878//3824 3795//3741 
f 3878//3824 3877//3823 3794//3740 
f 3877//3823 3876//3822 3793//3739 
f 3876//3822 3875//3821 3792//3738 
f 3875//3821 3874//3820 3791//3737 
f 3874//3820 3873//3819 3790//3736 
f 3873//3819 3872//3818 3789//3735 
f 3872//3818 3871//3817 3788//3734 
f 3871//3817 3870//3816 3787//3733 
f 3870//3816 3869//3815 3786//3732 
f 3869//3815 3868//3814 3785//3731 
f 3868//3814 3867//3813 3784//3730 
f 3867//3813 3866//3812 3783//3729 
f 3866//3812 3865//3811 3782//3728 
f 3865//3811 3864//3810 3781//3727 
f 3864//3810 3863//3809 3780//3726 
f 3863//3809 3862//3808 3779//3725 
f 3862//3808 3861//3807 3778//3724 
f 3861//3807 3860//3806 3777//3723 
f 3860//3806 3859//3805 3776//3722 
f 3859//3805 3858//3804 3775//3721 
f 3858//3804 3857//3803 3774//3720 
f 3857//3803 3856//3802 3773//3719 
f 3856//3802 3938//3884 3855//3801 
f 3854//3800 3771//3717 3772//3718 
f 3853//3799 3770//3716 3771//3717 
f 3852//3798 3769//3715 3770//3716 
f 3851//3797 3768//3714 3769//3715 
f 3850//3796 3767//3713 3768//3714 
f 3849//3795 3766//3712 3767//3713 
f 3848//3794 3765//3711 3766//3712 
f 3847//3793 3764//3710 3765//3711 
f 3846//3792 3763//3709 3764//3710 
f 3845//3791 3762//3708 3763//3709 
f 3844//3790 3761//3707 3762//3708 
f 3843//3789 3760//3706 3761//3707 
f 3842//3788 3759//3705 3760//3706 
f 3841//3787 3758//3704 3759//3705 
f 3840//3786 3757//3703 3758//3704 
f 3839//3785 3756//3702 3757//3703 
f 3838//3784 3755//3701 3756//3702 
f 3837//3783 3754//3700 3755//3701 
f 3836//3782 3753//3699 3754//3700 
f 3835//3781 3752//3698 3753//3699 
f 3834//3780 3751//3697 3752//3698 
f 3833//3779 3750//3696 3751//3697 
f 3832//3778 3749//3695 3750//3696 
f 3831//3777 3748//3694 3749//3695 
f 3830//3776 3747//3693 3748//3694 
f 3829//3775 3746//3692 3747//3693 
f 3828//3774 3745//3691 3746//3692 
f 3827//3773 3744//3690 3745//3691 
f 3826//3772 3743//3689 3744//3690 
f 3825//3771 3742//3688 3743//3689 
f 3824//3770 3741//3687 3742//3688 
f 3823//3769 3740//3686 3741//3687 
f 3822//3768 3739//3685 3740//3686 
f 3821//3767 3738//3684 3739//3685 
f 3820//3766 3737//3683 3738//3684 
f 3819//3765 3736//3682 3737//3683 
f 3818//3764 3735//3681 3736//3682 
f 3817//3763 3734//3680 3735//3681 
f 3816//3762 3733//3679 3734//3680 
f 3815//3761 3732//3678 3733//3679 
f 3814//3760 3731//3677 3732//3678 
f 3813//3759 3730//3676 3731//3677 
f 3813//3759 3812//3758 3729//3675 
f 3812//3758 3811//3757 3728//3674 
f 3811//3757 3810//3756 3727//3673 
f 3810//3756 3809//3755 3726//3672 
f 3809//3755 3808//3754 3725//3671 
f 3808//3754 3807//3753 3724//3670 
f 3807//3753 3806//3752 3723//3669 
f 3806//3752 3805//3751 3722//3668 
f 3805//3751 3804//3750 3721//3667 
f 3804//3750 3803//3749 3720//3666 
f 3803//3749 3802//3748 3719//3665 
f 3802//3748 3801//3747 3718//3664 
f 3801//3747 3800//3746 3717//3663 
f 3800//3746 3799//3745 3716//3662 
f 3799//3745 3798//3744 3715//3661 
f 3798//3744 3797//3743 3714//3660 
f 3797//3743 3796//3742 3713//3659 
f 3796//3742 3795//3741 3712//3658 
f 3795//3741 3794//3740 3711//3657 
f 3794//3740 3793//3739 3710//3656 
f 3793//3739 3792//3738 3709//3655 
f 3792//3738 3791//3737 3708//3654 
f 3791//3737 3790//3736 3707//3653 
f 3790//3736 3789//3735 3706//3652 
f 3789//3735 3788//3734 3705//3651 
f 3788//3734 3787//3733 3704//3650 
f 3787//3733 3786//3732 3703//3649 
f 3786//3732 3785//3731 3702//3648 
f 3785//3731 3784//3730 3701//3647 
f 3784//3730 3783//3729 3700//3646 
f 3783//3729 3782//3728 3699//3645 
f 3782//3728 3781//3727 3698//3644 
f 3781//3727 3780//3726 3697//3643 
f 3780//3726 3779//3725 3696//3642 
f 3779//3725 3778//3724 3695//3641 
f 3778//3724 3777//3723 3694//3640 
f 3777//3723 3776//3722 3693//3639 
f 3776//3722 3775//3721 3692//3638 
f 3775//3721 3774//3720 3691//3637 
f 3774//3720 3773//3719 3690//3636 
f 3773//3719 3855//3801 3772//3718 
f 3771//3717 3688//3634 3689//3635 
f 3770//3716 3687//3633 3688//3634 
f 3769//3715 3686//3632 3687//3633 
f 3768//3714 3685//3631 3686//3632 
f 3767//3713 3684//3630 3685//3631 
f 3766//3712 3683//3629 3684//3630 
f 3765//3711 3682//3628 3683//3629 
f 3764//3710 3681//3627 3682//3628 
f 3763//3709 3680//3626 3681//3627 
f 3762//3708 3679//3625 3680//3626 
f 3761//3707 3678//3624 3679//3625 
f 3760//3706 3677//3623 3678//3624 
f 3759//3705 3676//3622 3677//3623 
f 3758//3704 3675//3621 3676//3622 
f 3757//3703 3674//3620 3675//3621 
f 3756//3702 3673//3619 3674//3620 
f 3755//3701 3672//3618 3673//3619 
f 3754//3700 3671//3617 3672//3618 
f 3753//3699 3670//3616 3671//3617 
f 3752//3698 3669//3615 3670//3616 
f 3751//3697 3668//3614 3669//3615 
f 3750//3696 3667//3613 3668//3614 
f 3749//3695 3666//3612 3667//3613 
f 3748//3694 3665//3611 3666//3612 
f 3747//3693 3664//3610 3665//3611 
f 3746//3692 3663//3609 3664//3610 
f 3745//3691 3662//3608 3663//3609 
f 3744//3690 3661//3607 3662//3608 
f 3743//3689 3660//3606 3661//3607 
f 3742//3688 3659//3605 3660//3606 
f 3741//3687 3658//3604 3659//3605 
f 3740//3686 3657//3603 3658//3604 
f 3739//3685 3656//3602 3657//3603 
f 3738//3684 3655//3601 3656//3602 
f 3737//3683 3654//3600 3655//3601 
f 3736//3682 3653//3599 3654//3600 
f 3735//3681 3652//3598 3653//3599 
f 3734//3680 3651//3597 3652//3598 
f 3733//3679 3650//3596 3651//3597 
f 3732//3678 3649//3595 3650//3596 
f 3731//3677 3648//3594 3649//3595 
f 3730//3676 3647//3593 3648//3594 
f 3730//3676 3729//3675 3646//3592 
f 3729//3675 3728//3674 3645//3591 
f 3728//3674 3727//3673 3644//3590 
f 3727//3673 3726//3672 3643//3589 
f 3726//3672 3725//3671 3642//3588 
f 3725//3671 3724//3670 3641//3587 
f 3724//3670 3723//3669 3640//3586 
f 3723//3669 3722//3668 3639//3585 
f 3722//3668 3721//3667 3638//3584 
f 3721//3667 3720//3666 3637//3583 
f 3720//3666 3719//3665 3636//3582 
f 3719//3665 3718//3664 3635//3581 
f 3718//3664 3717//3663 3634//3580 
f 3717//3663 3716//3662 3633//3579 
f 3716//3662 3715//3661 3632//3578 
f 3715//3661 3714//3660 3631//3577 
f 3714//3660 3713//3659 3630//3576 
f 3713//3659 3712//3658 3629//3575 
f 3712//3658 3711//3657 3628//3574 
f 3711//3657 3710//3656 3627//3573 
f 3710//3656 3709//3655 3626//3572 
f 3709//3655 3708//3654 3625//3571 
f 3708//3654 3707//3653 3624//3570 
f 3707//3653 3706//3652 3623//3569 
f 3706//3652 3705//3651 3622//3568 
f 3705//3651 3704//3650 3621//3567 
f 3704//3650 3703//3649 3620//3566 
f 3703//3649 3702//3648 3619//3565 
f 3702//3648 3701//3647 3618//3564 
f 3701//3647 3700//3646 3617//3563 
f 3700//3646 3699//3645 3616//3562 
f 3699//3645 3698//3644 3615//3561 
f 3698//3644 3697//3643 3614//3560 
f 3697//3643 3696//3642 3613//3559 
f 3696//3642 3695//3641 3612//3558 
f 3695//3641 3694//3640 3611//3557 
f 3694//3640 3693//3639 3610//3556 
f 3693//3639 3692//3638 3609//3555 
f 3692//3638 3691//3637 3608//3554 
f 3691//3637 3690//3636 3607//3553 
f 3690//3636 3772//3718 3689//3635 
f 3688//3634 3605//3551 3606//3552 
f 3687//3633 3604//3550 3605//3551 
f 3686//3632 3603//3549 3604//3550 
f 3685//3631 3602//3548 3603//3549 
f 3684//3630 3601//3547 3602//3548 
f 3683//3629 3600//3546 3601//3547 
f 3682//3628 3599//3545 3600//3546 
f 3681//3627 3598//3544 3599//3545 
f 3680//3626 3597//3543 3598//3544 
f 3679//3625 3596//3542 3597//3543 
f 3678//3624 3595//3541 3596//3542 
f 3677//3623 3594//3540 3595//3541 
f 3676//3622 3593//3539 3594//3540 
f 3675//3621 3592//3538 3593//3539 
f 3674//3620 3591//3537 3592//3538 
f 3673//3619 3590//3536 3591//3537 
f 3672//3618 3589//3535 3590//3536 
f 3671//3617 3588//3534 3589//3535 
f 3670//3616 3587//3533 3588//3534 
f 3669//3615 3586//3532 3587//3533 
f 3668//3614 3585//3531 3586//3532 
f 3667//3613 3584//3530 3585//3531 
f 3666//3612 3583//3529 3584//3530 
f 3665//3611 3582//3528 3583//3529 
f 3664//3610 3581//3527 3582//3528 
f 3663//3609 3580//3526 3581//3527 
f 3662//3608 3579//3525 3580//3526 
f 3661//3607 3578//3524 3579//3525 
f 3660//3606 3577//3523 3578//3524 
f 3659//3605 3576//3522 3577//3523 
f 3658//3604 3575//3521 3576//3522 
f 3657//3603 3574//3520 3575//3521 
f 3656//3602 3573//3519 3574//3520 
f 3655//3601 3572//3518 3573//3519 
f 3654//3600 3571//3517 3572//3518 
f 3653//3599 3570//3516 3571//3517 
f 3652//3598 3569//3515 3570//3516 
f 3651//3597 3568//3514 3569//3515 
f 3650//3596 3567//3513 3568//3514 
f 3649//3595 3566//3512 3567//3513 
f 3648//3594 3565//3511 3566//3512 
f 3647//3593 3564//3510 3565//3511 
f 3647//3593 3646//3592 3563//3509 
f 3646//3592 3645//3591 3562//3508 
f 3645//3591 3644//3590 3561//3507 
f 3644//3590 3643//3589 3560//3506 
f 3643//3589 3642//3588 3559//3505 
f 3642//3588 3641//3587 3558//3504 
f 3641//3587 3640//3586 3557//3503 
f 3640//3586 3639//3585 3556//3502 
f 3639//3585 3638//3584 3555//3501 
f 3638//3584 3637//3583 3554//3500 
f 3637//3583 3636//3582 3553//3499 
f 3636//3582 3635//3581 3552//3498 
f 3635//3581 3634//3580 3551//3497 
f 3634//3580 3633//3579 3550//3496 
f 3633//3579 3632//3578 3549//3495 
f 3632//3578 3631//3577 3548//3494 
f 3631//3577 3630//3576 3547//3493 
f 3630//3576 3629//3575 3546//3492 
f 3629//3575 3628//3574 3545//3491 
f 3628//3574 3627//3573 3544//3490 
f 3627//3573 3626//3572 3543//3489 
f 3626//3572 3625//3571 3542//3488 
f 3625//3571 3624//3570 3541//3487 
f 3624//3570 3623//3569 3540//3486 
f 3623//3569 3622//3568 3539//3485 
f 3622//3568 3621//3567 3538//3484 
f 3621//3567 3620//3566 3537//3483 
f 3620//3566 3619//3565 3536//3482 
f 3619//3565 3618//3564 3535//3481 
f 3618//3564 3617//3563 3534//3480 
f 3617//3563 3616//3562 3533//3479 
f 3616//3562 3615//3561 3532//3478 
f 3615//3561 3614//3560 3531//3477 
f 3614//3560 3613//3559 3530//3476 
f 3613//3559 3612//3558 3529//3475 
f 3612//3558 3611//3557 3528//3474 
f 3611//3557 3610//3556 3527//3473 
f 3610//3556 3609//3555 3526//3472 
f 3609//3555 3608//3554 3525//3471 
f 3608//3554 3607//3553 3524//3470 
f 3607//3553 3689//3635 3606//3552 
f 3605//3551 3522//3468 3523//3469 
f 3604//3550 3521//3467 3522//3468 
f 3603//3549 3520//3466 3521//3467 
f 3602//3548 3519//3465 3520//3466 
f 3601//3547 3518//3464 3519//3465 
f 3600//3546 3517//3463 3518//3464 
f 3599//3545 3516//3462 3517//3463 
f 3598//3544 3515//3461 3516//3462 
f 3597//3543 3514//3460 3515//3461 
f 3596//3542 3513//3459 3514//3460 
f 3595//3541 3512//3458 3513//3459 
f 3594//3540 3511//3457 3512//3458 
f 3593//3539 3510//3456 3511//3457 
f 3592//3538 3509//3455 3510//3456 
f 3591//3537 3508//3454 3509//3455 
f 3590//3536 3507//3453 3508//3454 
f 3589//3535 3506//3452 3507//3453 
f 3588//3534 3505//3451 3506//3452 
f 3587//3533 3504//3450 3505//3451 
f 3586//3532 3503//3449 3504//3450 
f 3585//3531 3502//3448 3503//3449 
f 3584//3530 3501//3447 3502//3448 
f 3583//3529 3500//3446 3501//3447 
f 3582//3528 3499//3445 3500//3446 
f 3581//3527 3498//3444 3499//3445 
f 3580//3526 3497//3443 3498//3444 
f 3579//3525 3496//3442 3497//3443 
f 3578//3524 3495//3441 3496//3442 
f 3577//3523 3494//3440 3495//3441 
f 3576//3522 3493//3439 3494//3440 
f 3575//3521 3492//3438 3493//3439 
f 3574//3520 3491//3437 3492//3438 
f 3573//3519 3490//3436 3491//3437 
f 3572//3518 3489//3435 3490//3436 
f 3571//3517 3488//3434 3489//3435 
f 3570//3516 3487//3433 3488//3434 
f 3569//3515 3486//3432 3487//3433 
f 3568//3514 3485//3431 3486//3432 
f 3567//3513 3484//3430 3485//3431 
f 3566//3512 3483//3429 3484//3430 
f 3565//3511 3482//3428 3483//3429 
f 3564//3510 3481//3427 3482//3428 
f 3564//3510 3563//3509 3480//3426 
f 3563//3509 3562//3508 3479//3425 
f 3562//3508 3561//3507 3478//3424 
f 3561//3507 3560//3506 3477//3423 
f 3560//3506 3559//3505 3476//3422 
f 3559//3505 3558//3504 3475//3421 
f 3558//3504 3557//3503 3474//3420 
f 3557//3503 3556//3502 3473//3419 
f 3556//3502 3555//3501 3472//3418 
f 3555//3501 3554//3500 3471//3417 
f 3554//3500 3553//3499 3470//3416 
f 3553//3499 3552//3498 3469//3415 
f 3552//3498 3551//3497 3468//3414 
f 3551//3497 3550//3496 3467//3413 
f 3550//3496 3549//3495 3466//3412 
f 3549//3495 3548//3494 3465//3411 
f 3548//3494 3547//3493 3464//3410 
f 3547//3493 3546//3492 3463//3409 
f 3546//3492 3545//3491 3462//3408 
f 3545//3491 3544//3490 3461//3407 
f 3544//3490 3543//3489 3460//3406 
f 3543//3489 3542//3488 3459//3405 
f 3542//3488 3541//3487 3458//3404 
f 3541//3487 3540//3486 3457//3403 
f 3540//3486 3539//3485 3456//3402 
f 3539//3485 3538//3484 3455//3401 
f 3538//3484 3537//3483 3454//3400 
f 3537//3483 3536//3482 3453//3399 
f 3536//3482 3535//3481 3452//3398 
f 3535//3481 3534//3480 3451//3397 
f 3534//3480 3533//3479 3450//3396 
f 3533//3479 3532//3478 3449//3395 
f 3532//3478 3531//3477 3448//3394 
f 3531//3477 3530//3476 3447//3393 
f 3530//3476 3529//3475 3446//3392 
f 3529//3475 3528//3474 3445//3391 
f 3528//3474 3527//3473 3444//3390 
f 3527//3473 3526//3472 3443//3389 
f 3526//3472 3525//3471 3442//3388 
f 3525//3471 3524//3470 3441//3387 
f 3524//3470 3606//3552 3523//3469 
f 3522//3468 3439//3385 3440//3386 
f 3521//3467 3438//3384 3439//3385 
f 3520//3466 3437//3383 3438//3384 
f 3519//3465 3436//3382 3437//3383 
f 3518//3464 3435//3381 3436//3382 
f 3517//3463 3434//3380 3435//3381 
f 3516//3462 3433//3379 3434//3380 
f 3515//3461 3432//3378 3433//3379 
f 3514//3460 3431//3377 3432//3378 
f 3513//3459 3430//3376 3431//3377 
f 3512//3458 3429//3375 3430//3376 
f 3511//3457 3428//3374 3429//3375 
f 3510//3456 3427//3373 3428//3374 
f 3509//3455 3426//3372 3427//3373 
f 3508//3454 3425//3371 3426//3372 
f 3507//3453 3424//3370 3425//3371 
f 3506//3452 3423//3369 3424//3370 
f 3505//3451 3422//3368 3423//3369 
f 3504//3450 3421//3367 3422//3368 
f 3503//3449 3420//3366 3421//3367 
f 3502//3448 3419//3365 3420//3366 
f 3501//3447 3418//3364 3419//3365 
f 3500//3446 3417//3363 3418//3364 
f 3499//3445 3416//3362 3417//3363 
f 3498//3444 3415//3361 3416//3362 
f 3497//3443 3414//3360 3415//3361 
f 3496//3442 3413//3359 3414//3360 
f 3495//3441 3412//3358 3413//3359 
f 3494//3440 3411//3357 3412//3358 
f 3493//3439 3410//3356 3411//3357 
f 3492//3438 3409//3355 3410//3356 
f 3491//3437 3408//3354 3409//3355 
f 3490//3436 3407//3353 3408//3354 
f 3489//3435 3406//3352 3407//3353 
f 3488//3434 3404//3350 3406//3352 
f 3487//3433 3405//3351 3404//3350 
f 3486//3432 3401//3347 3405//3351 
f 3485//3431 3400//3346 3401//3347 
f 3484//3430 3399//3345 3400//3346 
f 3483//3429 3398//3344 3399//3345 
f 3482//3428 3397//3343 3398//3344 
f 3481//3427 3396//3342 3397//3343 
f 3481//3427 3480//3426 3395//3341 
f 3480//3426 3479//3425 3394//3340 
f 3479//3425 3478//3424 3393//3339 
f 3478//3424 3477//3423 3392//3338 
f 3477//3423 3476//3422 3391//3337 
f 3476//3422 3475//3421 3390//3336 
f 3475//3421 3474//3420 3389//3335 
f 3474//3420 3473//3419 3388//3334 
f 3473//3419 3472//3418 3387//3333 
f 3472//3418 3471//3417 3386//3332 
f 3471//3417 3470//3416 3385//3331 
f 3470//3416 3469//3415 3384//3330 
f 3469//3415 3468//3414 3383//3329 
f 3468//3414 3467//3413 3382//3328 
f 3467//3413 3466//3412 3381//3327 
f 3466//3412 3465//3411 3380//3326 
f 3465//3411 3464//3410 3379//3325 
f 3464//3410 3463//3409 3378//3324 
f 3463//3409 3462//3408 3377//3323 
f 3462//3408 3461//3407 3376//3322 
f 3461//3407 3460//3406 3375//3321 
f 3460//3406 3459//3405 3374//3320 
f 3459//3405 3458//3404 3373//3319 
f 3458//3404 3457//3403 3372//3318 
f 3457//3403 3456//3402 3371//3317 
f 3456//3402 3455//3401 3370//3316 
f 3455//3401 3454//3400 3369//3315 
f 3454//3400 3453//3399 3368//3314 
f 3453//3399 3452//3398 3367//3313 
f 3452//3398 3451//3397 3366//3312 
f 3451//3397 3450//3396 3365//3311 
f 3450//3396 3449//3395 3364//3310 
f 3449//3395 3448//3394 3363//3309 
f 3448//3394 3447//3393 3362//3308 
f 3447//3393 3446//3392 3361//3307 
f 3446//3392 3445//3391 3360//3306 
f 3445//3391 3444//3390 3359//3305 
f 3444//3390 3443//3389 3358//3304 
f 3443//3389 3442//3388 3357//3303 
f 3442//3388 3441//3387 3356//3302 
f 3441//3387 3523//3469 3440//3386 
f 3439//3385 3354//3300 3355//3301 
f 3438//3384 3353//3299 3354//3300 
f 3437//3383 3352//3298 3353//3299 
f 3436//3382 3351//3297 3352//3298 
f 3435//3381 3350//3296 3351//3297 
f 3434//3380 3349//3295 3350//3296 
f 3433//3379 3348//3294 3349//3295 
f 3432//3378 3347//3293 3348//3294 
f 3431//3377 3346//3292 3347//3293 
f 3430//3376 3345//3291 3346//3292 
f 3429//3375 3344//3290 3345//3291 
f 3428//3374 3343//3289 3344//3290 
f 3427//3373 3342//3288 3343//3289 
f 3426//3372 3341//3287 3342//3288 
f 3425//3371 3340//3286 3341//3287 
f 3424//3370 3339//3285 3340//3286 
f 3423//3369 3338//3284 3339//3285 
f 3422//3368 3337//3283 3338//3284 
f 3421//3367 3336//3282 3337//3283 
f 3420//3366 3335//3281 3336//3282 
f 3419//3365 3334//3280 3335//3281 
f 3418//3364 3333//3279 3334//3280 
f 3417//3363 3332//3278 3333//3279 
f 3416//3362 3331//3277 3332//3278 
f 3415//3361 3330//3276 3331//3277 
f 3414//3360 3329//3275 3330//3276 
f 3413//3359 3328//3274 3329//3275 
f 3412//3358 3327//3273 3328//3274 
f 3411//3357 3326//3272 3327//3273 
f 3410//3356 3325//3271 3326//3272 
f 3409//3355 3324//3270 3325//3271 
f 3408//3354 3323//3269 3324//3270 
f 3407//3353 3322//3268 3323//3269 
f 3406//3352 3321//3267 3322//3268 
f 3403//3349 3320//3266 3321//3267 
f 3405//3351 3402//3348 3403//3349 
f 3402//3348 3405//3351 3401//3347 
f 3400//3346 3317//3263 3318//3264 
f 3399//3345 3316//3262 3317//3263 
f 3398//3344 3315//3261 3316//3262 
f 3397//3343 3314//3260 3315//3261 
f 3396//3342 3313//3259 3314//3260 
f 3396//3342 3395//3341 3312//3258 
f 3395//3341 3394//3340 3311//3257 
f 3394//3340 3393//3339 3310//3256 
f 3393//3339 3392//3338 3309//3255 
f 3392//3338 3391//3337 3308//3254 
f 3391//3337 3390//3336 3307//3253 
f 3390//3336 3389//3335 3306//3252 
f 3389//3335 3388//3334 3305//3251 
f 3388//3334 3387//3333 3304//3250 
f 3387//3333 3386//3332 3303//3249 
f 3386//3332 3385//3331 3302//3248 
f 3385//3331 3384//3330 3301//3247 
f 3384//3330 3383//3329 3300//3246 
f 3383//3329 3382//3328 3299//3245 
f 3382//3328 3381//3327 3298//3244 
f 3381//3327 3380//3326 3297//3243 
f 3380//3326 3379//3325 3296//3242 
f 3379//3325 3378//3324 3295//3241 
f 3378//3324 3377//3323 3294//3240 
f 3377//3323 3376//3322 3293//3239 
f 3376//3322 3375//3321 3292//3238 
f 3375//3321 3374//3320 3291//3237 
f 3374//3320 3373//3319 3290//3236 
f 3373//3319 3372//3318 3289//3235 
f 3372//3318 3371//3317 3288//3234 
f 3371//3317 3370//3316 3287//3233 
f 3370//3316 3369//3315 3286//3232 
f 3369//3315 3368//3314 3285//3231 
f 3368//3314 3367//3313 3284//3230 
f 3367//3313 3366//3312 3283//3229 
f 3366//3312 3365//3311 3282//3228 
f 3365//3311 3364//3310 3281//3227 
f 3364//3310 3363//3309 3280//3226 
f 3363//3309 3362//3308 3279//3225 
f 3362//3308 3361//3307 3278//3224 
f 3361//3307 3360//3306 3277//3223 
f 3360//3306 3359//3305 3276//3222 
f 3359//3305 3358//3304 3275//3221 
f 3358//3304 3357//3303 3274//3220 
f 3357//3303 3356//3302 3273//3219 
f 3356//3302 3440//3386 3355//3301 
f 3354//3300 3271//3217 3272//3218 
f 3353//3299 3270//3216 3271//3217 
f 3352//3298 3269//3215 3270//3216 
f 3351//3297 3268//3214 3269//3215 
f 3350//3296 3267//3213 3268//3214 
f 3349//3295 3266//3212 3267//3213 
f 3348//3294 3265//3211 3266//3212 
f 3347//3293 3264//3210 3265//3211 
f 3346//3292 3263//3209 3264//3210 
f 3345//3291 3262//3208 3263//3209 
f 3344//3290 3261//3207 3262//3208 
f 3343//3289 3260//3206 3261//3207 
f 3342//3288 3259//3205 3260//3206 
f 3341//3287 3258//3204 3259//3205 
f 3340//3286 3257//3203 3258//3204 
f 3339//3285 3256//3202 3257//3203 
f 3338//3284 3255//3201 3256//3202 
f 3337//3283 3254//3200 3255//3201 
f 3336//3282 3253//3199 3254//3200 
f 3335//3281 3252//3198 3253//3199 
f 3334//3280 3251//3197 3252//3198 
f 3333//3279 3250//3196 3251//3197 
f 3332//3278 3249//3195 3250//3196 
f 3331//3277 3248//3194 3249//3195 
f 3330//3276 3247//3193 3248//3194 
f 3329//3275 3246//3192 3247//3193 
f 3328//3274 3245//3191 3246//3192 
f 3327//3273 3244//3190 3245//3191 
f 3326//3272 3243//3189 3244//3190 
f 3325//3271 3242//3188 3243//3189 
f 3324//3270 3241//3187 3242//3188 
f 3323//3269 3240//3186 3241//3187 
f 3322//3268 3239//3185 3240//3186 
f 3321//3267 3238//3184 3239//3185 
f 3320//3266 3237//3183 3238//3184 
f 3319//3265 3236//3182 3237//3183 
f 3318//3264 3235//3181 3236//3182 
f 3317//3263 3234//3180 3235//3181 
f 3316//3262 3233//3179 3234//3180 
f 3315//3261 3232//3178 3233//3179 
f 3314//3260 3231//3177 3232//3178 
f 3313//3259 3230//3176 3231//3177 
f 3313//3259 3312//3258 3229//3175 
f 3312//3258 3311//3257 3228//3174 
f 3311//3257 3310//3256 3227//3173 
f 3310//3256 3309//3255 3226//3172 
f 3309//3255 3308//3254 3225//3171 
f 3308//3254 3307//3253 3224//3170 
f 3307//3253 3306//3252 3223//3169 
f 3306//3252 3305//3251 3222//3168 
f 3305//3251 3304//3250 3221//3167 
f 3304//3250 3303//3249 3220//3166 
f 3303//3249 3302//3248 3219//3165 
f 3302//3248 3301//3247 3218//3164 
f 3301//3247 3300//3246 3217//3163 
f 3300//3246 3299//3245 3216//3162 
f 3299//3245 3298//3244 3215//3161 
f 3298//3244 3297//3243 3214//3160 
f 3297//3243 3296//3242 3213//3159 
f 3296//3242 3295//3241 3212//3158 
f 3295//3241 3294//3240 3211//3157 
f 3294//3240 3293//3239 3210//3156 
f 3293//3239 3292//3238 3209//3155 
f 3292//3238 3291//3237 3208//3154 
f 3291//3237 3290//3236 3207//3153 
f 3290//3236 3289//3235 3206//3152 
f 3289//3235 3288//3234 3205//3151 
f 3288//3234 3287//3233 3204//3150 
f 3287//3233 3286//3232 3203//3149 
f 3286//3232 3285//3231 3202//3148 
f 3285//3231 3284//3230 3201//3147 
f 3284//3230 3283//3229 3200//3146 
f 3283//3229 3282//3228 3199//3145 
f 3282//3228 3281//3227 3198//3144 
f 3281//3227 3280//3226 3197//3143 
f 3280//3226 3279//3225 3196//3142 
f 3279//3225 3278//3224 3195//3141 
f 3278//3224 3277//3223 3193//3139 
f 3277//3223 3276//3222 3192//3138 
f 3276//3222 3275//3221 3191//3137 
f 3275//3221 3274//3220 3190//3136 
f 3274//3220 3273//3219 3189//3135 
f 3273//3219 3355//3301 3272//3218 
f 3271//3217 3187//3133 3188//3134 
f 3270//3216 3185//3131 3187//3133 
f 3269//3215 3183//3129 3185//3131 
f 3268//3214 3180//3126 3183//3129 
f 3267//3213 3181//3127 3180//3126 
f 3266//3212 3177//3123 3181//3127 
f 3265//3211 3176//3122 3177//3123 
f 3264//3210 3175//3121 3176//3122 
f 3263//3209 3174//3120 3175//3121 
f 3262//3208 3173//3119 3174//3120 
f 3261//3207 3172//3118 3173//3119 
f 3260//3206 3171//3117 3172//3118 
f 3259//3205 3170//3116 3171//3117 
f 3258//3204 3169//3115 3170//3116 
f 3257//3203 3168//3114 3169//3115 
f 3256//3202 3167//3113 3168//3114 
f 3255//3201 3166//3112 3167//3113 
f 3254//3200 3165//3111 3166//3112 
f 3253//3199 3164//3110 3165//3111 
f 3252//3198 3163//3109 3164//3110 
f 3251//3197 3162//3108 3163//3109 
f 3250//3196 3161//3107 3162//3108 
f 3249//3195 3160//3106 3161//3107 
f 3248//3194 3159//3105 3160//3106 
f 3247//3193 3158//3104 3159//3105 
f 3246//3192 3157//3103 3158//3104 
f 3245//3191 3156//3102 3157//3103 
f 3244//3190 3155//3101 3156//3102 
f 3243//3189 3154//3100 3155//3101 
f 3242//3188 3153//3099 3154//3100 
f 3241//3187 3152//3098 3153//3099 
f 3240//3186 3151//3097 3152//3098 
f 3239//3185 3150//3096 3151//3097 
f 3238//3184 3149//3095 3150//3096 
f 3237//3183 3148//3094 3149//3095 
f 3236//3182 3147//3093 3148//3094 
f 3235//3181 3146//3092 3147//3093 
f 3234//3180 3145//3091 3146//3092 
f 3233//3179 3144//3090 3145//3091 
f 3232//3178 3143//3089 3144//3090 
f 3231//3177 3142//3088 3143//3089 
f 3230//3176 3141//3087 3142//3088 
f 3230//3176 3229//3175 3140//3086 
f 3229//3175 3228//3174 3139//3085 
f 3228//3174 3227//3173 3138//3084 
f 3227//3173 3226//3172 3137//3083 
f 3226//3172 3225//3171 3136//3082 
f 3225//3171 3224//3170 3135//3081 
f 3224//3170 3223//3169 3134//3080 
f 3223//3169 3222//3168 3133//3079 
f 3222//3168 3221//3167 3132//3078 
f 3221//3167 3220//3166 3131//3077 
f 3220//3166 3219//3165 3130//3076 
f 3219//3165 3218//3164 3129//3075 
f 3218//3164 3217//3163 3128//3074 
f 3217//3163 3216//3162 3127//3073 
f 3216//3162 3215//3161 3126//3072 
f 3215//3161 3214//3160 3125//3071 
f 3214//3160 3213//3159 3124//3070 
f 3213//3159 3212//3158 3123//3069 
f 3212//3158 3211//3157 3122//3068 
f 3211//3157 3210//3156 3121//3067 
f 3210//3156 3209//3155 3120//3066 
f 3209//3155 3208//3154 3119//3065 
f 3208//3154 3207//3153 3118//3064 
f 3207//3153 3206//3152 3117//3063 
f 3206//3152 3205//3151 3116//3062 
f 3205//3151 3204//3150 3115//3061 
f 3204//3150 3203//3149 3114//3060 
f 3203//3149 3202//3148 3113//3059 
f 3202//3148 3201//3147 3112//3058 
f 3201//3147 3200//3146 3111//3057 
f 3200//3146 3199//3145 3110//3056 
f 3199//3145 3198//3144 3109//3055 
f 3198//3144 3197//3143 3108//3054 
f 3197//3143 3196//3142 3106//3052 
f 3196//3142 3195//3141 3194//3140 
f 3195//3141 3193//3139 3103//3049 
f 3193//3139 3192//3138 3102//3048 
f 3192//3138 3191//3137 3100//3046 
f 3191//3137 3190//3136 3098//3044 
f 3190//3136 3189//3135 3096//3042 
f 3189//3135 3272//3218 3188//3134 
f 3186//3132 3092//3038 3093//3039 
f 3185//3131 3184//3130 3186//3132 
f 3183//3129 3182//3128 3184//3130 
f 3180//3126 3179//3125 3182//3128 
f 3181//3127 3178//3124 3179//3125 
f 3178//3124 3181//3127 3177//3123 
f 3176//3122 3086//3032 3087//3033 
f 3175//3121 3085//3031 3086//3032 
f 3174//3120 3084//3030 3085//3031 
f 3173//3119 3083//3029 3084//3030 
f 3172//3118 3082//3028 3083//3029 
f 3171//3117 3081//3027 3082//3028 
f 3170//3116 3080//3026 3081//3027 
f 3169//3115 3079//3025 3080//3026 
f 3168//3114 3078//3024 3079//3025 
f 3167//3113 3077//3023 3078//3024 
f 3166//3112 3076//3022 3077//3023 
f 3165//3111 3075//3021 3076//3022 
f 3164//3110 3074//3020 3075//3021 
f 3163//3109 3073//3019 3074//3020 
f 3162//3108 3072//3018 3073//3019 
f 3161//3107 3071//3017 3072//3018 
f 3160//3106 3070//3016 3071//3017 
f 3159//3105 3069//3015 3070//3016 
f 3158//3104 3068//3014 3069//3015 
f 3157//3103 3067//3013 3068//3014 
f 3156//3102 3066//3012 3067//3013 
f 3155//3101 3065//3011 3066//3012 
f 3154//3100 3064//3010 3065//3011 
f 3153//3099 3063//3009 3064//3010 
f 3152//3098 3062//3008 3063//3009 
f 3151//3097 3061//3007 3062//3008 
f 3150//3096 3060//3006 3061//3007 
f 3149//3095 3059//3005 3060//3006 
f 3148//3094 3058//3004 3059//3005 
f 3147//3093 3057//3003 3058//3004 
f 3146//3092 3056//3002 3057//3003 
f 3145//3091 3055//3001 3056//3002 
f 3144//3090 3054//3000 3055//3001 
f 3143//3089 3053//2999 3054//3000 
f 3142//3088 3052//2998 3053//2999 
f 3141//3087 3051//2997 3052//2998 
f 3141//3087 3140//3086 3050//2996 
f 3140//3086 3139//3085 3049//2995 
f 3139//3085 3138//3084 3048//2994 
f 3138//3084 3137//3083 3047//2993 
f 3137//3083 3136//3082 3046//2992 
f 3136//3082 3135//3081 3045//2991 
f 3135//3081 3134//3080 3044//2990 
f 3134//3080 3133//3079 3043//2989 
f 3133//3079 3132//3078 3042//2988 
f 3132//3078 3131//3077 3041//2987 
f 3131//3077 3130//3076 3040//2986 
f 3130//3076 3129//3075 3039//2985 
f 3129//3075 3128//3074 3038//2984 
f 3128//3074 3127//3073 3037//2983 
f 3127//3073 3126//3072 3036//2982 
f 3126//3072 3125//3071 3035//2981 
f 3125//3071 3124//3070 3034//2980 
f 3124//3070 3123//3069 3033//2979 
f 3123//3069 3122//3068 3032//2978 
f 3122//3068 3121//3067 3031//2977 
f 3121//3067 3120//3066 3030//2976 
f 3120//3066 3119//3065 3029//2975 
f 3119//3065 3118//3064 3028//2974 
f 3118//3064 3117//3063 3027//2973 
f 3117//3063 3116//3062 3026//2972 
f 3116//3062 3115//3061 3025//2971 
f 3115//3061 3114//3060 3024//2970 
f 3114//3060 3113//3059 3023//2969 
f 3113//3059 3112//3058 3022//2968 
f 3112//3058 3111//3057 3021//2967 
f 3111//3057 3110//3056 3020//2966 
f 3110//3056 3109//3055 3019//2965 
f 3107//3053 3018//2964 3019//2965 
f 3108//3054 3106//3052 3105//3051 
f 3106//3052 3194//3140 3104//3050 
f 3104//3050 3194//3140 3103//3049 
f 3101//3047 3014//2960 3015//2961 
f 3102//3048 3100//3046 3099//3045 
f 3100//3046 3098//3044 3097//3043 
f 3098//3044 3096//3042 3095//3041 
f 3096//3042 3188//3134 3094//3040 
f 3092//3038 3009//2955 3010//2956 
f 3091//3037 3008//2954 3009//2955 
f 3090//3036 3007//2953 3008//2954 
f 3089//3035 3006//2952 3007//2953 
f 3088//3034 3005//2951 3006//2952 
f 3087//3033 3004//2950 3005//2951 
f 3086//3032 3003//2949 3004//2950 
f 3085//3031 3002//2948 3003//2949 
f 3084//3030 3001//2947 3002//2948 
f 3083//3029 3000//2946 3001//2947 
f 3082//3028 2999//2945 3000//2946 
f 3081//3027 2998//2944 2999//2945 
f 3080//3026 2997//2943 2998//2944 
f 3079//3025 2996//2942 2997//2943 
f 3078//3024 2995//2941 2996//2942 
f 3077//3023 2994//2940 2995//2941 
f 3076//3022 2993//2939 2994//2940 
f 3075//3021 2992//2938 2993//2939 
f 3074//3020 2991//2937 2992//2938 
f 3073//3019 2990//2936 2991//2937 
f 3072//3018 2989//2935 2990//2936 
f 3071//3017 2988//2934 2989//2935 
f 3070//3016 2987//2933 2988//2934 
f 3069//3015 2986//2932 2987//2933 
f 3068//3014 2985//2931 2986//2932 
f 3067//3013 2984//2930 2985//2931 
f 3066//3012 2983//2929 2984//2930 
f 3065//3011 2982//2928 2983//2929 
f 3064//3010 2981//2927 2982//2928 
f 3063//3009 2980//2926 2981//2927 
f 3062//3008 2979//2925 2980//2926 
f 3061//3007 2978//2924 2979//2925 
f 3060//3006 2977//2923 2978//2924 
f 3059//3005 2976//2922 2977//2923 
f 3058//3004 2975//2921 2976//2922 
f 3057//3003 2974//2920 2975//2921 
f 3056//3002 2973//2919 2974//2920 
f 3055//3001 2972//2918 2973//2919 
f 3054//3000 2971//2917 2972//2918 
f 3053//2999 2970//2916 2971//2917 
f 3052//2998 2969//2915 2970//2916 
f 3051//2997 2968//2914 2969//2915 
f 3051//2997 3050//2996 2967//2913 
f 3050//2996 3049//2995 2966//2912 
f 3049//2995 3048//2994 2965//2911 
f 3048//2994 3047//2993 2964//2910 
f 3047//2993 3046//2992 2963//2909 
f 3046//2992 3045//2991 2962//2908 
f 3045//2991 3044//2990 2961//2907 
f 3044//2990 3043//2989 2960//2906 
f 3043//2989 3042//2988 2959//2905 
f 3042//2988 3041//2987 2958//2904 
f 3041//2987 3040//2986 2957//2903 
f 3040//2986 3039//2985 2956//2902 
f 3039//2985 3038//2984 2955//2901 
f 3038//2984 3037//2983 2954//2900 
f 3037//2983 3036//2982 2953//2899 
f 3036//2982 3035//2981 2952//2898 
f 3035//2981 3034//2980 2951//2897 
f 3034//2980 3033//2979 2950//2896 
f 3033//2979 3032//2978 2949//2895 
f 3032//2978 3031//2977 2948//2894 
f 3031//2977 3030//2976 2947//2893 
f 3030//2976 3029//2975 2946//2892 
f 3029//2975 3028//2974 2945//2891 
f 3028//2974 3027//2973 2944//2890 
f 3027//2973 3026//2972 2943//2889 
f 3026//2972 3025//2971 2942//2888 
f 3025//2971 3024//2970 2941//2887 
f 3024//2970 3023//2969 2940//2886 
f 3023//2969 3022//2968 2939//2885 
f 3022//2968 3021//2967 2938//2884 
f 3021//2967 3020//2966 2937//2883 
f 3020//2966 3019//2965 2936//2882 
f 3019//2965 3018//2964 2935//2881 
f 3018//2964 3017//2963 2934//2880 
f 3017//2963 3016//2962 2933//2879 
f 3016//2962 3015//2961 2932//2878 
f 3015//2961 3014//2960 2931//2877 
f 3014//2960 3013//2959 2930//2876 
f 3013//2959 3012//2958 2929//2875 
f 3012//2958 3011//2957 2928//2874 
f 3011//2957 3093//3039 3010//2956 
f 3009//2955 2926//2872 2927//2873 
f 3008//2954 2925//2871 2926//2872 
f 3007//2953 2924//2870 2925//2871 
f 3006//2952 2923//2869 2924//2870 
f 3005//2951 2922//2868 2923//2869 
f 3004//2950 2921//2867 2922//2868 
f 3003//2949 2920//2866 2921//2867 
f 3002//2948 2919//2865 2920//2866 
f 3001//2947 2918//2864 2919//2865 
f 3000//2946 2917//2863 2918//2864 
f 2999//2945 2916//2862 2917//2863 
f 2998//2944 2915//2861 2916//2862 
f 2997//2943 2914//2860 2915//2861 
f 2996//2942 2913//2859 2914//2860 
f 2995//2941 2912//2858 2913//2859 
f 2994//2940 2911//2857 2912//2858 
f 2993//2939 2910//2856 2911//2857 
f 2992//2938 2909//2855 2910//2856 
f 2991//2937 2908//2854 2909//2855 
f 2990//2936 2907//2853 2908//2854 
f 2989//2935 2906//2852 2907//2853 
f 2988//2934 2905//2851 2906//2852 
f 2987//2933 2904//2850 2905//2851 
f 2986//2932 2903//2849 2904//2850 
f 2985//2931 2902//2848 2903//2849 
f 2984//2930 2901//2847 2902//2848 
f 2983//2929 2900//2846 2901//2847 
f 2982//2928 2899//2845 2900//2846 
f 2981//2927 2898//2844 2899//2845 
f 2980//2926 2897//2843 2898//2844 
f 2979//2925 2896//2842 2897//2843 
f 2978//2924 2895//2841 2896//2842 
f 2977//2923 2894//2840 2895//2841 
f 2976//2922 2893//2839 2894//2840 
f 2975//2921 2892//2838 2893//2839 
f 2974//2920 2891//2837 2892//2838 
f 2973//2919 2890//2836 2891//2837 
f 2972//2918 2889//2835 2890//2836 
f 2971//2917 2888//2834 2889//2835 
f 2970//2916 2887//2833 2888//2834 
f 2969//2915 2886//2832 2887//2833 
f 2968//2914 2885//2831 2886//2832 
f 2968//2914 2967//2913 2884//2830 
f 2967//2913 2966//2912 2883//2829 
f 2966//2912 2965//2911 2882//2828 
f 2965//2911 2964//2910 2881//2827 
f 2964//2910 2963//2909 2880//2826 
f 2963//2909 2962//2908 2879//2825 
f 2962//2908 2961//2907 2878//2824 
f 2961//2907 2960//2906 2877//2823 
f 2960//2906 2959//2905 2876//2822 
f 2959//2905 2958//2904 2875//2821 
f 2958//2904 2957//2903 2874//2820 
f 2957//2903 2956//2902 2873//2819 
f 2956//2902 2955//2901 2872//2818 
f 2955//2901 2954//2900 2871//2817 
f 2954//2900 2953//2899 2870//2816 
f 2953//2899 2952//2898 2869//2815 
f 2952//2898 2951//2897 2868//2814 
f 2951//2897 2950//2896 2867//2813 
f 2950//2896 2949//2895 2866//2812 
f 2949//2895 2948//2894 2865//2811 
f 2948//2894 2947//2893 2864//2810 
f 2947//2893 2946//2892 2863//2809 
f 2946//2892 2945//2891 2862//2808 
f 2945//2891 2944//2890 2861//2807 
f 2944//2890 2943//2889 2860//2806 
f 2943//2889 2942//2888 2859//2805 
f 2942//2888 2941//2887 2858//2804 
f 2941//2887 2940//2886 2857//2803 
f 2940//2886 2939//2885 2856//2802 
f 2939//2885 2938//2884 2855//2801 
f 2938//2884 2937//2883 2854//2800 
f 2937//2883 2936//2882 2853//2799 
f 2936//2882 2935//2881 2852//2798 
f 2935//2881 2934//2880 2851//2797 
f 2934//2880 2933//2879 2850//2796 
f 2933//2879 2932//2878 2849//2795 
f 2932//2878 2931//2877 2848//2794 
f 2931//2877 2930//2876 2847//2793 
f 2930//2876 2929//2875 2846//2792 
f 2929//2875 2928//2874 2845//2791 
f 2928//2874 3010//2956 2927//2873 
f 2926//2872 2843//2789 2844//2790 
f 2925//2871 2842//2788 2843//2789 
f 2924//2870 2841//2787 2842//2788 
f 2923//2869 2840//2786 2841//2787 
f 2922//2868 2839//2785 2840//2786 
f 2921//2867 2838//2784 2839//2785 
f 2920//2866 2837//2783 2838//2784 
f 2919//2865 2836//2782 2837//2783 
f 2918//2864 2835//2781 2836//2782 
f 2917//2863 2834//2780 2835//2781 
f 2916//2862 2833//2779 2834//2780 
f 2915//2861 2832//2778 2833//2779 
f 2914//2860 2831//2777 2832//2778 
f 2913//2859 2830//2776 2831//2777 
f 2912//2858 2829//2775 2830//2776 
f 2911//2857 2828//2774 2829//2775 
f 2910//2856 2827//2773 2828//2774 
f 2909//2855 2826//2772 2827//2773 
f 2908//2854 2825//2771 2826//2772 
f 2907//2853 2824//2770 2825//2771 
f 2906//2852 2823//2769 2824//2770 
f 2905//2851 2822//2768 2823//2769 
f 2904//2850 2821//2767 2822//2768 
f 2903//2849 2820//2766 2821//2767 
f 2902//2848 2819//2765 2820//2766 
f 2901//2847 2818//2764 2819//2765 
f 2900//2846 2817//2763 2818//2764 
f 2899//2845 2816//2762 2817//2763 
f 2898//2844 2815//2761 2816//2762 
f 2897//2843 2814//2760 2815//2761 
f 2896//2842 2813//2759 2814//2760 
f 2895//2841 2812//2758 2813//2759 
f 2894//2840 2811//2757 2812//2758 
f 2893//2839 2810//2756 2811//2757 
f 2892//2838 2809//2755 2810//2756 
f 2891//2837 2808//2754 2809//2755 
f 2890//2836 2807//2753 2808//2754 
f 2889//2835 2806//2752 2807//2753 
f 2888//2834 2805//2751 2806//2752 
f 2887//2833 2804//2750 2805//2751 
f 2886//2832 2803//2749 2804//2750 
f 2885//2831 2802//2748 2803//2749 
f 2885//2831 2884//2830 2801//2747 
f 2884//2830 2883//2829 2800//2746 
f 2883//2829 2882//2828 2799//2745 
f 2882//2828 2881//2827 2798//2744 
f 2881//2827 2880//2826 2797//2743 
f 2880//2826 2879//2825 2796//2742 
f 2879//2825 2878//2824 2795//2741 
f 2878//2824 2877//2823 2794//2740 
f 2877//2823 2876//2822 2793//2739 
f 2876//2822 2875//2821 2792//2738 
f 2875//2821 2874//2820 2791//2737 
f 2874//2820 2873//2819 2790//2736 
f 2873//2819 2872//2818 2789//2735 
f 2872//2818 2871//2817 2788//2734 
f 2871//2817 2870//2816 2787//2733 
f 2870//2816 2869//2815 2786//2732 
f 2869//2815 2868//2814 2785//2731 
f 2868//2814 2867//2813 2784//2730 
f 2867//2813 2866//2812 2783//2729 
f 2866//2812 2865//2811 2782//2728 
f 2865//2811 2864//2810 2781//2727 
f 2864//2810 2863//2809 2780//2726 
f 2863//2809 2862//2808 2779//2725 
f 2862//2808 2861//2807 2778//2724 
f 2861//2807 2860//2806 2777//2723 
f 2860//2806 2859//2805 2776//2722 
f 2859//2805 2858//2804 2775//2721 
f 2858//2804 2857//2803 2774//2720 
f 2857//2803 2856//2802 2773//2719 
f 2856//2802 2855//2801 2772//2718 
f 2855//2801 2854//2800 2771//2717 
f 2854//2800 2853//2799 2770//2716 
f 2853//2799 2852//2798 2769//2715 
f 2852//2798 2851//2797 2768//2714 
f 2851//2797 2850//2796 2767//2713 
f 2850//2796 2849//2795 2766//2712 
f 2849//2795 2848//2794 2765//2711 
f 2848//2794 2847//2793 2764//2710 
f 2847//2793 2846//2792 2763//2709 
f 2846//2792 2845//2791 2762//2708 
f 2845//2791 2927//2873 2844//2790 
f 2843//2789 2760//2706 2761//2707 
f 2842//2788 2758//2704 2760//2706 
f 2841//2787 2756//2702 2758//2704 
f 2840//2786 2754//2700 2756//2702 
f 2839//2785 2751//2697 2754//2700 
f 2838//2784 2752//2698 2751//2697 
f 2837//2783 2748//2694 2752//2698 
f 2836//2782 2747//2693 2748//2694 
f 2835//2781 2746//2692 2747//2693 
f 2834//2780 2745//2691 2746//2692 
f 2833//2779 2744//2690 2745//2691 
f 2832//2778 2743//2689 2744//2690 
f 2831//2777 2742//2688 2743//2689 
f 2830//2776 2741//2687 2742//2688 
f 2829//2775 2740//2686 2741//2687 
f 2828//2774 2739//2685 2740//2686 
f 2827//2773 2738//2684 2739//2685 
f 2826//2772 2737//2683 2738//2684 
f 2825//2771 2736//2682 2737//2683 
f 2824//2770 2735//2681 2736//2682 
f 2823//2769 2734//2680 2735//2681 
f 2822//2768 2733//2679 2734//2680 
f 2821//2767 2732//2678 2733//2679 
f 2820//2766 2731//2677 2732//2678 
f 2819//2765 2730//2676 2731//2677 
f 2818//2764 2729//2675 2730//2676 
f 2817//2763 2728//2674 2729//2675 
f 2816//2762 2727//2673 2728//2674 
f 2815//2761 2726//2672 2727//2673 
f 2814//2760 2725//2671 2726//2672 
f 2813//2759 2724//2670 2725//2671 
f 2812//2758 2723//2669 2724//2670 
f 2811//2757 2722//2668 2723//2669 
f 2810//2756 2721//2667 2722//2668 
f 2809//2755 2719//2665 2721//2667 
f 2808//2754 2720//2666 2719//2665 
f 2807//2753 2716//2662 2720//2666 
f 2806//2752 2715//2661 2716//2662 
f 2805//2751 2714//2660 2715//2661 
f 2804//2750 2713//2659 2714//2660 
f 2803//2749 2712//2658 2713//2659 
f 2802//2748 2711//2657 2712//2658 
f 2802//2748 2801//2747 2710//2656 
f 2801//2747 2800//2746 2709//2655 
f 2800//2746 2799//2745 2708//2654 
f 2799//2745 2798//2744 2707//2653 
f 2798//2744 2797//2743 2706//2652 
f 2797//2743 2796//2742 2705//2651 
f 2796//2742 2795//2741 2704//2650 
f 2795//2741 2794//2740 2703//2649 
f 2794//2740 2793//2739 2702//2648 
f 2793//2739 2792//2738 2701//2647 
f 2792//2738 2791//2737 2700//2646 
f 2791//2737 2790//2736 2699//2645 
f 2790//2736 2789//2735 2698//2644 
f 2789//2735 2788//2734 2697//2643 
f 2788//2734 2787//2733 2696//2642 
f 2787//2733 2786//2732 2695//2641 
f 2786//2732 2785//2731 2694//2640 
f 2785//2731 2784//2730 2693//2639 
f 2784//2730 2783//2729 2692//2638 
f 2783//2729 2782//2728 2691//2637 
f 2782//2728 2781//2727 2690//2636 
f 2781//2727 2780//2726 2689//2635 
f 2780//2726 2779//2725 2688//2634 
f 2779//2725 2778//2724 2687//2633 
f 2778//2724 2777//2723 2686//2632 
f 2777//2723 2776//2722 2685//2631 
f 2776//2722 2775//2721 2684//2630 
f 2775//2721 2774//2720 2683//2629 
f 2774//2720 2773//2719 2682//2628 
f 2773//2719 2772//2718 2681//2627 
f 2772//2718 2771//2717 2680//2626 
f 2771//2717 2770//2716 2679//2625 
f 2770//2716 2769//2715 2678//2624 
f 2769//2715 2768//2714 2676//2622 
f 2768//2714 2767//2713 2673//2619 
f 2767//2713 2766//2712 2671//2617 
f 2766//2712 2765//2711 2669//2615 
f 2765//2711 2764//2710 2667//2613 
f 2764//2710 2763//2709 2665//2611 
f 2763//2709 2762//2708 2663//2609 
f 2762//2708 2844//2790 2761//2707 
f 2759//2705 2659//2605 2660//2606 
f 2758//2704 2757//2703 2759//2705 
f 2756//2702 2755//2701 2757//2703 
f 2754//2700 2753//2699 2755//2701 
f 2751//2697 2750//2696 2753//2699 
f 2752//2698 2749//2695 2750//2696 
f 2749//2695 2752//2698 2748//2694 
f 2747//2693 2648//2594 2649//2595 
f 2746//2692 2647//2593 2648//2594 
f 2745//2691 2646//2592 2647//2593 
f 2744//2690 2645//2591 2646//2592 
f 2743//2689 2644//2590 2645//2591 
f 2742//2688 2643//2589 2644//2590 
f 2741//2687 2642//2588 2643//2589 
f 2740//2686 2641//2587 2642//2588 
f 2739//2685 2640//2586 2641//2587 
f 2738//2684 2639//2585 2640//2586 
f 2737//2683 2638//2584 2639//2585 
f 2736//2682 2637//2583 2638//2584 
f 2735//2681 2636//2582 2637//2583 
f 2734//2680 2635//2581 2636//2582 
f 2733//2679 2634//2580 2635//2581 
f 2732//2678 2633//2579 2634//2580 
f 2731//2677 2632//2578 2633//2579 
f 2730//2676 2631//2577 2632//2578 
f 2729//2675 2630//2576 2631//2577 
f 2728//2674 2629//2575 2630//2576 
f 2727//2673 2628//2574 2629//2575 
f 2726//2672 2627//2573 2628//2574 
f 2725//2671 2626//2572 2627//2573 
f 2724//2670 2625//2571 2626//2572 
f 2723//2669 2624//2570 2625//2571 
f 2722//2668 2623//2569 2624//2570 
f 2721//2667 2622//2568 2623//2569 
f 2718//2664 2621//2567 2622//2568 
f 2720//2666 2717//2663 2718//2664 
f 2717//2663 2720//2666 2716//2662 
f 2715//2661 2618//2564 2619//2565 
f 2714//2660 2617//2563 2618//2564 
f 2713//2659 2616//2562 2617//2563 
f 2712//2658 2615//2561 2616//2562 
f 2711//2657 2614//2560 2615//2561 
f 2711//2657 2710//2656 2613//2559 
f 2710//2656 2709//2655 2612//2558 
f 2709//2655 2708//2654 2611//2557 
f 2708//2654 2707//2653 2610//2556 
f 2707//2653 2706//2652 2609//2555 
f 2706//2652 2705//2651 2608//2554 
f 2705//2651 2704//2650 2607//2553 
f 2704//2650 2703//2649 2606//2552 
f 2703//2649 2702//2648 2605//2551 
f 2702//2648 2701//2647 2604//2550 
f 2701//2647 2700//2646 2603//2549 
f 2700//2646 2699//2645 2602//2548 
f 2699//2645 2698//2644 2601//2547 
f 2698//2644 2697//2643 2600//2546 
f 2697//2643 2696//2642 2599//2545 
f 2696//2642 2695//2641 2598//2544 
f 2695//2641 2694//2640 2597//2543 
f 2694//2640 2693//2639 2596//2542 
f 2693//2639 2692//2638 2595//2541 
f 2692//2638 2691//2637 2594//2540 
f 2691//2637 2690//2636 2593//2539 
f 2690//2636 2689//2635 2592//2538 
f 2689//2635 2688//2634 2591//2537 
f 2688//2634 2687//2633 2590//2536 
f 2687//2633 2686//2632 2589//2535 
f 2686//2632 2685//2631 2588//2534 
f 2685//2631 2684//2630 2587//2533 
f 2684//2630 2683//2629 2586//2532 
f 2683//2629 2682//2628 2585//2531 
f 2682//2628 2681//2627 2584//2530 
f 2681//2627 2680//2626 2583//2529 
f 2680//2626 2679//2625 2582//2528 
f 2677//2623 2581//2527 2582//2528 
f 2678//2624 2676//2622 2675//2621 
f 2676//2622 2673//2619 2672//2618 
f 2673//2619 2671//2617 2670//2616 
f 2671//2617 2669//2615 2668//2614 
f 2669//2615 2667//2613 2666//2612 
f 2667//2613 2665//2611 2664//2610 
f 2665//2611 2663//2609 2662//2608 
f 2663//2609 2761//2707 2661//2607 
f 2658//2604 2567//2513 2568//2514 
f 2657//2603 2656//2602 2658//2604 
f 2654//2600 2653//2599 2656//2602 
f 2655//2601 2652//2598 2653//2599 
f 2652//2598 2655//2601 2651//2597 
f 2650//2596 2562//2508 2563//2509 
f 2649//2595 2561//2507 2562//2508 
f 2648//2594 2560//2506 2561//2507 
f 2647//2593 2559//2505 2560//2506 
f 2646//2592 2558//2504 2559//2505 
f 2645//2591 2557//2503 2558//2504 
f 2644//2590 2556//2502 2557//2503 
f 2643//2589 2555//2501 2556//2502 
f 2642//2588 2554//2500 2555//2501 
f 2641//2587 2553//2499 2554//2500 
f 2640//2586 2552//2498 2553//2499 
f 2639//2585 2551//2497 2552//2498 
f 2638//2584 2550//2496 2551//2497 
f 2637//2583 2549//2495 2550//2496 
f 2636//2582 2548//2494 2549//2495 
f 2635//2581 2547//2493 2548//2494 
f 2634//2580 2546//2492 2547//2493 
f 2633//2579 2545//2491 2546//2492 
f 2632//2578 2544//2490 2545//2491 
f 2631//2577 2543//2489 2544//2490 
f 2630//2576 2542//2488 2543//2489 
f 2629//2575 2541//2487 2542//2488 
f 2628//2574 2540//2486 2541//2487 
f 2627//2573 2539//2485 2540//2486 
f 2626//2572 2538//2484 2539//2485 
f 2625//2571 2537//2483 2538//2484 
f 2624//2570 2536//2482 2537//2483 
f 2623//2569 2535//2481 2536//2482 
f 2622//2568 2534//2480 2535//2481 
f 2621//2567 2533//2479 2534//2480 
f 2620//2566 2532//2478 2533//2479 
f 2619//2565 2531//2477 2532//2478 
f 2618//2564 2530//2476 2531//2477 
f 2617//2563 2529//2475 2530//2476 
f 2616//2562 2528//2474 2529//2475 
f 2615//2561 2527//2473 2528//2474 
f 2614//2560 2526//2472 2527//2473 
f 2614//2560 2613//2559 2525//2471 
f 2613//2559 2612//2558 2524//2470 
f 2612//2558 2611//2557 2523//2469 
f 2611//2557 2610//2556 2522//2468 
f 2610//2556 2609//2555 2521//2467 
f 2609//2555 2608//2554 2520//2466 
f 2608//2554 2607//2553 2519//2465 
f 2607//2553 2606//2552 2518//2464 
f 2606//2552 2605//2551 2517//2463 
f 2605//2551 2604//2550 2516//2462 
f 2604//2550 2603//2549 2515//2461 
f 2603//2549 2602//2548 2514//2460 
f 2602//2548 2601//2547 2513//2459 
f 2601//2547 2600//2546 2512//2458 
f 2600//2546 2599//2545 2511//2457 
f 2599//2545 2598//2544 2510//2456 
f 2598//2544 2597//2543 2509//2455 
f 2597//2543 2596//2542 2508//2454 
f 2596//2542 2595//2541 2507//2453 
f 2595//2541 2594//2540 2506//2452 
f 2594//2540 2593//2539 2505//2451 
f 2593//2539 2592//2538 2504//2450 
f 2592//2538 2591//2537 2503//2449 
f 2591//2537 2590//2536 2502//2448 
f 2590//2536 2589//2535 2501//2447 
f 2589//2535 2588//2534 2500//2446 
f 2588//2534 2587//2533 2499//2445 
f 2587//2533 2586//2532 2498//2444 
f 2586//2532 2585//2531 2497//2443 
f 2585//2531 2584//2530 2496//2442 
f 2584//2530 2583//2529 2495//2441 
f 2583//2529 2582//2528 2494//2440 
f 2582//2528 2581//2527 2493//2439 
f 2579//2525 2492//2438 2493//2439 
f 2580//2526 2674//2620 2578//2524 
f 2578//2524 2674//2620 2577//2523 
f 2577//2523 2576//2522 2489//2435 
f 2574//2520 2488//2434 2489//2435 
f 2575//2521 2573//2519 2572//2518 
f 2573//2519 2571//2517 2570//2516 
f 2571//2517 2660//2606 2569//2515 
f 2567//2513 2484//2430 2485//2431 
f 2566//2512 2483//2429 2484//2430 
f 2565//2511 2482//2428 2483//2429 
f 2564//2510 2481//2427 2482//2428 
f 2563//2509 2480//2426 2481//2427 
f 2562//2508 2479//2425 2480//2426 
f 2561//2507 2478//2424 2479//2425 
f 2560//2506 2477//2423 2478//2424 
f 2559//2505 2476//2422 2477//2423 
f 2558//2504 2475//2421 2476//2422 
f 2557//2503 2474//2420 2475//2421 
f 2556//2502 2473//2419 2474//2420 
f 2555//2501 2472//2418 2473//2419 
f 2554//2500 2471//2417 2472//2418 
f 2553//2499 2470//2416 2471//2417 
f 2552//2498 2469//2415 2470//2416 
f 2551//2497 2468//2414 2469//2415 
f 2550//2496 2467//2413 2468//2414 
f 2549//2495 2466//2412 2467//2413 
f 2548//2494 2465//2411 2466//2412 
f 2547//2493 2464//2410 2465//2411 
f 2546//2492 2463//2409 2464//2410 
f 2545//2491 2462//2408 2463//2409 
f 2544//2490 2461//2407 2462//2408 
f 2543//2489 2460//2406 2461//2407 
f 2542//2488 2459//2405 2460//2406 
f 2541//2487 2458//2404 2459//2405 
f 2540//2486 2457//2403 2458//2404 
f 2539//2485 2456//2402 2457//2403 
f 2538//2484 2455//2401 2456//2402 
f 2537//2483 2454//2400 2455//2401 
f 2536//2482 2453//2399 2454//2400 
f 2535//2481 2452//2398 2453//2399 
f 2534//2480 2451//2397 2452//2398 
f 2533//2479 2450//2396 2451//2397 
f 2532//2478 2449//2395 2450//2396 
f 2531//2477 2448//2394 2449//2395 
f 2530//2476 2447//2393 2448//2394 
f 2529//2475 2446//2392 2447//2393 
f 2528//2474 2445//2391 2446//2392 
f 2527//2473 2444//2390 2445//2391 
f 2526//2472 2443//2389 2444//2390 
f 2526//2472 2525//2471 2442//2388 
f 2525//2471 2524//2470 2441//2387 
f 2524//2470 2523//2469 2440//2386 
f 2523//2469 2522//2468 2439//2385 
f 2522//2468 2521//2467 2438//2384 
f 2521//2467 2520//2466 2437//2383 
f 2520//2466 2519//2465 2436//2382 
f 2519//2465 2518//2464 2435//2381 
f 2518//2464 2517//2463 2434//2380 
f 2517//2463 2516//2462 2433//2379 
f 2516//2462 2515//2461 2432//2378 
f 2515//2461 2514//2460 2431//2377 
f 2514//2460 2513//2459 2430//2376 
f 2513//2459 2512//2458 2429//2375 
f 2512//2458 2511//2457 2428//2374 
f 2511//2457 2510//2456 2427//2373 
f 2510//2456 2509//2455 2426//2372 
f 2509//2455 2508//2454 2425//2371 
f 2508//2454 2507//2453 2424//2370 
f 2507//2453 2506//2452 2423//2369 
f 2506//2452 2505//2451 2422//2368 
f 2505//2451 2504//2450 2421//2367 
f 2504//2450 2503//2449 2420//2366 
f 2503//2449 2502//2448 2419//2365 
f 2502//2448 2501//2447 2418//2364 
f 2501//2447 2500//2446 2417//2363 
f 2500//2446 2499//2445 2416//2362 
f 2499//2445 2498//2444 2415//2361 
f 2498//2444 2497//2443 2414//2360 
f 2497//2443 2496//2442 2413//2359 
f 2496//2442 2495//2441 2412//2358 
f 2495//2441 2494//2440 2411//2357 
f 2494//2440 2493//2439 2410//2356 
f 2493//2439 2492//2438 2409//2355 
f 2492//2438 2491//2437 2408//2354 
f 2491//2437 2490//2436 2407//2353 
f 2490//2436 2489//2435 2406//2352 
f 2489//2435 2488//2434 2405//2351 
f 2488//2434 2487//2433 2404//2350 
f 2487//2433 2486//2432 2403//2349 
f 2486//2432 2568//2514 2485//2431 
f 2484//2430 2401//2347 2402//2348 
f 2483//2429 2400//2346 2401//2347 
f 2482//2428 2399//2345 2400//2346 
f 2481//2427 2398//2344 2399//2345 
f 2480//2426 2397//2343 2398//2344 
f 2479//2425 2396//2342 2397//2343 
f 2478//2424 2395//2341 2396//2342 
f 2477//2423 2394//2340 2395//2341 
f 2476//2422 2393//2339 2394//2340 
f 2475//2421 2392//2338 2393//2339 
f 2474//2420 2391//2337 2392//2338 
f 2473//2419 2390//2336 2391//2337 
f 2472//2418 2389//2335 2390//2336 
f 2471//2417 2388//2334 2389//2335 
f 2470//2416 2387//2333 2388//2334 
f 2469//2415 2386//2332 2387//2333 
f 2468//2414 2385//2331 2386//2332 
f 2467//2413 2384//2330 2385//2331 
f 2466//2412 2383//2329 2384//2330 
f 2465//2411 2382//2328 2383//2329 
f 2464//2410 2381//2327 2382//2328 
f 2463//2409 2380//2326 2381//2327 
f 2462//2408 2379//2325 2380//2326 
f 2461//2407 2378//2324 2379//2325 
f 2460//2406 2377//2323 2378//2324 
f 2459//2405 2376//2322 2377//2323 
f 2458//2404 2375//2321 2376//2322 
f 2457//2403 2374//2320 2375//2321 
f 2456//2402 2373//2319 2374//2320 
f 2455//2401 2372//2318 2373//2319 
f 2454//2400 2371//2317 2372//2318 
f 2453//2399 2370//2316 2371//2317 
f 2452//2398 2369//2315 2370//2316 
f 2451//2397 2368//2314 2369//2315 
f 2450//2396 2367//2313 2368//2314 
f 2449//2395 2366//2312 2367//2313 
f 2448//2394 2365//2311 2366//2312 
f 2447//2393 2364//2310 2365//2311 
f 2446//2392 2363//2309 2364//2310 
f 2445//2391 2362//2308 2363//2309 
f 2444//2390 2361//2307 2362//2308 
f 2443//2389 2360//2306 2361//2307 
f 2443//2389 2442//2388 2359//2305 
f 2442//2388 2441//2387 2358//2304 
f 2441//2387 2440//2386 2357//2303 
f 2440//2386 2439//2385 2356//2302 
f 2439//2385 2438//2384 2355//2301 
f 2438//2384 2437//2383 2354//2300 
f 2437//2383 2436//2382 2353//2299 
f 2436//2382 2435//2381 2352//2298 
f 2435//2381 2434//2380 2351//2297 
f 2434//2380 2433//2379 2350//2296 
f 2433//2379 2432//2378 2349//2295 
f 2432//2378 2431//2377 2348//2294 
f 2431//2377 2430//2376 2347//2293 
f 2430//2376 2429//2375 2346//2292 
f 2429//2375 2428//2374 2345//2291 
f 2428//2374 2427//2373 2344//2290 
f 2427//2373 2426//2372 2343//2289 
f 2426//2372 2425//2371 2342//2288 
f 2425//2371 2424//2370 2341//2287 
f 2424//2370 2423//2369 2340//2286 
f 2423//2369 2422//2368 2339//2285 
f 2422//2368 2421//2367 2338//2284 
f 2421//2367 2420//2366 2337//2283 
f 2420//2366 2419//2365 2336//2282 
f 2419//2365 2418//2364 2335//2281 
f 2418//2364 2417//2363 2334//2280 
f 2417//2363 2416//2362 2333//2279 
f 2416//2362 2415//2361 2332//2278 
f 2415//2361 2414//2360 2331//2277 
f 2414//2360 2413//2359 2330//2276 
f 2413//2359 2412//2358 2329//2275 
f 2412//2358 2411//2357 2328//2274 
f 2411//2357 2410//2356 2327//2273 
f 2410//2356 2409//2355 2326//2272 
f 2409//2355 2408//2354 2325//2271 
f 2408//2354 2407//2353 2324//2270 
f 2407//2353 2406//2352 2323//2269 
f 2406//2352 2405//2351 2322//2268 
f 2405//2351 2404//2350 2321//2267 
f 2404//2350 2403//2349 2320//2266 
f 2403//2349 2485//2431 2402//2348 
f 2401//2347 2318//2264 2319//2265 
f 2400//2346 2317//2263 2318//2264 
f 2399//2345 2316//2262 2317//2263 
f 2398//2344 2315//2261 2316//2262 
f 2397//2343 2314//2260 2315//2261 
f 2396//2342 2313//2259 2314//2260 
f 2395//2341 2312//2258 2313//2259 
f 2394//2340 2311//2257 2312//2258 
f 2393//2339 2310//2256 2311//2257 
f 2392//2338 2309//2255 2310//2256 
f 2391//2337 2308//2254 2309//2255 
f 2390//2336 2307//2253 2308//2254 
f 2389//2335 2306//2252 2307//2253 
f 2388//2334 2305//2251 2306//2252 
f 2387//2333 2304//2250 2305//2251 
f 2386//2332 2303//2249 2304//2250 
f 2385//2331 2302//2248 2303//2249 
f 2384//2330 2301//2247 2302//2248 
f 2383//2329 2300//2246 2301//2247 
f 2382//2328 2299//2245 2300//2246 
f 2381//2327 2298//2244 2299//2245 
f 2380//2326 2297//2243 2298//2244 
f 2379//2325 2296//2242 2297//2243 
f 2378//2324 2295//2241 2296//2242 
f 2377//2323 2294//2240 2295//2241 
f 2376//2322 2293//2239 2294//2240 
f 2375//2321 2292//2238 2293//2239 
f 2374//2320 2291//2237 2292//2238 
f 2373//2319 2290//2236 2291//2237 
f 2372//2318 2289//2235 2290//2236 
f 2371//2317 2288//2234 2289//2235 
f 2370//2316 2287//2233 2288//2234 
f 2369//2315 2286//2232 2287//2233 
f 2368//2314 2285//2231 2286//2232 
f 2367//2313 2284//2230 2285//2231 
f 2366//2312 2283//2229 2284//2230 
f 2365//2311 2282//2228 2283//2229 
f 2364//2310 2281//2227 2282//2228 
f 2363//2309 2280//2226 2281//2227 
f 2362//2308 2279//2225 2280//2226 
f 2361//2307 2278//2224 2279//2225 
f 2360//2306 2277//2223 2278//2224 
f 2360//2306 2359//2305 2276//2222 
f 2359//2305 2358//2304 2275//2221 
f 2358//2304 2357//2303 2274//2220 
f 2357//2303 2356//2302 2273//2219 
f 2356//2302 2355//2301 2272//2218 
f 2355//2301 2354//2300 2271//2217 
f 2354//2300 2353//2299 2270//2216 
f 2353//2299 2352//2298 2269//2215 
f 2352//2298 2351//2297 2268//2214 
f 2351//2297 2350//2296 2267//2213 
f 2350//2296 2349//2295 2266//2212 
f 2349//2295 2348//2294 2265//2211 
f 2348//2294 2347//2293 2264//2210 
f 2347//2293 2346//2292 2263//2209 
f 2346//2292 2345//2291 2262//2208 
f 2345//2291 2344//2290 2261//2207 
f 2344//2290 2343//2289 2260//2206 
f 2343//2289 2342//2288 2259//2205 
f 2342//2288 2341//2287 2258//2204 
f 2341//2287 2340//2286 2257//2203 
f 2340//2286 2339//2285 2256//2202 
f 2339//2285 2338//2284 2255//2201 
f 2338//2284 2337//2283 2254//2200 
f 2337//2283 2336//2282 2253//2199 
f 2336//2282 2335//2281 2252//2198 
f 2335//2281 2334//2280 2251//2197 
f 2334//2280 2333//2279 2250//2196 
f 2333//2279 2332//2278 2249//2195 
f 2332//2278 2331//2277 2248//2194 
f 2331//2277 2330//2276 2247//2193 
f 2330//2276 2329//2275 2246//2192 
f 2329//2275 2328//2274 2245//2191 
f 2328//2274 2327//2273 2244//2190 
f 2327//2273 2326//2272 2243//2189 
f 2326//2272 2325//2271 2242//2188 
f 2325//2271 2324//2270 2241//2187 
f 2324//2270 2323//2269 2240//2186 
f 2323//2269 2322//2268 2239//2185 
f 2322//2268 2321//2267 2238//2184 
f 2321//2267 2320//2266 2237//2183 
f 2320//2266 2402//2348 2319//2265 
f 2318//2264 2235//2181 2236//2182 
f 2317//2263 2234//2180 2235//2181 
f 2316//2262 2233//2179 2234//2180 
f 2315//2261 2232//2178 2233//2179 
f 2314//2260 2231//2177 2232//2178 
f 2313//2259 2230//2176 2231//2177 
f 2312//2258 2229//2175 2230//2176 
f 2311//2257 2228//2174 2229//2175 
f 2310//2256 2227//2173 2228//2174 
f 2309//2255 2226//2172 2227//2173 
f 2308//2254 2225//2171 2226//2172 
f 2307//2253 2224//2170 2225//2171 
f 2306//2252 2223//2169 2224//2170 
f 2305//2251 2222//2168 2223//2169 
f 2304//2250 2221//2167 2222//2168 
f 2303//2249 2220//2166 2221//2167 
f 2302//2248 2219//2165 2220//2166 
f 2301//2247 2218//2164 2219//2165 
f 2300//2246 2217//2163 2218//2164 
f 2299//2245 2216//2162 2217//2163 
f 2298//2244 2215//2161 2216//2162 
f 2297//2243 2214//2160 2215//2161 
f 2296//2242 2213//2159 2214//2160 
f 2295//2241 2212//2158 2213//2159 
f 2294//2240 2211//2157 2212//2158 
f 2293//2239 2210//2156 2211//2157 
f 2292//2238 2209//2155 2210//2156 
f 2291//2237 2208//2154 2209//2155 
f 2290//2236 2207//2153 2208//2154 
f 2289//2235 2206//2152 2207//2153 
f 2288//2234 2205//2151 2206//2152 
f 2287//2233 2204//2150 2205//2151 
f 2286//2232 2203//2149 2204//2150 
f 2285//2231 2202//2148 2203//2149 
f 2284//2230 2201//2147 2202//2148 
f 2283//2229 2200//2146 2201//2147 
f 2282//2228 2199//2145 2200//2146 
f 2281//2227 2198//2144 2199//2145 
f 2280//2226 2197//2143 2198//2144 
f 2279//2225 2196//2142 2197//2143 
f 2278//2224 2195//2141 2196//2142 
f 2277//2223 2194//2140 2195//2141 
f 2277//2223 2276//2222 2193//2139 
f 2276//2222 2275//2221 2192//2138 
f 2275//2221 2274//2220 2191//2137 
f 2274//2220 2273//2219 2190//2136 
f 2273//2219 2272//2218 2189//2135 
f 2272//2218 2271//2217 2188//2134 
f 2271//2217 2270//2216 2187//2133 
f 2270//2216 2269//2215 2186//2132 
f 2269//2215 2268//2214 2185//2131 
f 2268//2214 2267//2213 2184//2130 
f 2267//2213 2266//2212 2183//2129 
f 2266//2212 2265//2211 2182//2128 
f 2265//2211 2264//2210 2181//2127 
f 2264//2210 2263//2209 2180//2126 
f 2263//2209 2262//2208 2179//2125 
f 2262//2208 2261//2207 2178//2124 
f 2261//2207 2260//2206 2177//2123 
f 2260//2206 2259//2205 2176//2122 
f 2259//2205 2258//2204 2175//2121 
f 2258//2204 2257//2203 2174//2120 
f 2257//2203 2256//2202 2173//2119 
f 2256//2202 2255//2201 2172//2118 
f 2255//2201 2254//2200 2171//2117 
f 2254//2200 2253//2199 2170//2116 
f 2253//2199 2252//2198 2169//2115 
f 2252//2198 2251//2197 2168//2114 
f 2251//2197 2250//2196 2167//2113 
f 2250//2196 2249//2195 2166//2112 
f 2249//2195 2248//2194 2165//2111 
f 2248//2194 2247//2193 2164//2110 
f 2247//2193 2246//2192 2163//2109 
f 2246//2192 2245//2191 2162//2108 
f 2245//2191 2244//2190 2161//2107 
f 2244//2190 2243//2189 2160//2106 
f 2243//2189 2242//2188 2159//2105 
f 2242//2188 2241//2187 2158//2104 
f 2241//2187 2240//2186 2157//2103 
f 2240//2186 2239//2185 2156//2102 
f 2239//2185 2238//2184 2155//2101 
f 2238//2184 2237//2183 2154//2100 
f 2237//2183 2319//2265 2236//2182 
f 2235//2181 2152//2098 2153//2099 
f 2234//2180 2151//2097 2152//2098 
f 2233//2179 2150//2096 2151//2097 
f 2232//2178 2149//2095 2150//2096 
f 2231//2177 2148//2094 2149//2095 
f 2230//2176 2147//2093 2148//2094 
f 2229//2175 2146//2092 2147//2093 
f 2228//2174 2145//2091 2146//2092 
f 2227//2173 2144//2090 2145//2091 
f 2226//2172 2143//2089 2144//2090 
f 2225//2171 2142//2088 2143//2089 
f 2224//2170 2141//2087 2142//2088 
f 2223//2169 2140//2086 2141//2087 
f 2222//2168 2139//2085 2140//2086 
f 2221//2167 2138//2084 2139//2085 
f 2220//2166 2137//2083 2138//2084 
f 2219//2165 2136//2082 2137//2083 
f 2218//2164 2135//2081 2136//2082 
f 2217//2163 2134//2080 2135//2081 
f 2216//2162 2133//2079 2134//2080 
f 2215//2161 2132//2078 2133//2079 
f 2214//2160 2131//2077 2132//2078 
f 2213//2159 2130//2076 2131//2077 
f 2212//2158 2129//2075 2130//2076 
f 2211//2157 2128//2074 2129//2075 
f 2210//2156 2127//2073 2128//2074 
f 2209//2155 2126//2072 2127//2073 
f 2208//2154 2125//2071 2126//2072 
f 2207//2153 2124//2070 2125//2071 
f 2206//2152 2123//2069 2124//2070 
f 2205//2151 2122//2068 2123//2069 
f 2204//2150 2121//2067 2122//2068 
f 2203//2149 2120//2066 2121//2067 
f 2202//2148 2119//2065 2120//2066 
f 2201//2147 2118//2064 2119//2065 
f 2200//2146 2117//2063 2118//2064 
f 2199//2145 2116//2062 2117//2063 
f 2198//2144 2115//2061 2116//2062 
f 2197//2143 2114//2060 2115//2061 
f 2196//2142 2113//2059 2114//2060 
f 2195//2141 2112//2058 2113//2059 
f 2194//2140 2111//2057 2112//2058 
f 2194//2140 2193//2139 2110//2056 
f 2193//2139 2192//2138 2109//2055 
f 2192//2138 2191//2137 2108//2054 
f 2191//2137 2190//2136 2107//2053 
f 2190//2136 2189//2135 2106//2052 
f 2189//2135 2188//2134 2105//2051 
f 2188//2134 2187//2133 2104//2050 
f 2187//2133 2186//2132 2103//2049 
f 2186//2132 2185//2131 2102//2048 
f 2185//2131 2184//2130 2101//2047 
f 2184//2130 2183//2129 2100//2046 
f 2183//2129 2182//2128 2099//2045 
f 2182//2128 2181//2127 2098//2044 
f 2181//2127 2180//2126 2097//2043 
f 2180//2126 2179//2125 2096//2042 
f 2179//2125 2178//2124 2095//2041 
f 2178//2124 2177//2123 2094//2040 
f 2177//2123 2176//2122 2093//2039 
f 2176//2122 2175//2121 2092//2038 
f 2175//2121 2174//2120 2091//2037 
f 2174//2120 2173//2119 2090//2036 
f 2173//2119 2172//2118 2089//2035 
f 2172//2118 2171//2117 2088//2034 
f 2171//2117 2170//2116 2087//2033 
f 2170//2116 2169//2115 2086//2032 
f 2169//2115 2168//2114 2085//2031 
f 2168//2114 2167//2113 2084//2030 
f 2167//2113 2166//2112 2083//2029 
f 2166//2112 2165//2111 2082//2028 
f 2165//2111 2164//2110 2081//2027 
f 2164//2110 2163//2109 2080//2026 
f 2163//2109 2162//2108 2079//2025 
f 2162//2108 2161//2107 2078//2024 
f 2161//2107 2160//2106 2077//2023 
f 2160//2106 2159//2105 2076//2022 
f 2159//2105 2158//2104 2075//2021 
f 2158//2104 2157//2103 2074//2020 
f 2157//2103 2156//2102 2073//2019 
f 2156//2102 2155//2101 2072//2018 
f 2155//2101 2154//2100 2071//2017 
f 2154//2100 2236//2182 2153//2099 
f 2152//2098 2069//2015 2070//2016 
f 2151//2097 2068//2014 2069//2015 
f 2150//2096 2067//2013 2068//2014 
f 2149//2095 2066//2012 2067//2013 
f 2148//2094 2065//2011 2066//2012 
f 2147//2093 2064//2010 2065//2011 
f 2146//2092 2063//2009 2064//2010 
f 2145//2091 2062//2008 2063//2009 
f 2144//2090 2061//2007 2062//2008 
f 2143//2089 2060//2006 2061//2007 
f 2142//2088 2059//2005 2060//2006 
f 2141//2087 2058//2004 2059//2005 
f 2140//2086 2057//2003 2058//2004 
f 2139//2085 2056//2002 2057//2003 
f 2138//2084 2055//2001 2056//2002 
f 2137//2083 2054//2000 2055//2001 
f 2136//2082 2053//1999 2054//2000 
f 2135//2081 2052//1998 2053//1999 
f 2134//2080 2051//1997 2052//1998 
f 2133//2079 2050//1996 2051//1997 
f 2132//2078 2049//1995 2050//1996 
f 2131//2077 2048//1994 2049//1995 
f 2130//2076 2047//1993 2048//1994 
f 2129//2075 2046//1992 2047//1993 
f 2128//2074 2045//1991 2046//1992 
f 2127//2073 2044//1990 2045//1991 
f 2126//2072 2043//1989 2044//1990 
f 2125//2071 2042//1988 2043//1989 
f 2124//2070 2041//1987 2042//1988 
f 2123//2069 2040//1986 2041//1987 
f 2122//2068 2039//1985 2040//1986 
f 2121//2067 2038//1984 2039//1985 
f 2120//2066 2037//1983 2038//1984 
f 2119//2065 2036//1982 2037//1983 
f 2118//2064 2035//1981 2036//1982 
f 2117//2063 2034//1980 2035//1981 
f 2116//2062 2033//1979 2034//1980 
f 2115//2061 2032//1978 2033//1979 
f 2114//2060 2031//1977 2032//1978 
f 2113//2059 2030//1976 2031//1977 
f 2112//2058 2029//1975 2030//1976 
f 2111//2057 2028//1974 2029//1975 
f 2111//2057 2110//2056 2027//1973 
f 2110//2056 2109//2055 2026//1972 
f 2109//2055 2108//2054 2025//1971 
f 2108//2054 2107//2053 2024//1970 
f 2107//2053 2106//2052 2023//1969 
f 2106//2052 2105//2051 2022//1968 
f 2105//2051 2104//2050 2021//1967 
f 2104//2050 2103//2049 2020//1966 
f 2103//2049 2102//2048 2019//1965 
f 2102//2048 2101//2047 2018//1964 
f 2101//2047 2100//2046 2017//1963 
f 2100//2046 2099//2045 2016//1962 
f 2099//2045 2098//2044 2015//1961 
f 2098//2044 2097//2043 2014//1960 
f 2097//2043 2096//2042 2013//1959 
f 2096//2042 2095//2041 2012//1958 
f 2095//2041 2094//2040 2011//1957 
f 2094//2040 2093//2039 2010//1956 
f 2093//2039 2092//2038 2009//1955 
f 2092//2038 2091//2037 2008//1954 
f 2091//2037 2090//2036 2007//1953 
f 2090//2036 2089//2035 2006//1952 
f 2089//2035 2088//2034 2005//1951 
f 2088//2034 2087//2033 2004//1950 
f 2087//2033 2086//2032 2003//1949 
f 2086//2032 2085//2031 2002//1948 
f 2085//2031 2084//2030 2001//1947 
f 2084//2030 2083//2029 2000//1946 
f 2083//2029 2082//2028 1999//1945 
f 2082//2028 2081//2027 1998//1944 
f 2081//2027 2080//2026 1997//1943 
f 2080//2026 2079//2025 1996//1942 
f 2079//2025 2078//2024 1995//1941 
f 2078//2024 2077//2023 1994//1940 
f 2077//2023 2076//2022 1993//1939 
f 2076//2022 2075//2021 1992//1938 
f 2075//2021 2074//2020 1991//1937 
f 2074//2020 2073//2019 1990//1936 
f 2073//2019 2072//2018 1989//1935 
f 2072//2018 2071//2017 1988//1934 
f 2071//2017 2153//2099 2070//2016 
f 2069//2015 1986//1932 1987//1933 
f 2068//2014 1985//1931 1986//1932 
f 2067//2013 1984//1930 1985//1931 
f 2066//2012 1983//1929 1984//1930 
f 2065//2011 1982//1928 1983//1929 
f 2064//2010 1981//1927 1982//1928 
f 2063//2009 1980//1926 1981//1927 
f 2062//2008 1979//1925 1980//1926 
f 2061//2007 1978//1924 1979//1925 
f 2060//2006 1977//1923 1978//1924 
f 2059//2005 1976//1922 1977//1923 
f 2058//2004 1975//1921 1976//1922 
f 2057//2003 1974//1920 1975//1921 
f 2056//2002 1973//1919 1974//1920 
f 2055//2001 1972//1918 1973//1919 
f 2054//2000 1971//1917 1972//1918 
f 2053//1999 1970//1916 1971//1917 
f 2052//1998 1969//1915 1970//1916 
f 2051//1997 1968//1914 1969//1915 
f 2050//1996 1967//1913 1968//1914 
f 2049//1995 1966//1912 1967//1913 
f 2048//1994 1965//1911 1966//1912 
f 2047//1993 1964//1910 1965//1911 
f 2046//1992 1963//1909 1964//1910 
f 2045//1991 1962//1908 1963//1909 
f 2044//1990 1961//1907 1962//1908 
f 2043//1989 1960//1906 1961//1907 
f 2042//1988 1959//1905 1960//1906 
f 2041//1987 1958//1904 1959//1905 
f 2040//1986 1957//1903 1958//1904 
f 2039//1985 1956//1902 1957//1903 
f 2038//1984 1955//1901 1956//1902 
f 2037//1983 1954//1900 1955//1901 
f 2036//1982 1953//1899 1954//1900 
f 2035//1981 1952//1898 1953//1899 
f 2034//1980 1951//1897 1952//1898 
f 2033//1979 1950//1896 1951//1897 
f 2032//1978 1949//1895 1950//1896 
f 2031//1977 1948//1894 1949//1895 
f 2030//1976 1947//1893 1948//1894 
f 2029//1975 1946//1892 1947//1893 
f 2028//1974 1945//1891 1946//1892 
f 2028//1974 2027//1973 1944//1890 
f 2027//1973 2026//1972 1943//1889 
f 2026//1972 2025//1971 1942//1888 
f 2025//1971 2024//1970 1941//1887 
f 2024//1970 2023//1969 1940//1886 
f 2023//1969 2022//1968 1939//1885 
f 2022//1968 2021//1967 1938//1884 
f 2021//1967 2020//1966 1937//1883 
f 2020//1966 2019//1965 1936//1882 
f 2019//1965 2018//1964 1935//1881 
f 2018//1964 2017//1963 1934//1880 
f 2017//1963 2016//1962 1933//1879 
f 2016//1962 2015//1961 1932//1878 
f 2015//1961 2014//1960 1931//1877 
f 2014//1960 2013//1959 1930//1876 
f 2013//1959 2012//1958 1929//1875 
f 2012//1958 2011//1957 1928//1874 
f 2011//1957 2010//1956 1927//1873 
f 2010//1956 2009//1955 1926//1872 
f 2009//1955 2008//1954 1925//1871 
f 2008//1954 2007//1953 1924//1870 
f 2007//1953 2006//1952 1923//1869 
f 2006//1952 2005//1951 1922//1868 
f 2005//1951 2004//1950 1921//1867 
f 2004//1950 2003//1949 1920//1866 
f 2003//1949 2002//1948 1919//1865 
f 2002//1948 2001//1947 1918//1864 
f 2001//1947 2000//1946 1917//1863 
f 2000//1946 1999//1945 1916//1862 
f 1999//1945 1998//1944 1915//1861 
f 1998//1944 1997//1943 1914//1860 
f 1997//1943 1996//1942 1913//1859 
f 1996//1942 1995//1941 1912//1858 
f 1995//1941 1994//1940 1911//1857 
f 1994//1940 1993//1939 1910//1856 
f 1993//1939 1992//1938 1909//1855 
f 1992//1938 1991//1937 1908//1854 
f 1991//1937 1990//1936 1907//1853 
f 1990//1936 1989//1935 1906//1852 
f 1989//1935 1988//1934 1905//1851 
f 1988//1934 2070//2016 1987//1933 
f 1986//1932 1903//1849 1904//1850 
f 1985//1931 1902//1848 1903//1849 
f 1984//1930 1901//1847 1902//1848 
f 1983//1929 1900//1846 1901//1847 
f 1982//1928 1899//1845 1900//1846 
f 1981//1927 1898//1844 1899//1845 
f 1980//1926 1897//1843 1898//1844 
f 1979//1925 1896//1842 1897//1843 
f 1978//1924 1895//1841 1896//1842 
f 1977//1923 1894//1840 1895//1841 
f 1976//1922 1893//1839 1894//1840 
f 1975//1921 1892//1838 1893//1839 
f 1974//1920 1891//1837 1892//1838 
f 1973//1919 1890//1836 1891//1837 
f 1972//1918 1889//1835 1890//1836 
f 1971//1917 1888//1834 1889//1835 
f 1970//1916 1887//1833 1888//1834 
f 1969//1915 1886//1832 1887//1833 
f 1968//1914 1885//1831 1886//1832 
f 1967//1913 1884//1830 1885//1831 
f 1966//1912 1883//1829 1884//1830 
f 1965//1911 1882//1828 1883//1829 
f 1964//1910 1881//1827 1882//1828 
f 1963//1909 1880//1826 1881//1827 
f 1962//1908 1879//1825 1880//1826 
f 1961//1907 1878//1824 1879//1825 
f 1960//1906 1877//1823 1878//1824 
f 1959//1905 1876//1822 1877//1823 
f 1958//1904 1875//1821 1876//1822 
f 1957//1903 1874//1820 1875//1821 
f 1956//1902 1873//1819 1874//1820 
f 1955//1901 1872//1818 1873//1819 
f 1954//1900 1871//1817 1872//1818 
f 1953//1899 1870//1816 1871//1817 
f 1952//1898 1869//1815 1870//1816 
f 1951//1897 1868//1814 1869//1815 
f 1950//1896 1867//1813 1868//1814 
f 1949//1895 1866//1812 1867//1813 
f 1948//1894 1865//1811 1866//1812 
f 1947//1893 1864//1810 1865//1811 
f 1946//1892 1863//1809 1864//1810 
f 1945//1891 1862//1808 1863//1809 
f 1945//1891 1944//1890 1861//1807 
f 1944//1890 1943//1889 1860//1806 
f 1943//1889 1942//1888 1859//1805 
f 1942//1888 1941//1887 1858//1804 
f 1941//1887 1940//1886 1857//1803 
f 1940//1886 1939//1885 1856//1802 
f 1939//1885 1938//1884 1855//1801 
f 1938//1884 1937//1883 1854//1800 
f 1937//1883 1936//1882 1853//1799 
f 1936//1882 1935//1881 1852//1798 
f 1935//1881 1934//1880 1851//1797 
f 1934//1880 1933//1879 1850//1796 
f 1933//1879 1932//1878 1849//1795 
f 1932//1878 1931//1877 1848//1794 
f 1931//1877 1930//1876 1847//1793 
f 1930//1876 1929//1875 1846//1792 
f 1929//1875 1928//1874 1845//1791 
f 1928//1874 1927//1873 1844//1790 
f 1927//1873 1926//1872 1843//1789 
f 1926//1872 1925//1871 1842//1788 
f 1925//1871 1924//1870 1841//1787 
f 1924//1870 1923//1869 1840//1786 
f 1923//1869 1922//1868 1839//1785 
f 1922//1868 1921//1867 1838//1784 
f 1921//1867 1920//1866 1837//1783 
f 1920//1866 1919//1865 1836//1782 
f 1919//1865 1918//1864 1835//1781 
f 1918//1864 1917//1863 1834//1780 
f 1917//1863 1916//1862 1833//1779 
f 1916//1862 1915//1861 1832//1778 
f 1915//1861 1914//1860 1831//1777 
f 1914//1860 1913//1859 1830//1776 
f 1913//1859 1912//1858 1829//1775 
f 1912//1858 1911//1857 1828//1774 
f 1911//1857 1910//1856 1827//1773 
f 1910//1856 1909//1855 1826//1772 
f 1909//1855 1908//1854 1825//1771 
f 1908//1854 1907//1853 1824//1770 
f 1907//1853 1906//1852 1823//1769 
f 1906//1852 1905//1851 1822//1768 
f 1905//1851 1987//1933 1904//1850 
f 1903//1849 1820//1766 1821//1767 
f 1902//1848 1819//1765 1820//1766 
f 1901//1847 1818//1764 1819//1765 
f 1900//1846 1817//1763 1818//1764 
f 1899//1845 1816//1762 1817//1763 
f 1898//1844 1815//1761 1816//1762 
f 1897//1843 1814//1760 1815//1761 
f 1896//1842 1813//1759 1814//1760 
f 1895//1841 1812//1758 1813//1759 
f 1894//1840 1811//1757 1812//1758 
f 1893//1839 1810//1756 1811//1757 
f 1892//1838 1809//1755 1810//1756 
f 1891//1837 1808//1754 1809//1755 
f 1890//1836 1807//1753 1808//1754 
f 1889//1835 1806//1752 1807//1753 
f 1888//1834 1805//1751 1806//1752 
f 1887//1833 1804//1750 1805//1751 
f 1886//1832 1803//1749 1804//1750 
f 1885//1831 1802//1748 1803//1749 
f 1884//1830 1801//1747 1802//1748 
f 1883//1829 1800//1746 1801//1747 
f 1882//1828 1799//1745 1800//1746 
f 1881//1827 1798//1744 1799//1745 
f 1880//1826 1797//1743 1798//1744 
f 1879//1825 1796//1742 1797//1743 
f 1878//1824 1795//1741 1796//1742 
f 1877//1823 1794//1740 1795//1741 
f 1876//1822 1793//1739 1794//1740 
f 1875//1821 1792//1738 1793//1739 
f 1874//1820 1791//1737 1792//1738 
f 1873//1819 1790//1736 1791//1737 
f 1872//1818 1789//1735 1790//1736 
f 1871//1817 1788//1734 1789//1735 
f 1870//1816 1787//1733 1788//1734 
f 1869//1815 1786//1732 1787//1733 
f 1868//1814 1785//1731 1786//1732 
f 1867//1813 1784//1730 1785//1731 
f 1866//1812 1783//1729 1784//1730 
f 1865//1811 1782//1728 1783//1729 
f 1864//1810 1781//1727 1782//1728 
f 1863//1809 1780//1726 1781//1727 
f 1862//1808 1779//1725 1780//1726 
f 1862//1808 1861//1807 1778//1724 
f 1861//1807 1860//1806 1777//1723 
f 1860//1806 1859//1805 1776//1722 
f 1859//1805 1858//1804 1775//1721 
f 1858//1804 1857//1803 1774//1720 
f 1857//1803 1856//1802 1773//1719 
f 1856//1802 1855//1801 1772//1718 
f 1855//1801 1854//1800 1771//1717 
f 1854//1800 1853//1799 1770//1716 
f 1853//1799 1852//1798 1769//1715 
f 1852//1798 1851//1797 1768//1714 
f 1851//1797 1850//1796 1767//1713 
f 1850//1796 1849//1795 1766//1712 
f 1849//1795 1848//1794 1765//1711 
f 1848//1794 1847//1793 1764//1710 
f 1847//1793 1846//1792 1763//1709 
f 1846//1792 1845//1791 1762//1708 
f 1845//1791 1844//1790 1761//1707 
f 1844//1790 1843//1789 1760//1706 
f 1843//1789 1842//1788 1759//1705 
f 1842//1788 1841//1787 1758//1704 
f 1841//1787 1840//1786 1757//1703 
f 1840//1786 1839//1785 1756//1702 
f 1839//1785 1838//1784 1755//1701 
f 1838//1784 1837//1783 1754//1700 
f 1837//1783 1836//1782 1753//1699 
f 1836//1782 1835//1781 1752//1698 
f 1835//1781 1834//1780 1751//1697 
f 1834//1780 1833//1779 1750//1696 
f 1833//1779 1832//1778 1749//1695 
f 1832//1778 1831//1777 1748//1694 
f 1831//1777 1830//1776 1747//1693 
f 1830//1776 1829//1775 1746//1692 
f 1829//1775 1828//1774 1745//1691 
f 1828//1774 1827//1773 1744//1690 
f 1827//1773 1826//1772 1743//1689 
f 1826//1772 1825//1771 1742//1688 
f 1825//1771 1824//1770 1741//1687 
f 1824//1770 1823//1769 1740//1686 
f 1823//1769 1822//1768 1739//1685 
f 1822//1768 1904//1850 1821//1767 
f 1820//1766 1737//1683 1738//1684 
f 1819//1765 1736//1682 1737//1683 
f 1818//1764 1735//1681 1736//1682 
f 1817//1763 1734//1680 1735//1681 
f 1816//1762 1733//1679 1734//1680 
f 1815//1761 1732//1678 1733//1679 
f 1814//1760 1731//1677 1732//1678 
f 1813//1759 1730//1676 1731//1677 
f 1812//1758 1729//1675 1730//1676 
f 1811//1757 1728//1674 1729//1675 
f 1810//1756 1727//1673 1728//1674 
f 1809//1755 1726//1672 1727//1673 
f 1808//1754 1725//1671 1726//1672 
f 1807//1753 1724//1670 1725//1671 
f 1806//1752 1723//1669 1724//1670 
f 1805//1751 1722//1668 1723//1669 
f 1804//1750 1721//1667 1722//1668 
f 1803//1749 1720//1666 1721//1667 
f 1802//1748 1719//1665 1720//1666 
f 1801//1747 1718//1664 1719//1665 
f 1800//1746 1717//1663 1718//1664 
f 1799//1745 1716//1662 1717//1663 
f 1798//1744 1715//1661 1716//1662 
f 1797//1743 1714//1660 1715//1661 
f 1796//1742 1713//1659 1714//1660 
f 1795//1741 1712//1658 1713//1659 
f 1794//1740 1711//1657 1712//1658 
f 1793//1739 1710//1656 1711//1657 
f 1792//1738 1709//1655 1710//1656 
f 1791//1737 1708//1654 1709//1655 
f 1790//1736 1707//1653 1708//1654 
f 1789//1735 1706//1652 1707//1653 
f 1788//1734 1705//1651 1706//1652 
f 1787//1733 1704//1650 1705//1651 
f 1786//1732 1703//1649 1704//1650 
f 1785//1731 1702//1648 1703//1649 
f 1784//1730 1701//1647 1702//1648 
f 1783//1729 1700//1646 1701//1647 
f 1782//1728 1699//1645 1700//1646 
f 1781//1727 1698//1644 1699//1645 
f 1780//1726 1697//1643 1698//1644 
f 1779//1725 1696//1642 1697//1643 
f 1779//1725 1778//1724 1695//1641 
f 1778//1724 1777//1723 1694//1640 
f 1777//1723 1776//1722 1693//1639 
f 1776//1722 1775//1721 1692//1638 
f 1775//1721 1774//1720 1691//1637 
f 1774//1720 1773//1719 1690//1636 
f 1773//1719 1772//1718 1689//1635 
f 1772//1718 1771//1717 1688//1634 
f 1771//1717 1770//1716 1687//1633 
f 1770//1716 1769//1715 1686//1632 
f 1769//1715 1768//1714 1685//1631 
f 1768//1714 1767//1713 1684//1630 
f 1767//1713 1766//1712 1683//1629 
f 1766//1712 1765//1711 1682//1628 
f 1765//1711 1764//1710 1681//1627 
f 1764//1710 1763//1709 1680//1626 
f 1763//1709 1762//1708 1679//1625 
f 1762//1708 1761//1707 1678//1624 
f 1761//1707 1760//1706 1677//1623 
f 1760//1706 1759//1705 1676//1622 
f 1759//1705 1758//1704 1675//1621 
f 1758//1704 1757//1703 1674//1620 
f 1757//1703 1756//1702 1673//1619 
f 1756//1702 1755//1701 1672//1618 
f 1755//1701 1754//1700 1671//1617 
f 1754//1700 1753//1699 1670//1616 
f 1753//1699 1752//1698 1669//1615 
f 1752//1698 1751//1697 1668//1614 
f 1751//1697 1750//1696 1667//1613 
f 1750//1696 1749//1695 1666//1612 
f 1749//1695 1748//1694 1665//1611 
f 1748//1694 1747//1693 1664//1610 
f 1747//1693 1746//1692 1663//1609 
f 1746//1692 1745//1691 1662//1608 
f 1745//1691 1744//1690 1661//1607 
f 1744//1690 1743//1689 1660//1606 
f 1743//1689 1742//1688 1659//1605 
f 1742//1688 1741//1687 1658//1604 
f 1741//1687 1740//1686 1657//1603 
f 1740//1686 1739//1685 1656//1602 
f 1739//1685 1821//1767 1738//1684 
f 1737//1683 1654//1600 1655//1601 
f 1736//1682 1653//1599 1654//1600 
f 1735//1681 1652//1598 1653//1599 
f 1734//1680 1651//1597 1652//1598 
f 1733//1679 1650//1596 1651//1597 
f 1732//1678 1649//1595 1650//1596 
f 1731//1677 1648//1594 1649//1595 
f 1730//1676 1647//1593 1648//1594 
f 1729//1675 1646//1592 1647//1593 
f 1728//1674 1645//1591 1646//1592 
f 1727//1673 1644//1590 1645//1591 
f 1726//1672 1643//1589 1644//1590 
f 1725//1671 1642//1588 1643//1589 
f 1724//1670 1641//1587 1642//1588 
f 1723//1669 1640//1586 1641//1587 
f 1722//1668 1639//1585 1640//1586 
f 1721//1667 1638//1584 1639//1585 
f 1720//1666 1637//1583 1638//1584 
f 1719//1665 1636//1582 1637//1583 
f 1718//1664 1635//1581 1636//1582 
f 1717//1663 1634//1580 1635//1581 
f 1716//1662 1633//1579 1634//1580 
f 1715//1661 1632//1578 1633//1579 
f 1714//1660 1631//1577 1632//1578 
f 1713//1659 1630//1576 1631//1577 
f 1712//1658 1629//1575 1630//1576 
f 1711//1657 1628//1574 1629//1575 
f 1710//1656 1627//1573 1628//1574 
f 1709//1655 1626//1572 1627//1573 
f 1708//1654 1625//1571 1626//1572 
f 1707//1653 1624//1570 1625//1571 
f 1706//1652 1623//1569 1624//1570 
f 1705//1651 1622//1568 1623//1569 
f 1704//1650 1621//1567 1622//1568 
f 1703//1649 1620//1566 1621//1567 
f 1702//1648 1619//1565 1620//1566 
f 1701//1647 1618//1564 1619//1565 
f 1700//1646 1617//1563 1618//1564 
f 1699//1645 1616//1562 1617//1563 
f 1698//1644 1615//1561 1616//1562 
f 1697//1643 1614//1560 1615//1561 
f 1696//1642 1613//1559 1614//1560 
f 1696//1642 1695//1641 1612//1558 
f 1695//1641 1694//1640 1611//1557 
f 1694//1640 1693//1639 1610//1556 
f 1693//1639 1692//1638 1609//1555 
f 1692//1638 1691//1637 1608//1554 
f 1691//1637 1690//1636 1607//1553 
f 1690//1636 1689//1635 1606//1552 
f 1689//1635 1688//1634 1605//1551 
f 1688//1634 1687//1633 1604//1550 
f 1687//1633 1686//1632 1603//1549 
f 1686//1632 1685//1631 1602//1548 
f 1685//1631 1684//1630 1601//1547 
f 1684//1630 1683//1629 1600//1546 
f 1683//1629 1682//1628 1599//1545 
f 1682//1628 1681//1627 1598//1544 
f 1681//1627 1680//1626 1597//1543 
f 1680//1626 1679//1625 1596//1542 
f 1679//1625 1678//1624 1595//1541 
f 1678//1624 1677//1623 1594//1540 
f 1677//1623 1676//1622 1593//1539 
f 1676//1622 1675//1621 1592//1538 
f 1675//1621 1674//1620 1591//1537 
f 1674//1620 1673//1619 1590//1536 
f 1673//1619 1672//1618 1589//1535 
f 1672//1618 1671//1617 1588//1534 
f 1671//1617 1670//1616 1587//1533 
f 1670//1616 1669//1615 1586//1532 
f 1669//1615 1668//1614 1585//1531 
f 1668//1614 1667//1613 1584//1530 
f 1667//1613 1666//1612 1583//1529 
f 1666//1612 1665//1611 1582//1528 
f 1665//1611 1664//1610 1581//1527 
f 1664//1610 1663//1609 1580//1526 
f 1663//1609 1662//1608 1579//1525 
f 1662//1608 1661//1607 1578//1524 
f 1661//1607 1660//1606 1577//1523 
f 1660//1606 1659//1605 1576//1522 
f 1659//1605 1658//1604 1575//1521 
f 1658//1604 1657//1603 1574//1520 
f 1657//1603 1656//1602 1573//1519 
f 1656//1602 1738//1684 1655//1601 
f 1654//1600 1571//1517 1572//1518 
f 1653//1599 1570//1516 1571//1517 
f 1652//1598 1569//1515 1570//1516 
f 1651//1597 1568//1514 1569//1515 
f 1650//1596 1567//1513 1568//1514 
f 1649//1595 1566//1512 1567//1513 
f 1648//1594 1565//1511 1566//1512 
f 1647//1593 1564//1510 1565//1511 
f 1646//1592 1563//1509 1564//1510 
f 1645//1591 1562//1508 1563//1509 
f 1644//1590 1561//1507 1562//1508 
f 1643//1589 1560//1506 1561//1507 
f 1642//1588 1559//1505 1560//1506 
f 1641//1587 1558//1504 1559//1505 
f 1640//1586 1557//1503 1558//1504 
f 1639//1585 1556//1502 1557//1503 
f 1638//1584 1555//1501 1556//1502 
f 1637//1583 1554//1500 1555//1501 
f 1636//1582 1553//1499 1554//1500 
f 1635//1581 1552//1498 1553//1499 
f 1634//1580 1551//1497 1552//1498 
f 1633//1579 1550//1496 1551//1497 
f 1632//1578 1549//1495 1550//1496 
f 1631//1577 1548//1494 1549//1495 
f 1630//1576 1547//1493 1548//1494 
f 1629//1575 1546//1492 1547//1493 
f 1628//1574 1545//1491 1546//1492 
f 1627//1573 1544//1490 1545//1491 
f 1626//1572 1543//1489 1544//1490 
f 1625//1571 1542//1488 1543//1489 
f 1624//1570 1541//1487 1542//1488 
f 1623//1569 1540//1486 1541//1487 
f 1622//1568 1539//1485 1540//1486 
f 1621//1567 1538//1484 1539//1485 
f 1620//1566 1537//1483 1538//1484 
f 1619//1565 1536//1482 1537//1483 
f 1618//1564 1535//1481 1536//1482 
f 1617//1563 1534//1480 1535//1481 
f 1616//1562 1533//1479 1534//1480 
f 1615//1561 1532//1478 1533//1479 
f 1614//1560 1531//1477 1532//1478 
f 1613//1559 1530//1476 1531//1477 
f 1613//1559 1612//1558 1529//1475 
f 1612//1558 1611//1557 1528//1474 
f 1611//1557 1610//1556 1527//1473 
f 1610//1556 1609//1555 1526//1472 
f 1609//1555 1608//1554 1525//1471 
f 1608//1554 1607//1553 1524//1470 
f 1607//1553 1606//1552 1523//1469 
f 1606//1552 1605//1551 1522//1468 
f 1605//1551 1604//1550 1521//1467 
f 1604//1550 1603//1549 1520//1466 
f 1603//1549 1602//1548 1519//1465 
f 1602//1548 1601//1547 1518//1464 
f 1601//1547 1600//1546 1517//1463 
f 1600//1546 1599//1545 1516//1462 
f 1599//1545 1598//1544 1515//1461 
f 1598//1544 1597//1543 1514//1460 
f 1597//1543 1596//1542 1513//1459 
f 1596//1542 1595//1541 1512//1458 
f 1595//1541 1594//1540 1511//1457 
f 1594//1540 1593//1539 1510//1456 
f 1593//1539 1592//1538 1509//1455 
f 1592//1538 1591//1537 1508//1454 
f 1591//1537 1590//1536 1507//1453 
f 1590//1536 1589//1535 1506//1452 
f 1589//1535 1588//1534 1505//1451 
f 1588//1534 1587//1533 1504//1450 
f 1587//1533 1586//1532 1503//1449 
f 1586//1532 1585//1531 1502//1448 
f 1585//1531 1584//1530 1501//1447 
f 1584//1530 1583//1529 1500//1446 
f 1583//1529 1582//1528 1499//1445 
f 1582//1528 1581//1527 1498//1444 
f 1581//1527 1580//1526 1497//1443 
f 1580//1526 1579//1525 1496//1442 
f 1579//1525 1578//1524 1495//1441 
f 1578//1524 1577//1523 1493//1439 
f 1577//1523 1576//1522 1492//1438 
f 1576//1522 1575//1521 1491//1437 
f 1575//1521 1574//1520 1490//1436 
f 1574//1520 1573//1519 1489//1435 
f 1573//1519 1655//1601 1572//1518 
f 1571//1517 1487//1433 1488//1434 
f 1570//1516 1485//1431 1487//1433 
f 1569//1515 1482//1428 1485//1431 
f 1568//1514 1483//1429 1482//1428 
f 1567//1513 1479//1425 1483//1429 
f 1566//1512 1478//1424 1479//1425 
f 1565//1511 1477//1423 1478//1424 
f 1564//1510 1476//1422 1477//1423 
f 1563//1509 1475//1421 1476//1422 
f 1562//1508 1474//1420 1475//1421 
f 1561//1507 1473//1419 1474//1420 
f 1560//1506 1472//1418 1473//1419 
f 1559//1505 1471//1417 1472//1418 
f 1558//1504 1470//1416 1471//1417 
f 1557//1503 1469//1415 1470//1416 
f 1556//1502 1468//1414 1469//1415 
f 1555//1501 1467//1413 1468//1414 
f 1554//1500 1466//1412 1467//1413 
f 1553//1499 1465//1411 1466//1412 
f 1552//1498 1464//1410 1465//1411 
f 1551//1497 1463//1409 1464//1410 
f 1550//1496 1462//1408 1463//1409 
f 1549//1495 1461//1407 1462//1408 
f 1548//1494 1460//1406 1461//1407 
f 1547//1493 1459//1405 1460//1406 
f 1546//1492 1458//1404 1459//1405 
f 1545//1491 1457//1403 1458//1404 
f 1544//1490 1456//1402 1457//1403 
f 1543//1489 1455//1401 1456//1402 
f 1542//1488 1454//1400 1455//1401 
f 1541//1487 1453//1399 1454//1400 
f 1540//1486 1452//1398 1453//1399 
f 1539//1485 1451//1397 1452//1398 
f 1538//1484 1450//1396 1451//1397 
f 1537//1483 1448//1394 1450//1396 
f 1536//1482 1449//1395 1448//1394 
f 1535//1481 1445//1391 1449//1395 
f 1534//1480 1444//1390 1445//1391 
f 1533//1479 1443//1389 1444//1390 
f 1532//1478 1442//1388 1443//1389 
f 1531//1477 1441//1387 1442//1388 
f 1530//1476 1440//1386 1441//1387 
f 1530//1476 1529//1475 1439//1385 
f 1529//1475 1528//1474 1438//1384 
f 1528//1474 1527//1473 1437//1383 
f 1527//1473 1526//1472 1436//1382 
f 1526//1472 1525//1471 1435//1381 
f 1525//1471 1524//1470 1434//1380 
f 1524//1470 1523//1469 1433//1379 
f 1523//1469 1522//1468 1432//1378 
f 1522//1468 1521//1467 1431//1377 
f 1521//1467 1520//1466 1430//1376 
f 1520//1466 1519//1465 1429//1375 
f 1519//1465 1518//1464 1428//1374 
f 1518//1464 1517//1463 1427//1373 
f 1517//1463 1516//1462 1426//1372 
f 1516//1462 1515//1461 1425//1371 
f 1515//1461 1514//1460 1424//1370 
f 1514//1460 1513//1459 1423//1369 
f 1513//1459 1512//1458 1422//1368 
f 1512//1458 1511//1457 1421//1367 
f 1511//1457 1510//1456 1420//1366 
f 1510//1456 1509//1455 1419//1365 
f 1509//1455 1508//1454 1418//1364 
f 1508//1454 1507//1453 1417//1363 
f 1507//1453 1506//1452 1416//1362 
f 1506//1452 1505//1451 1415//1361 
f 1505//1451 1504//1450 1414//1360 
f 1504//1450 1503//1449 1413//1359 
f 1503//1449 1502//1448 1412//1358 
f 1502//1448 1501//1447 1411//1357 
f 1501//1447 1500//1446 1410//1356 
f 1500//1446 1499//1445 1409//1355 
f 1499//1445 1498//1444 1408//1354 
f 1498//1444 1497//1443 1407//1353 
f 1497//1443 1496//1442 1406//1352 
f 1496//1442 1495//1441 1494//1440 
f 1495//1441 1493//1439 1403//1349 
f 1493//1439 1492//1438 1402//1348 
f 1492//1438 1491//1437 1400//1346 
f 1491//1437 1490//1436 1398//1344 
f 1490//1436 1489//1435 1396//1342 
f 1489//1435 1572//1518 1488//1434 
f 1486//1432 1392//1338 1393//1339 
f 1485//1431 1484//1430 1486//1432 
f 1482//1428 1481//1427 1484//1430 
f 1483//1429 1480//1426 1481//1427 
f 1480//1426 1483//1429 1479//1425 
f 1478//1424 1387//1333 1388//1334 
f 1477//1423 1386//1332 1387//1333 
f 1476//1422 1385//1331 1386//1332 
f 1475//1421 1384//1330 1385//1331 
f 1474//1420 1383//1329 1384//1330 
f 1473//1419 1382//1328 1383//1329 
f 1472//1418 1381//1327 1382//1328 
f 1471//1417 1380//1326 1381//1327 
f 1470//1416 1379//1325 1380//1326 
f 1469//1415 1378//1324 1379//1325 
f 1468//1414 1377//1323 1378//1324 
f 1467//1413 1376//1322 1377//1323 
f 1466//1412 1375//1321 1376//1322 
f 1465//1411 1374//1320 1375//1321 
f 1464//1410 1373//1319 1374//1320 
f 1463//1409 1372//1318 1373//1319 
f 1462//1408 1371//1317 1372//1318 
f 1461//1407 1370//1316 1371//1317 
f 1460//1406 1369//1315 1370//1316 
f 1459//1405 1368//1314 1369//1315 
f 1458//1404 1367//1313 1368//1314 
f 1457//1403 1366//1312 1367//1313 
f 1456//1402 1365//1311 1366//1312 
f 1455//1401 1364//1310 1365//1311 
f 1454//1400 1363//1309 1364//1310 
f 1453//1399 1362//1308 1363//1309 
f 1452//1398 1361//1307 1362//1308 
f 1451//1397 1360//1306 1361//1307 
f 1450//1396 1359//1305 1360//1306 
f 1447//1393 1358//1304 1359//1305 
f 1449//1395 1446//1392 1447//1393 
f 1446//1392 1449//1395 1445//1391 
f 1444//1390 1355//1301 1356//1302 
f 1443//1389 1354//1300 1355//1301 
f 1442//1388 1353//1299 1354//1300 
f 1441//1387 1352//1298 1353//1299 
f 1440//1386 1351//1297 1352//1298 
f 1440//1386 1439//1385 1350//1296 
f 1439//1385 1438//1384 1349//1295 
f 1438//1384 1437//1383 1348//1294 
f 1437//1383 1436//1382 1347//1293 
f 1436//1382 1435//1381 1346//1292 
f 1435//1381 1434//1380 1345//1291 
f 1434//1380 1433//1379 1344//1290 
f 1433//1379 1432//1378 1343//1289 
f 1432//1378 1431//1377 1342//1288 
f 1431//1377 1430//1376 1341//1287 
f 1430//1376 1429//1375 1340//1286 
f 1429//1375 1428//1374 1339//1285 
f 1428//1374 1427//1373 1338//1284 
f 1427//1373 1426//1372 1337//1283 
f 1426//1372 1425//1371 1336//1282 
f 1425//1371 1424//1370 1335//1281 
f 1424//1370 1423//1369 1334//1280 
f 1423//1369 1422//1368 1333//1279 
f 1422//1368 1421//1367 1332//1278 
f 1421//1367 1420//1366 1331//1277 
f 1420//1366 1419//1365 1330//1276 
f 1419//1365 1418//1364 1329//1275 
f 1418//1364 1417//1363 1328//1274 
f 1417//1363 1416//1362 1327//1273 
f 1416//1362 1415//1361 1326//1272 
f 1415//1361 1414//1360 1325//1271 
f 1414//1360 1413//1359 1324//1270 
f 1413//1359 1412//1358 1323//1269 
f 1412//1358 1411//1357 1322//1268 
f 1411//1357 1410//1356 1321//1267 
f 1410//1356 1409//1355 1320//1266 
f 1409//1355 1408//1354 1319//1265 
f 1408//1354 1407//1353 1318//1264 
f 1405//1351 1317//1263 1318//1264 
f 1406//1352 1494//1440 1404//1350 
f 1404//1350 1494//1440 1403//1349 
f 1401//1347 1314//1260 1315//1261 
f 1402//1348 1400//1346 1399//1345 
f 1400//1346 1398//1344 1397//1343 
f 1398//1344 1396//1342 1395//1341 
f 1396//1342 1488//1434 1394//1340 
f 1392//1338 1309//1255 1310//1256 
f 1391//1337 1308//1254 1309//1255 
f 1390//1336 1307//1253 1308//1254 
f 1389//1335 1306//1252 1307//1253 
f 1388//1334 1305//1251 1306//1252 
f 1387//1333 1304//1250 1305//1251 
f 1386//1332 1303//1249 1304//1250 
f 1385//1331 1302//1248 1303//1249 
f 1384//1330 1301//1247 1302//1248 
f 1383//1329 1300//1246 1301//1247 
f 1382//1328 1299//1245 1300//1246 
f 1381//1327 1298//1244 1299//1245 
f 1380//1326 1297//1243 1298//1244 
f 1379//1325 1296//1242 1297//1243 
f 1378//1324 1295//1241 1296//1242 
f 1377//1323 1294//1240 1295//1241 
f 1376//1322 1293//1239 1294//1240 
f 1375//1321 1292//1238 1293//1239 
f 1374//1320 1291//1237 1292//1238 
f 1373//1319 1290//1236 1291//1237 
f 1372//1318 1289//1235 1290//1236 
f 1371//1317 1288//1234 1289//1235 
f 1370//1316 1287//1233 1288//1234 
f 1369//1315 1286//1232 1287//1233 
f 1368//1314 1285//1231 1286//1232 
f 1367//1313 1284//1230 1285//1231 
f 1366//1312 1283//1229 1284//1230 
f 1365//1311 1282//1228 1283//1229 
f 1364//1310 1281//1227 1282//1228 
f 1363//1309 1280//1226 1281//1227 
f 1362//1308 1279//1225 1280//1226 
f 1361//1307 1278//1224 1279//1225 
f 1360//1306 1277//1223 1278//1224 
f 1359//1305 1276//1222 1277//1223 
f 1358//1304 1275//1221 1276//1222 
f 1357//1303 1274//1220 1275//1221 
f 1356//1302 1273//1219 1274//1220 
f 1355//1301 1272//1218 1273//1219 
f 1354//1300 1271//1217 1272//1218 
f 1353//1299 1270//1216 1271//1217 
f 1352//1298 1269//1215 1270//1216 
f 1351//1297 1268//1214 1269//1215 
f 1351//1297 1350//1296 1267//1213 
f 1350//1296 1349//1295 1266//1212 
f 1349//1295 1348//1294 1265//1211 
f 1348//1294 1347//1293 1264//1210 
f 1347//1293 1346//1292 1263//1209 
f 1346//1292 1345//1291 1262//1208 
f 1345//1291 1344//1290 1261//1207 
f 1344//1290 1343//1289 1260//1206 
f 1343//1289 1342//1288 1259//1205 
f 1342//1288 1341//1287 1258//1204 
f 1341//1287 1340//1286 1257//1203 
f 1340//1286 1339//1285 1256//1202 
f 1339//1285 1338//1284 1255//1201 
f 1338//1284 1337//1283 1254//1200 
f 1337//1283 1336//1282 1253//1199 
f 1336//1282 1335//1281 1252//1198 
f 1335//1281 1334//1280 1251//1197 
f 1334//1280 1333//1279 1250//1196 
f 1333//1279 1332//1278 1249//1195 
f 1332//1278 1331//1277 1248//1194 
f 1331//1277 1330//1276 1247//1193 
f 1330//1276 1329//1275 1246//1192 
f 1329//1275 1328//1274 1245//1191 
f 1328//1274 1327//1273 1244//1190 
f 1327//1273 1326//1272 1243//1189 
f 1326//1272 1325//1271 1242//1188 
f 1325//1271 1324//1270 1241//1187 
f 1324//1270 1323//1269 1240//1186 
f 1323//1269 1322//1268 1239//1185 
f 1322//1268 1321//1267 1238//1184 
f 1321//1267 1320//1266 1237//1183 
f 1320//1266 1319//1265 1236//1182 
f 1319//1265 1318//1264 1235//1181 
f 1318//1264 1317//1263 1234//1180 
f 1317//1263 1316//1262 1233//1179 
f 1316//1262 1315//1261 1232//1178 
f 1315//1261 1314//1260 1231//1177 
f 1314//1260 1313//1259 1230//1176 
f 1313//1259 1312//1258 1229//1175 
f 1312//1258 1311//1257 1228//1174 
f 1311//1257 1393//1339 1310//1256 
f 1309//1255 1226//1172 1227//1173 
f 1308//1254 1225//1171 1226//1172 
f 1307//1253 1224//1170 1225//1171 
f 1306//1252 1223//1169 1224//1170 
f 1305//1251 1222//1168 1223//1169 
f 1304//1250 1221//1167 1222//1168 
f 1303//1249 1220//1166 1221//1167 
f 1302//1248 1219//1165 1220//1166 
f 1301//1247 1218//1164 1219//1165 
f 1300//1246 1217//1163 1218//1164 
f 1299//1245 1216//1162 1217//1163 
f 1298//1244 1215//1161 1216//1162 
f 1297//1243 1214//1160 1215//1161 
f 1296//1242 1213//1159 1214//1160 
f 1295//1241 1212//1158 1213//1159 
f 1294//1240 1211//1157 1212//1158 
f 1293//1239 1210//1156 1211//1157 
f 1292//1238 1209//1155 1210//1156 
f 1291//1237 1208//1154 1209//1155 
f 1290//1236 1207//1153 1208//1154 
f 1289//1235 1206//1152 1207//1153 
f 1288//1234 1205//1151 1206//1152 
f 1287//1233 1204//1150 1205//1151 
f 1286//1232 1203//1149 1204//1150 
f 1285//1231 1202//1148 1203//1149 
f 1284//1230 1201//1147 1202//1148 
f 1283//1229 1200//1146 1201//1147 
f 1282//1228 1199//1145 1200//1146 
f 1281//1227 1198//1144 1199//1145 
f 1280//1226 1197//1143 1198//1144 
f 1279//1225 1196//1142 1197//1143 
f 1278//1224 1195//1141 1196//1142 
f 1277//1223 1194//1140 1195//1141 
f 1276//1222 1193//1139 1194//1140 
f 1275//1221 1192//1138 1193//1139 
f 1274//1220 1191//1137 1192//1138 
f 1273//1219 1190//1136 1191//1137 
f 1272//1218 1189//1135 1190//1136 
f 1271//1217 1188//1134 1189//1135 
f 1270//1216 1187//1133 1188//1134 
f 1269//1215 1186//1132 1187//1133 
f 1268//1214 1185//1131 1186//1132 
f 1268//1214 1267//1213 1184//1130 
f 1267//1213 1266//1212 1183//1129 
f 1266//1212 1265//1211 1182//1128 
f 1265//1211 1264//1210 1181//1127 
f 1264//1210 1263//1209 1180//1126 
f 1263//1209 1262//1208 1179//1125 
f 1262//1208 1261//1207 1178//1124 
f 1261//1207 1260//1206 1177//1123 
f 1260//1206 1259//1205 1176//1122 
f 1259//1205 1258//1204 1175//1121 
f 1258//1204 1257//1203 1174//1120 
f 1257//1203 1256//1202 1173//1119 
f 1256//1202 1255//1201 1172//1118 
f 1255//1201 1254//1200 1171//1117 
f 1254//1200 1253//1199 1170//1116 
f 1253//1199 1252//1198 1169//1115 
f 1252//1198 1251//1197 1168//1114 
f 1251//1197 1250//1196 1167//1113 
f 1250//1196 1249//1195 1166//1112 
f 1249//1195 1248//1194 1165//1111 
f 1248//1194 1247//1193 1164//1110 
f 1247//1193 1246//1192 1163//1109 
f 1246//1192 1245//1191 1162//1108 
f 1245//1191 1244//1190 1161//1107 
f 1244//1190 1243//1189 1160//1106 
f 1243//1189 1242//1188 1159//1105 
f 1242//1188 1241//1187 1158//1104 
f 1241//1187 1240//1186 1157//1103 
f 1240//1186 1239//1185 1156//1102 
f 1239//1185 1238//1184 1155//1101 
f 1238//1184 1237//1183 1154//1100 
f 1237//1183 1236//1182 1153//1099 
f 1236//1182 1235//1181 1152//1098 
f 1235//1181 1234//1180 1151//1097 
f 1234//1180 1233//1179 1150//1096 
f 1233//1179 1232//1178 1149//1095 
f 1232//1178 1231//1177 1148//1094 
f 1231//1177 1230//1176 1147//1093 
f 1230//1176 1229//1175 1146//1092 
f 1229//1175 1228//1174 1145//1091 
f 1228//1174 1310//1256 1227//1173 
f 1226//1172 1143//1089 1144//1090 
f 1225//1171 1142//1088 1143//1089 
f 1224//1170 1141//1087 1142//1088 
f 1223//1169 1140//1086 1141//1087 
f 1222//1168 1139//1085 1140//1086 
f 1221//1167 1138//1084 1139//1085 
f 1220//1166 1137//1083 1138//1084 
f 1219//1165 1136//1082 1137//1083 
f 1218//1164 1135//1081 1136//1082 
f 1217//1163 1134//1080 1135//1081 
f 1216//1162 1133//1079 1134//1080 
f 1215//1161 1132//1078 1133//1079 
f 1214//1160 1131//1077 1132//1078 
f 1213//1159 1130//1076 1131//1077 
f 1212//1158 1129//1075 1130//1076 
f 1211//1157 1128//1074 1129//1075 
f 1210//1156 1127//1073 1128//1074 
f 1209//1155 1126//1072 1127//1073 
f 1208//1154 1125//1071 1126//1072 
f 1207//1153 1124//1070 1125//1071 
f 1206//1152 1123//1069 1124//1070 
f 1205//1151 1122//1068 1123//1069 
f 1204//1150 1121//1067 1122//1068 
f 1203//1149 1120//1066 1121//1067 
f 1202//1148 1119//1065 1120//1066 
f 1201//1147 1118//1064 1119//1065 
f 1200//1146 1117//1063 1118//1064 
f 1199//1145 1116//1062 1117//1063 
f 1198//1144 1115//1061 1116//1062 
f 1197//1143 1114//1060 1115//1061 
f 1196//1142 1113//1059 1114//1060 
f 1195//1141 1112//1058 1113//1059 
f 1194//1140 1111//1057 1112//1058 
f 1193//1139 1110//1056 1111//1057 
f 1192//1138 1109//1055 1110//1056 
f 1191//1137 1108//1054 1109//1055 
f 1190//1136 1107//1053 1108//1054 
f 1189//1135 1106//1052 1107//1053 
f 1188//1134 1105//1051 1106//1052 
f 1187//1133 1104//1050 1105//1051 
f 1186//1132 1103//1049 1104//1050 
f 1185//1131 1102//1048 1103//1049 
f 1185//1131 1184//1130 1101//1047 
f 1184//1130 1183//1129 1100//1046 
f 1183//1129 1182//1128 1099//1045 
f 1182//1128 1181//1127 1098//1044 
f 1181//1127 1180//1126 1097//1043 
f 1180//1126 1179//1125 1096//1042 
f 1179//1125 1178//1124 1095//1041 
f 1178//1124 1177//1123 1094//1040 
f 1177//1123 1176//1122 1093//1039 
f 1176//1122 1175//1121 1092//1038 
f 1175//1121 1174//1120 1091//1037 
f 1174//1120 1173//1119 1090//1036 
f 1173//1119 1172//1118 1089//1035 
f 1172//1118 1171//1117 1088//1034 
f 1171//1117 1170//1116 1087//1033 
f 1170//1116 1169//1115 1086//1032 
f 1169//1115 1168//1114 1085//1031 
f 1168//1114 1167//1113 1084//1030 
f 1167//1113 1166//1112 1083//1029 
f 1166//1112 1165//1111 1082//1028 
f 1165//1111 1164//1110 1081//1027 
f 1164//1110 1163//1109 1080//1026 
f 1163//1109 1162//1108 1079//1025 
f 1162//1108 1161//1107 1078//1024 
f 1161//1107 1160//1106 1077//1023 
f 1160//1106 1159//1105 1076//1022 
f 1159//1105 1158//1104 1075//1021 
f 1158//1104 1157//1103 1074//1020 
f 1157//1103 1156//1102 1073//1019 
f 1156//1102 1155//1101 1072//1018 
f 1155//1101 1154//1100 1071//1017 
f 1154//1100 1153//1099 1070//1016 
f 1153//1099 1152//1098 1069//1015 
f 1152//1098 1151//1097 1068//1014 
f 1151//1097 1150//1096 1067//1013 
f 1150//1096 1149//1095 1066//1012 
f 1149//1095 1148//1094 1065//1011 
f 1148//1094 1147//1093 1064//1010 
f 1147//1093 1146//1092 1063//1009 
f 1146//1092 1145//1091 1062//1008 
f 1145//1091 1227//1173 1144//1090 
f 1143//1089 1060//1006 1061//1007 
f 1142//1088 1058//1004 1060//1006 
f 1141//1087 1056//1002 1058//1004 
f 1140//1086 1054//1000 1056//1002 
f 1139//1085 1051//997 1054//1000 
f 1138//1084 1052//998 1051//997 
f 1137//1083 1048//994 1052//998 
f 1136//1082 1047//993 1048//994 
f 1135//1081 1046//992 1047//993 
f 1134//1080 1045//991 1046//992 
f 1133//1079 1044//990 1045//991 
f 1132//1078 1043//989 1044//990 
f 1131//1077 1042//988 1043//989 
f 1130//1076 1041//987 1042//988 
f 1129//1075 1040//986 1041//987 
f 1128//1074 1039//985 1040//986 
f 1127//1073 1038//984 1039//985 
f 1126//1072 1037//983 1038//984 
f 1125//1071 1036//982 1037//983 
f 1124//1070 1035//981 1036//982 
f 1123//1069 1034//980 1035//981 
f 1122//1068 1033//979 1034//980 
f 1121//1067 1032//978 1033//979 
f 1120//1066 1031//977 1032//978 
f 1119//1065 1030//976 1031//977 
f 1118//1064 1029//975 1030//976 
f 1117//1063 1028//974 1029//975 
f 1116//1062 1027//973 1028//974 
f 1115//1061 1026//972 1027//973 
f 1114//1060 1025//971 1026//972 
f 1113//1059 1024//970 1025//971 
f 1112//1058 1023//969 1024//970 
f 1111//1057 1022//968 1023//969 
f 1110//1056 1021//967 1022//968 
f 1109//1055 1020//966 1021//967 
f 1108//1054 1019//965 1020//966 
f 1107//1053 1018//964 1019//965 
f 1106//1052 1017//963 1018//964 
f 1105//1051 1016//962 1017//963 
f 1104//1050 1015//961 1016//962 
f 1103//1049 1014//960 1015//961 
f 1102//1048 1013//959 1014//960 
f 1102//1048 1101//1047 1012//958 
f 1101//1047 1100//1046 1011//957 
f 1100//1046 1099//1045 1010//956 
f 1099//1045 1098//1044 1009//955 
f 1098//1044 1097//1043 1008//954 
f 1097//1043 1096//1042 1007//953 
f 1096//1042 1095//1041 1006//952 
f 1095//1041 1094//1040 1005//951 
f 1094//1040 1093//1039 1004//950 
f 1093//1039 1092//1038 1003//949 
f 1092//1038 1091//1037 1002//948 
f 1091//1037 1090//1036 1001//947 
f 1090//1036 1089//1035 1000//946 
f 1089//1035 1088//1034 999//945 
f 1088//1034 1087//1033 998//944 
f 1087//1033 1086//1032 997//943 
f 1086//1032 1085//1031 996//942 
f 1085//1031 1084//1030 995//941 
f 1084//1030 1083//1029 994//940 
f 1083//1029 1082//1028 993//939 
f 1082//1028 1081//1027 992//938 
f 1081//1027 1080//1026 991//937 
f 1080//1026 1079//1025 990//936 
f 1079//1025 1078//1024 989//935 
f 1078//1024 1077//1023 988//934 
f 1077//1023 1076//1022 987//933 
f 1076//1022 1075//1021 986//932 
f 1075//1021 1074//1020 985//931 
f 1074//1020 1073//1019 984//930 
f 1073//1019 1072//1018 983//929 
f 1072//1018 1071//1017 982//928 
f 1071//1017 1070//1016 981//927 
f 1070//1016 1069//1015 980//926 
f 1069//1015 1068//1014 978//924 
f 1068//1014 1067//1013 976//922 
f 1067//1013 1066//1012 974//920 
f 1066//1012 1065//1011 972//918 
f 1065//1011 1064//1010 970//916 
f 1064//1010 1063//1009 968//914 
f 1063//1009 1062//1008 966//912 
f 1062//1008 1144//1090 1061//1007 
f 1059//1005 962//908 963//909 
f 1058//1004 1057//1003 1059//1005 
f 1056//1002 1055//1001 1057//1003 
f 1054//1000 1053//999 1055//1001 
f 1051//997 1050//996 1053//999 
f 1052//998 1049//995 1050//996 
f 1049//995 1052//998 1048//994 
f 1047//993 955//901 956//902 
f 1046//992 954//900 955//901 
f 1045//991 953//899 954//900 
f 1044//990 952//898 953//899 
f 1043//989 951//897 952//898 
f 1042//988 950//896 951//897 
f 1041//987 949//895 950//896 
f 1040//986 948//894 949//895 
f 1039//985 947//893 948//894 
f 1038//984 946//892 947//893 
f 1037//983 945//891 946//892 
f 1036//982 944//890 945//891 
f 1035//981 943//889 944//890 
f 1034//980 942//888 943//889 
f 1033//979 941//887 942//888 
f 1032//978 940//886 941//887 
f 1031//977 939//885 940//886 
f 1030//976 938//884 939//885 
f 1029//975 937//883 938//884 
f 1028//974 936//882 937//883 
f 1027//973 935//881 936//882 
f 1026//972 934//880 935//881 
f 1025//971 933//879 934//880 
f 1024//970 932//878 933//879 
f 1023//969 931//877 932//878 
f 1022//968 930//876 931//877 
f 1021//967 929//875 930//876 
f 1020//966 928//874 929//875 
f 1019//965 927//873 928//874 
f 1018//964 926//872 927//873 
f 1017//963 925//871 926//872 
f 1016//962 924//870 925//871 
f 1015//961 923//869 924//870 
f 1014//960 922//868 923//869 
f 1013//959 921//867 922//868 
f 1013//959 1012//958 920//866 
f 1012//958 1011//957 919//865 
f 1011//957 1010//956 918//864 
f 1010//956 1009//955 917//863 
f 1009//955 1008//954 916//862 
f 1008//954 1007//953 915//861 
f 1007//953 1006//952 914//860 
f 1006//952 1005//951 913//859 
f 1005//951 1004//950 912//858 
f 1004//950 1003//949 911//857 
f 1003//949 1002//948 910//856 
f 1002//948 1001//947 909//855 
f 1001//947 1000//946 908//854 
f 1000//946 999//945 907//853 
f 999//945 998//944 906//852 
f 998//944 997//943 905//851 
f 997//943 996//942 904//850 
f 996//942 995//941 903//849 
f 995//941 994//940 902//848 
f 994//940 993//939 901//847 
f 993//939 992//938 900//846 
f 992//938 991//937 899//845 
f 991//937 990//936 898//844 
f 990//936 989//935 897//843 
f 989//935 988//934 896//842 
f 988//934 987//933 895//841 
f 987//933 986//932 894//840 
f 986//932 985//931 893//839 
f 985//931 984//930 892//838 
f 984//930 983//929 891//837 
f 983//929 982//928 890//836 
f 982//928 981//927 889//835 
f 979//925 888//834 889//835 
f 980//926 978//924 977//923 
f 978//924 976//922 975//921 
f 976//922 974//920 973//919 
f 974//920 972//918 971//917 
f 972//918 970//916 969//915 
f 970//916 968//914 967//913 
f 968//914 966//912 965//911 
f 966//912 1061//1007 964//910 
f 962//908 879//825 880//826 
f 961//907 878//824 879//825 
f 960//906 877//823 878//824 
f 959//905 876//822 877//823 
f 958//904 875//821 876//822 
f 957//903 874//820 875//821 
f 956//902 873//819 874//820 
f 955//901 872//818 873//819 
f 954//900 871//817 872//818 
f 953//899 870//816 871//817 
f 952//898 869//815 870//816 
f 951//897 868//814 869//815 
f 950//896 867//813 868//814 
f 949//895 866//812 867//813 
f 948//894 865//811 866//812 
f 947//893 864//810 865//811 
f 946//892 863//809 864//810 
f 945//891 862//808 863//809 
f 944//890 861//807 862//808 
f 943//889 860//806 861//807 
f 942//888 859//805 860//806 
f 941//887 858//804 859//805 
f 940//886 857//803 858//804 
f 939//885 856//802 857//803 
f 938//884 855//801 856//802 
f 937//883 854//800 855//801 
f 936//882 853//799 854//800 
f 935//881 852//798 853//799 
f 934//880 851//797 852//798 
f 933//879 850//796 851//797 
f 932//878 849//795 850//796 
f 931//877 848//794 849//795 
f 930//876 847//793 848//794 
f 929//875 846//792 847//793 
f 928//874 845//791 846//792 
f 927//873 844//790 845//791 
f 926//872 843//789 844//790 
f 925//871 842//788 843//789 
f 924//870 841//787 842//788 
f 923//869 840//786 841//787 
f 922//868 839//785 840//786 
f 921//867 838//784 839//785 
f 921//867 920//866 837//783 
f 920//866 919//865 836//782 
f 919//865 918//864 835//781 
f 918//864 917//863 834//780 
f 917//863 916//862 833//779 
f 916//862 915//861 832//778 
f 915//861 914//860 831//777 
f 914//860 913//859 830//776 
f 913//859 912//858 829//775 
f 912//858 911//857 828//774 
f 911//857 910//856 827//773 
f 910//856 909//855 826//772 
f 909//855 908//854 825//771 
f 908//854 907//853 824//770 
f 907//853 906//852 823//769 
f 906//852 905//851 822//768 
f 905//851 904//850 821//767 
f 904//850 903//849 820//766 
f 903//849 902//848 819//765 
f 902//848 901//847 818//764 
f 901//847 900//846 817//763 
f 900//846 899//845 816//762 
f 899//845 898//844 815//761 
f 898//844 897//843 814//760 
f 897//843 896//842 813//759 
f 896//842 895//841 812//758 
f 895//841 894//840 811//757 
f 894//840 893//839 810//756 
f 893//839 892//838 809//755 
f 892//838 891//837 808//754 
f 891//837 890//836 807//753 
f 890//836 889//835 806//752 
f 889//835 888//834 805//751 
f 888//834 887//833 804//750 
f 887//833 886//832 803//749 
f 886//832 885//831 802//748 
f 885//831 884//830 801//747 
f 884//830 883//829 800//746 
f 883//829 882//828 799//745 
f 882//828 881//827 798//744 
f 881//827 963//909 880//826 
f 879//825 796//742 797//743 
f 878//824 794//740 796//742 
f 877//823 792//738 794//740 
f 876//822 790//736 792//738 
f 875//821 787//733 790//736 
f 874//820 788//734 787//733 
f 873//819 784//730 788//734 
f 872//818 783//729 784//730 
f 871//817 782//728 783//729 
f 870//816 781//727 782//728 
f 869//815 780//726 781//727 
f 868//814 779//725 780//726 
f 867//813 778//724 779//725 
f 866//812 777//723 778//724 
f 865//811 776//722 777//723 
f 864//810 775//721 776//722 
f 863//809 774//720 775//721 
f 862//808 773//719 774//720 
f 861//807 772//718 773//719 
f 860//806 771//717 772//718 
f 859//805 770//716 771//717 
f 858//804 769//715 770//716 
f 857//803 768//714 769//715 
f 856//802 767//713 768//714 
f 855//801 766//712 767//713 
f 854//800 765//711 766//712 
f 853//799 764//710 765//711 
f 852//798 763//709 764//710 
f 851//797 762//708 763//709 
f 850//796 761//707 762//708 
f 849//795 760//706 761//707 
f 848//794 759//705 760//706 
f 847//793 758//704 759//705 
f 846//792 757//703 758//704 
f 845//791 756//702 757//703 
f 844//790 755//701 756//702 
f 843//789 754//700 755//701 
f 842//788 753//699 754//700 
f 841//787 752//698 753//699 
f 840//786 751//697 752//698 
f 839//785 750//696 751//697 
f 838//784 749//695 750//696 
f 838//784 837//783 748//694 
f 837//783 836//782 747//693 
f 836//782 835//781 746//692 
f 835//781 834//780 745//691 
f 834//780 833//779 744//690 
f 833//779 832//778 743//689 
f 832//778 831//777 742//688 
f 831//777 830//776 741//687 
f 830//776 829//775 740//686 
f 829//775 828//774 739//685 
f 828//774 827//773 738//684 
f 827//773 826//772 737//683 
f 826//772 825//771 736//682 
f 825//771 824//770 735//681 
f 824//770 823//769 734//680 
f 823//769 822//768 733//679 
f 822//768 821//767 732//678 
f 821//767 820//766 731//677 
f 820//766 819//765 730//676 
f 819//765 818//764 729//675 
f 818//764 817//763 728//674 
f 817//763 816//762 727//673 
f 816//762 815//761 726//672 
f 815//761 814//760 725//671 
f 814//760 813//759 724//670 
f 813//759 812//758 723//669 
f 812//758 811//757 722//668 
f 811//757 810//756 721//667 
f 810//756 809//755 720//666 
f 809//755 808//754 719//665 
f 808//754 807//753 718//664 
f 807//753 806//752 717//663 
f 806//752 805//751 716//662 
f 805//751 804//750 715//661 
f 804//750 803//749 714//660 
f 803//749 802//748 713//659 
f 802//748 801//747 711//657 
f 801//747 800//746 709//655 
f 800//746 799//745 707//653 
f 799//745 798//744 705//651 
f 798//744 880//826 797//743 
f 796//742 795//741 703//649 
f 794//740 793//739 795//741 
f 792//738 791//737 793//739 
f 790//736 789//735 791//737 
f 787//733 786//732 789//735 
f 788//734 785//731 786//732 
f 785//731 788//734 784//730 
f 783//729 687//633 689//635 
f 782//728 685//631 687//633 
f 781//727 683//629 685//631 
f 780//726 681//627 683//629 
f 779//725 679//625 681//627 
f 778//724 677//623 679//625 
f 777//723 675//621 677//623 
f 776//722 673//619 675//621 
f 775//721 671//617 673//619 
f 774//720 669//615 671//617 
f 773//719 667//613 669//615 
f 772//718 665//611 667//613 
f 771//717 663//609 665//611 
f 770//716 661//607 663//609 
f 769//715 659//605 661//607 
f 768//714 657//603 659//605 
f 767//713 655//601 657//603 
f 766//712 653//599 655//601 
f 765//711 650//596 653//599 
f 764//710 651//597 650//596 
f 763//709 647//593 651//597 
f 762//708 646//592 647//593 
f 761//707 645//591 646//592 
f 760//706 644//590 645//591 
f 759//705 643//589 644//590 
f 758//704 642//588 643//589 
f 757//703 641//587 642//588 
f 756//702 640//586 641//587 
f 755//701 639//585 640//586 
f 754//700 638//584 639//585 
f 753//699 637//583 638//584 
f 752//698 636//582 637//583 
f 751//697 635//581 636//582 
f 750//696 634//580 635//581 
f 749//695 633//579 634//580 
f 749//695 748//694 632//578 
f 748//694 747//693 631//577 
f 747//693 746//692 630//576 
f 746//692 745//691 629//575 
f 745//691 744//690 628//574 
f 744//690 743//689 627//573 
f 743//689 742//688 626//572 
f 742//688 741//687 625//571 
f 741//687 740//686 624//570 
f 740//686 739//685 623//569 
f 739//685 738//684 622//568 
f 738//684 737//683 621//567 
f 737//683 736//682 620//566 
f 736//682 735//681 619//565 
f 735//681 734//680 618//564 
f 734//680 733//679 616//562 
f 733//679 732//678 614//560 
f 732//678 731//677 612//558 
f 731//677 730//676 610//556 
f 730//676 729//675 608//554 
f 729//675 728//674 606//552 
f 728//674 727//673 604//550 
f 727//673 726//672 602//548 
f 726//672 725//671 600//546 
f 725//671 724//670 598//544 
f 724//670 723//669 596//542 
f 723//669 722//668 594//540 
f 722//668 721//667 592//538 
f 721//667 720//666 590//536 
f 720//666 719//665 588//534 
f 719//665 718//664 586//532 
f 718//664 717//663 584//530 
f 717//663 716//662 582//528 
f 716//662 715//661 580//526 
f 715//661 714//660 578//524 
f 712//658 576//522 578//524 
f 713//659 711//657 710//656 
f 711//657 709//655 708//654 
f 709//655 707//653 706//652 
f 707//653 705//651 704//650 
f 705//651 797//743 703//649 
f 701//647 700//646 566//512 
f 699//645 698//644 700//646 
f 697//643 696//642 698//644 
f 695//641 694//640 696//642 
f 693//639 692//638 694//640 
f 691//637 690//636 692//638 
f 689//635 688//634 690//636 
f 687//633 686//632 688//634 
f 685//631 684//630 686//632 
f 683//629 682//628 684//630 
f 681//627 680//626 682//628 
f 679//625 678//624 680//626 
f 677//623 676//622 678//624 
f 675//621 674//620 676//622 
f 673//619 672//618 674//620 
f 671//617 670//616 672//618 
f 669//615 668//614 670//616 
f 667//613 666//612 668//614 
f 665//611 664//610 666//612 
f 663//609 662//608 664//610 
f 661//607 660//606 662//608 
f 659//605 658//604 660//606 
f 657//603 656//602 658//604 
f 655//601 654//600 656//602 
f 653//599 652//598 654//600 
f 650//596 649//595 652//598 
f 651//597 648//594 649//595 
f 648//594 651//597 647//593 
f 646//592 508//454 510//456 
f 645//591 506//452 508//454 
f 644//590 504//450 506//452 
f 643//589 502//448 504//450 
f 642//588 500//446 502//448 
f 641//587 498//444 500//446 
f 640//586 496//442 498//444 
f 639//585 494//440 496//442 
f 638//584 492//438 494//440 
f 637//583 490//436 492//438 
f 636//582 488//434 490//436 
f 635//581 486//432 488//434 
f 634//580 484//430 486//432 
f 633//579 482//428 484//430 
f 633//579 632//578 480//426 
f 632//578 631//577 478//424 
f 631//577 630//576 476//422 
f 630//576 629//575 474//420 
f 629//575 628//574 472//418 
f 628//574 627//573 470//416 
f 627//573 626//572 468//414 
f 626//572 625//571 466//412 
f 625//571 624//570 464//410 
f 624//570 623//569 462//408 
f 623//569 622//568 460//406 
f 622//568 621//567 458//404 
f 621//567 620//566 456//402 
f 620//566 619//565 454//400 
f 617//563 452//398 454//400 
f 618//564 616//562 615//561 
f 616//562 614//560 613//559 
f 614//560 612//558 611//557 
f 612//558 610//556 609//555 
f 610//556 608//554 607//553 
f 608//554 606//552 605//551 
f 606//552 604//550 603//549 
f 604//550 602//548 601//547 
f 602//548 600//546 599//545 
f 600//546 598//544 597//543 
f 598//544 596//542 595//541 
f 596//542 594//540 593//539 
f 594//540 592//538 591//537 
f 592//538 590//536 589//535 
f 590//536 588//534 587//533 
f 588//534 586//532 585//531 
f 586//532 584//530 583//529 
f 584//530 582//528 581//527 
f 582//528 580//526 579//525 
f 580//526 578//524 577//523 
f 578//524 576//522 575//521 
f 576//522 574//520 573//519 
f 574//520 572//518 571//517 
f 572//518 570//516 569//515 
f 570//516 568//514 567//513 
f 568//514 702//648 566//512 
f 564//510 563//509 400//346 
f 562//508 561//507 563//509 
f 560//506 559//505 561//507 
f 558//504 557//503 559//505 
f 556//502 555//501 557//503 
f 554//500 553//499 555//501 
f 552//498 551//497 553//499 
f 550//496 549//495 551//497 
f 548//494 547//493 549//495 
f 546//492 545//491 547//493 
f 544//490 543//489 545//491 
f 542//488 541//487 543//489 
f 540//486 539//485 541//487 
f 538//484 537//483 539//485 
f 536//482 535//481 537//483 
f 534//480 533//479 535//481 
f 532//478 531//477 533//479 
f 530//476 529//475 531//477 
f 528//474 527//473 529//475 
f 526//472 525//471 527//473 
f 524//470 523//469 525//471 
f 522//468 521//467 523//469 
f 520//466 519//465 521//467 
f 518//464 517//463 519//465 
f 516//462 515//461 517//463 
f 514//460 513//459 515//461 
f 512//458 511//457 513//459 
f 510//456 509//455 511//457 
f 508//454 507//453 509//455 
f 506//452 505//451 507//453 
f 504//450 503//449 505//451 
f 502//448 501//447 503//449 
f 500//446 499//445 501//447 
f 498//444 497//443 499//445 
f 496//442 495//441 497//443 
f 494//440 493//439 495//441 
f 492//438 491//437 493//439 
f 490//436 489//435 491//437 
f 488//434 487//433 489//435 
f 486//432 485//431 487//433 
f 484//430 483//429 485//431 
f 482//428 481//427 483//429 
f 482//428 480//426 479//425 
f 480//426 478//424 477//423 
f 478//424 476//422 475//421 
f 476//422 474//420 473//419 
f 474//420 472//418 471//417 
f 472//418 470//416 469//415 
f 470//416 468//414 467//413 
f 468//414 466//412 465//411 
f 466//412 464//410 463//409 
f 464//410 462//408 461//407 
f 462//408 460//406 459//405 
f 460//406 458//404 457//403 
f 458//404 456//402 455//401 
f 456//402 454//400 453//399 
f 454//400 452//398 451//397 
f 452//398 450//396 449//395 
f 450//396 448//394 447//393 
f 448//394 446//392 445//391 
f 446//392 444//390 443//389 
f 444//390 442//388 441//387 
f 442//388 440//386 439//385 
f 440//386 438//384 437//383 
f 438//384 436//382 435//381 
f 436//382 434//380 433//379 
f 434//380 432//378 431//377 
f 432//378 430//376 429//375 
f 430//376 428//374 427//373 
f 428//374 426//372 425//371 
f 426//372 424//370 423//369 
f 424//370 422//368 421//367 
f 422//368 420//366 419//365 
f 420//366 418//364 417//363 
f 418//364 416//362 415//361 
f 416//362 414//360 413//359 
f 414//360 412//358 411//357 
f 412//358 410//356 409//355 
f 410//356 408//354 407//353 
f 408//354 406//352 405//351 
f 406//352 404//350 403//349 
f 404//350 402//348 401//347 
f 402//348 565//511 400//346 
o mesh3
f 97//4665 4437//4665 4438//4665 
f 97//4665 96//4665 4439//4665 
f 69//4665 4440//4665 4441//4665 
f 69//4665 68//4665 4442//4665 
f 68//4665 67//4665 4443//4665 
f 67//4665 66//4665 4444//4665 
f 4439//4665 4437//4665 97//4665 
f 95//4665 4445//4665 4439//4665 
f 93//4665 4446//4665 4447//4665 
f 93//4665 92//4665 4448//4665 
f 92//4665 91//4665 4449//4665 
f 91//4665 90//4665 4450//4665 
f 83//4665 82//4665 4451//4665 
f 82//4665 81//4665 4452//4665 
f 4442//4665 4440//4665 69//4665 
f 4444//4665 4443//4665 67//4665 
f 4439//4665 96//4665 95//4665 
f 95//4665 94//4665 4447//4665 
f 4448//4665 4446//4665 93//4665 
f 4450//4665 4449//4665 91//4665 
f 89//4665 88//4665 4453//4665 
f 88//4665 87//4665 4454//4665 
f 4452//4665 4451//4665 82//4665 
f 81//4665 80//4665 4455//4665 
f 73//4665 4456//4665 4457//4665 
f 73//4665 72//4665 4458//4665 
f 4443//4665 4442//4665 68//4665 
f 66//4665 65//4665 4459//4665 
f 4447//4665 4445//4665 95//4665 
f 4449//4665 4448//4665 92//4665 
f 89//4665 4460//4665 4450//4665 
f 4454//4665 4453//4665 88//4665 
f 84//4665 4461//4665 4462//4665 
f 84//4665 83//4665 4463//4665 
f 4455//4665 4452//4665 81//4665 
f 80//4665 79//4665 4464//4665 
f 78//4665 4465//4665 4464//4665 
f 78//4665 77//4665 4466//4665 
f 4458//4665 4456//4665 73//4665 
f 72//4665 71//4665 4467//4665 
f 4459//4665 4444//4665 66//4665 
f 64//4665 4468//4665 4459//4665 
f 63//4665 4469//4665 4468//4665 
f 63//4665 62//4665 4470//4665 
f 4447//4665 94//4665 93//4665 
f 4453//4665 4460//4665 89//4665 
f 86//4665 4471//4665 4454//4665 
f 86//4665 85//4665 4462//4665 
f 4463//4665 4461//4665 84//4665 
f 4464//4665 4455//4665 80//4665 
f 4466//4665 4465//4665 78//4665 
f 77//4665 76//4665 4472//4665 
f 75//4665 4473//4665 4472//4665 
f 74//4665 4457//4665 4473//4665 
f 4467//4665 4458//4665 72//4665 
f 71//4665 70//4665 4441//4665 
f 4459//4665 65//4665 64//4665 
f 4470//4665 4469//4665 63//4665 
f 61//4665 4474//4665 4470//4665 
f 61//4665 60//4665 4475//4665 
f 4450//4665 90//4665 89//4665 
f 4462//4665 4471//4665 86//4665 
f 4451//4665 4463//4665 83//4665 
f 4472//4665 4466//4665 77//4665 
f 4473//4665 75//4665 74//4665 
f 4441//4665 4467//4665 71//4665 
f 4468//4665 64//4665 63//4665 
f 4475//4665 4474//4665 61//4665 
f 113//4665 4476//4665 4477//4665 
f 113//4665 112//4665 4478//4665 
f 4454//4665 87//4665 86//4665 
f 4464//4665 79//4665 78//4665 
f 4457//4665 74//4665 73//4665 
f 4470//4665 62//4665 61//4665 
f 4478//4665 4476//4665 113//4665 
f 112//4665 111//4665 4479//4665 
f 106//4665 4480//4665 4481//4665 
f 106//4665 105//4665 4482//4665 
f 103//4665 4483//4665 4484//4665 
f 103//4665 102//4665 4485//4665 
f 4462//4665 85//4665 84//4665 
f 4441//4665 70//4665 69//4665 
f 376//4665 4486//4665 4475//4665 
f 376//4665 190//4665 4487//4665 
f 4479//4665 4478//4665 112//4665 
f 111//4665 110//4665 4488//4665 
f 109//4665 4489//4665 4488//4665 
f 109//4665 108//4665 4490//4665 
f 107//4665 4481//4665 4490//4665 
f 4482//4665 4480//4665 106//4665 
f 105//4665 104//4665 4484//4665 
f 4485//4665 4483//4665 103//4665 
f 4472//4665 76//4665 75//4665 
f 4487//4665 4486//4665 376//4665 
f 169//4665 4491//4665 4487//4665 
f 169//4665 114//4665 4477//4665 
f 4488//4665 4479//4665 111//4665 
f 4490//4665 4489//4665 109//4665 
f 4481//4665 107//4665 106//4665 
f 4484//4665 104//4665 103//4665 
f 4475//4665 60//4665 376//4665 
f 4477//4665 4491//4665 169//4665 
f 4488//4665 110//4665 109//4665 
f 4484//4665 4482//4665 105//4665 
f 100//4665 4492//4665 4493//4665 
f 100//4665 99//4665 4494//4665 
f 4487//4665 190//4665 169//4665 
f 4490//4665 108//4665 107//4665 
f 4494//4665 4492//4665 100//4665 
f 99//4665 98//4665 4438//4665 
f 4477//4665 114//4665 113//4665 
f 102//4665 101//4665 4493//4665 
f 4438//4665 4494//4665 99//4665 
f 4493//4665 4485//4665 102//4665 
f 4438//4665 98//4665 97//4665 
f 4493//4665 101//4665 100//4665 
o mesh4
f 4495//4666 4496//4667 4487//4667 
f 4497//4668 4495//4666 4491//4669 
f 4498//4670 4497//4668 4477//4671 
f 4499//4672 4498//4670 4476//4673 
f 4500//4674 4499//4672 4478//4675 
f 4501//4676 4500//4674 4479//4677 
f 4502//4678 4501//4676 4488//4679 
f 4503//4680 4502//4678 4489//4681 
f 4504//4682 4503//4680 4490//4683 
f 4505//4684 4504//4682 4481//4685 
f 4506//4686 4505//4684 4480//4687 
f 4507//4688 4506//4686 4482//4689 
f 4508//4690 4507//4688 4484//4691 
f 4509//4692 4508//4690 4483//4693 
f 4510//4694 4509//4692 4485//4695 
f 4511//4696 4510//4694 4493//4697 
f 4512//4698 4511//4696 4492//4699 
f 4513//4700 4512//4698 4494//4701 
f 4514//4702 4513//4700 4438//4703 
f 4515//4704 4514//4702 4437//4705 
f 4516//4706 4515//4704 4439//4707 
f 4517//4708 4516//4706 4445//4709 
f 4518//4710 4517//4708 4447//4711 
f 4519//4712 4518//4710 4446//4713 
f 4520//4714 4519//4712 4448//4715 
f 4521//4716 4520//4714 4449//4717 
f 4522//4718 4521//4716 4450//4719 
f 4523//4720 4522//4718 4460//4721 
f 4524//4722 4523//4720 4453//4723 
f 4525//4724 4524//4722 4454//4725 
f 4526//4726 4525//4724 4471//4727 
f 4527//4728 4526//4726 4462//4729 
f 4528//4730 4527//4728 4461//4731 
f 4529//4732 4528//4730 4463//4733 
f 4530//4734 4529//4732 4451//4735 
f 4531//4736 4530//4734 4452//4737 
f 4532//4738 4531//4736 4455//4739 
f 4533//4740 4532//4738 4464//4741 
f 4534//4742 4533//4740 4465//4743 
f 4535//4744 4534//4742 4466//4745 
f 4536//4746 4535//4744 4472//4747 
f 4537//4748 4536//4746 4473//4749 
f 4538//4750 4537//4748 4457//4751 
f 4539//4752 4538//4750 4456//4753 
f 4540//4754 4539//4752 4458//4755 
f 4541//4756 4540//4754 4467//4757 
f 4542//4758 4541//4756 4441//4759 
f 4543//4760 4542//4758 4440//4761 
f 4544//4762 4543//4760 4442//4763 
f 4545//4764 4544//4762 4443//4765 
f 4546//4766 4545//4764 4444//4767 
f 4547//4768 4546//4766 4459//4769 
f 4548//4770 4547//4768 4468//4771 
f 4549//4772 4548//4770 4469//4773 
f 4550//4774 4549//4772 4470//4775 
f 4551//4776 4550//4774 4474//4777 
f 4552//4778 4551//4776 4475//4779 
f 4496//4667 4552//4778 4486//4778 
f 4486//4778 4487//4667 4496//4667 
f 4475//4779 4486//4778 4552//4778 
f 4474//4777 4475//4779 4551//4776 
f 4470//4775 4474//4777 4550//4774 
f 4469//4773 4470//4775 4549//4772 
f 4468//4771 4469//4773 4548//4770 
f 4459//4769 4468//4771 4547//4768 
f 4444//4767 4459//4769 4546//4766 
f 4443//4765 4444//4767 4545//4764 
f 4442//4763 4443//4765 4544//4762 
f 4440//4761 4442//4763 4543//4760 
f 4441//4759 4440//4761 4542//4758 
f 4467//4757 4441//4759 4541//4756 
f 4458//4755 4467//4757 4540//4754 
f 4456//4753 4458//4755 4539//4752 
f 4457//4751 4456//4753 4538//4750 
f 4473//4749 4457//4751 4537//4748 
f 4472//4747 4473//4749 4536//4746 
f 4466//4745 4472//4747 4535//4744 
f 4465//4743 4466//4745 4534//4742 
f 4464//4741 4465//4743 4533//4740 
f 4455//4739 4464//4741 4532//4738 
f 4452//4737 4455//4739 4531//4736 
f 4451//4735 4452//4737 4530//4734 
f 4463//4733 4451//4735 4529//4732 
f 4461//4731 4463//4733 4528//4730 
f 4462//4729 4461//4731 4527//4728 
f 4471//4727 4462//4729 4526//4726 
f 4454//4725 4471//4727 4525//4724 
f 4453//4723 4454//4725 4524//4722 
f 4460//4721 4453//4723 4523//4720 
f 4450//4719 4460//4721 4522//4718 
f 4449//4717 4450//4719 4521//4716 
f 4448//4715 4449//4717 4520//4714 
f 4446//4713 4448//4715 4519//4712 
f 4447//4711 4446//4713 4518//4710 
f 4445//4709 4447//4711 4517//4708 
f 4439//4707 4445//4709 4516//4706 
f 4437//4705 4439//4707 4515//4704 
f 4438//4703 4437//4705 4514//4702 
f 4494//4701 4438//4703 4513//4700 
f 4492//4699 4494//4701 4512//4698 
f 4493//4697 4492//4699 4511//4696 
f 4485//4695 4493//4697 4510//4694 
f 4483//4693 4485//4695 4509//4692 
f 4484//4691 4483//4693 4508//4690 
f 4482//4689 4484//4691 4507//4688 
f 4480//4687 4482//4689 4506//4686 
f 4481//4685 4480//4687 4505//4684 
f 4490//4683 4481//4685 4504//4682 
f 4489//4681 4490//4683 4503//4680 
f 4488//4679 4489//4681 4502//4678 
f 4479//4677 4488//4679 4501//4676 
f 4478//4675 4479//4677 4500//4674 
f 4476//4673 4478//4675 4499//4672 
f 4477//4671 4476//4673 4498//4670 
f 4491//4669 4477//4671 4497//4668 
f 4487//4667 4491//4669 4495//4666 
o mesh5
f 4553//4780 4525//4780 4526//4780 
f 4526//4780 4527//4780 4553//4780 
f 4527//4780 4528//4780 4553//4780 
f 4528//4780 4529//4780 4553//4780 
f 4529//4780 4530//4780 4553//4780 
f 4530//4780 4531//4780 4553//4780 
f 4531//4780 4532//4780 4553//4780 
f 4532//4780 4533//4780 4553//4780 
f 4533//4780 4534//4780 4553//4780 
f 4534//4780 4535//4780 4553//4780 
f 4535//4780 4536//4780 4553//4780 
f 4536//4780 4537//4780 4553//4780 
f 4537//4780 4538//4780 4553//4780 
f 4538//4780 4539//4780 4553//4780 
f 4539//4780 4540//4780 4553//4780 
f 4540//4780 4541//4780 4553//4780 
f 4541//4780 4542//4780 4553//4780 
f 4542//4780 4543//4780 4553//4780 
f 4543//4780 4544//4780 4553//4780 
f 4544//4780 4545//4780 4553//4780 
f 4545//4780 4546//4780 4553//4780 
f 4546//4780 4547//4780 4553//4780 
f 4547//4780 4548//4780 4553//4780 
f 4548//4780 4549//4780 4553//4780 
f 4549//4780 4550//4780 4553//4780 
f 4550//4780 4551//4780 4553//4780 
f 4551//4780 4552//4780 4553//4780 
f 4552//4780 4496//4780 4553//4780 
f 4496//4780 4495//4780 4553//4780 
f 4495//4780 4497//4780 4553//4780 
f 4497//4780 4498//4780 4553//4780 
f 4498//4780 4499//4780 4553//4780 
f 4499//4780 4500//4780 4553//4780 
f 4500//4780 4501//4780 4553//4780 
f 4501//4780 4502//4780 4553//4780 
f 4502//4780 4503//4780 4553//4780 
f 4503//4780 4504//4780 4553//4780 
f 4504//4780 4505//4780 4553//4780 
f 4505//4780 4506//4780 4553//4780 
f 4506//4780 4507//4780 4553//4780 
f 4507//4780 4508//4780 4553//4780 
f 4508//4780 4509//4780 4553//4780 
f 4509//4780 4510//4780 4553//4780 
f 4510//4780 4511//4780 4553//4780 
f 4511//4780 4512//4780 4553//4780 
f 4512//4780 4513//4780 4553//4780 
f 4513//4780 4514//4780 4553//4780 
f 4514//4780 4515//4780 4553//4780 
f 4515//4780 4516//4780 4553//4780 
f 4516//4780 4517//4780 4553//4780 
f 4517//4780 4518//4780 4553//4780 
f 4518//4780 4519//4780 4553//4780 
f 4519//4780 4520//4780 4553//4780 
f 4520//4780 4521//4780 4553//4780 
f 4521//4780 4522//4780 4553//4780 
f 4522//4780 4523//4780 4553//4780 
f 4523//4780 4524//4780 4553//4780 
f 4524//4780 4525//4780 4553//4780 
